video_id,name,channel,category,views,likes,dislikes
cod_pLGV5GE,Maddox News - Crisis Actor Dipshit Conspiracy - Violent Video Game Ban - Robot Bullies,Maddox,Comedy,6979,335,339
HhRg51O_gV4,Parkland Crisis Actor Conspiracy Theory DEBUNKED,The Young Turks,News & Politics,165530,3407,2054
D6LddsrgqpM,"CRISIS ACTOR EXPOSED!!! #TAMMYMUSTGO",The Daily Show with Trevor Noah,Comedy,439905,12283,495
kSh4jYUlzO4,Milo And Alex Jones Digging In Florida Situation And Crisis Actors,OpenMind,News & Politics,5129,165,7
notEwvNsaqc,ALEX in STUDIO W/ MILO: CRISIS ACTORS! - ALEX JONES INFOWARS,INFO WARS NEWS,Entertainment,15159,585,96
aWu1EoBgMyU,The Problem With YouTube Crisis Actors - YouTube Messed Up,CrimsonStudios,Comedy,1310,174,19
qrr92Jns2Kc,ALEX & OWEN: CRISIS ACTORS! - ALEX JONES INFOWARS,INFO WARS NEWS,Entertainment,824,94,5
DL3omF0JpZs,Should We Address Crisis Actor False Flag Conspiracy Theories?,David Pakman Show,News & Politics,23926,854,42
9CVZr0lIgv8,David Hogg On  Crisis Actor  Conspiracies: Change Is Coming Regardless | Andrea Mitchell | MSNBC,MSNBC,News & Politics,63364,815,774
rY2zKhnumKg,CRISIS ACTORS and Censorship,RichieFromBoston,People & Blogs,32509,3611,63
RvKGmzEt4hM,Conspiracy Theory Claims Parkland Survivor A ‘Crisis Actor’ | NBC Nightly News,NBC News,News & Politics,10432,46,196
hnyv8F_hAQg,The Crisis Actors of the Florida School Shooting,Kill The State Live Free,Education,3270,43,16
tE9KKBAI7g0,Florida Shooting Survivor David Hogg Accused of Conspiracy,Inside Edition,News & Politics,179952,4017,691
fbBqW_Q4MUQ,The Truth About Crisis Actors In The Florida Shooting,audiobook,News & Politics,841,11,3
03uZswtv62Q,David Hogg Tells Anderson Cooper:  I Am Not a Crisis Actor,iBankCoin.com,News & Politics,12259,45,231
3i97DdqgwX4,CBSLA Interviews Parkland Shooting Survivor David Hogg,CBS Los Angeles,News & Politics,70121,228,986
dBIhN5QfcDk,Survivor David Hogg says he IS NOT a Crisis Actor | Trump’s son is called a “Conspiracy Theorist”,Jake The Asshole,People & Blogs,40225,514,138
gSfmq1RNspM,Hat der Amoklauf in Amerika nie stattgefunden? - Bezahlte Crisis Actor Theorie!,CreepyPastaPunch,Entertainment,63715,4122,537
B2h-Of4QvSk,What are  Crisis Actors?  | Stuff They Don t Want You to Know,Stuff They Don t Want You To Know - HowStuffWorks,Entertainment,349569,5594,686
Vc66hMppH2M,Mandalay Bay CRISIS ACTORs On Parade,RichieFromBoston,People & Blogs,243353,4938,678
uHy4uvLjWa4,T.I.   Faked Fake Crisis Actors and Gun Control - Hell s ALWAYS FASCINATIN !!!!,Your Radical Home Sista,Education,641,51,3
4GXl4Mm0uJY,Milo And Alex Jones Interview Jim Hoft About His Florida Crisis Actors Article,OpenMind,News & Politics,2340,110,12
7wHf_wu69q0,Crisis actors? False Flags?,Sage Wanderer,Autos & Vehicles,3114,107,12
maFQs8hrBgE,"Conspiracy Theories  #TwitterLockout and  Crisis Actors  | Mike Cernovich Periscope",Mike Cernovich,News & Politics,7107,314,101
QMP379VwFhM,Florida school shooting survivor says he is not a crisis actor,Artnewsive,News & Politics,6617,22,66
Iwymf-_lta8,TYT - 02.21.18: Blue Kentucky  Crisis Actors  and Porn Dangers,TYT Shows,News & Politics,5031,91,15
QmIrx9ey8u4,Crisis Actor - Sandy Hook  Boston Marathon and NOW Syria,Conflagration2100,Nonprofits & Activism,108681,,
anXdfUUDfzI,Las Vegas Shooting - Harvest 91 10/1 32nd Floor - Crisis Actor Dr. Phil Appearance,The Last Stand,News & Politics,55264,661,37
MQjHngbjEgY,ACADEMY AWARDS FOR BEST CRISIS ACTORS,tomcat8153,Education,3155,92,2
n-J-VS-588I,Republican Fired After Calling Victims Actors,The Young Turks,News & Politics,216468,4829,434
f3ML3c8KQ8I,VEGAS CRISIS ACTOR CAUGHT 2 TIMES. FALSE FLAG PROOF AGAIN. SANDYHOOK Podium LAUGHER/VEGAS BYSTANDER,JONNYY 5,News & Politics,29118,123,40
Af6E6QEcc_A,POP STAR CONSPIRACY THEORIES,shane,People & Blogs,5977516,204432,1386
jtfCNxSf5Bc,Sandy Hook Crisis Actor can t stop laughing about the  dead victims.,TheDudezer,People & Blogs,7957,87,13
s6KxSrHmnNk,We NEED Crisis Actors!,FkeBld,News & Politics,172,4,2
lf0Vm60wFdM,Update CNN Boston Crisis Actor Also Connected To The Sandy Hook Production,Mars Daniels,News & Politics,2881,25,0
Sr1oyK5lvqQ,School shooting survivors demand action on gun control,CNN,News & Politics,544913,3707,7771
ZxDeaaLrwTA,Body Language: How to SPOT a Crisis Actor,Bombard s Body Language,Entertainment,112838,3652,83
g19YbU7875k,CHRIS HURST:  Crisis Actor /Freemason-ILLUMINATI Media BECOMES US REPRESENTATIVE!!,The Black Child,People & Blogs,39105,1251,44
MSSSzmImh-M,Crisis Actors in Las Vegas,bobby sands,People & Blogs,22352,318,22
VD0n0uZwee4,Florida school shooting survivor:  I m not a crisis actor  | News News,news news,News & Politics,657,3,10
L3qCkvgEgFs,David Hogg CRISIS ACTOR PROOF,James Burns,People & Blogs,83,3,0
OXdALtZlYio,David Hogg and Goliath - David Hogg vs the NRA,Mitchollow,News & Politics,4156,75,67
OAbOUF1xovQ,BROWARD COUNTY SHOOTING AND CRISIS ACTOR EXPOSED! (JEWISH PSY-OP) (MIRROR),Sann Ingen 5,Nonprofits & Activism,76,20,1
lrK0-FWezyg,When Your Tragedy is Called a Hoax and You re Labeled Crisis Actors | After Truth,NBC Left Field,News & Politics,64672,108,191
zfR-UkdEA9Q,Harrison Hanks - Crisis Actor Extraordinaire,Facts are Antisemitic,News & Politics,389,19,1
aAux0FVJhrA,crisis actors proof,BLUE MARAUDER,Education,3913,35,8
VqPqfW2Y2LE,Parodia a los Actores de los Atentandos de Falsa Bandera // Crisis Actor,Iru Landucci // Nur para todos // Tierra Plana,Science & Technology,7417,414,22
RS1Ttq2cy30,Crisis Actor - Superstar,Tony D Oporto,People & Blogs,777,27,1
WweHQzZCoKQ,DHS Crisis Actors Are Real - Hidden Part of Department of Homeland Security Website,Patriot News Organization,News & Politics,26435,294,22
fxstqp3s5Ig,Sandy Hook  The Actor Getting Into Character - SHARE,UnitedCorpOfAmerica,Education,38125,152,14
trd_W23NEyA,Confirmed David Hogg is NOT a crisis actor,Scooby The Gambler,Entertainment,212,3,12
FES3FGJyASY,The Amtrak Crisis Actors,The Voice of Reason,People & Blogs,401,14,3
Ew7MhEsmHMc,Crisis Acting Crises  Antigun Paroxysms  Feigned Hysteria — Lionel on  Real News With David Knight,Lionel Nation,News & Politics,24625,1077,21
kHb92jT2e4I,WOW ! 911 Crisis Actor gets new name for LAX TSA Shooting,BeautifulGirlByDana,News & Politics,21239,180,18
Bulh-4wvAfM,Crisis actor Caught rehearsing on a Train,RichieFromBoston,Entertainment,54107,1569,47
gpjQ1yi4EB8,Parkland School Shooting Survivors Subject Of Conspiracies,CBS Los Angeles,News & Politics,25571,86,150
vo4pLKSo45M,BUSTED?! Crisis Actor Playing 2 Roles in Fort Lauderdale Airport Shooting HOAX?!,Martin D Metdubbelss,Nonprofits & Activism,2560,42,9
K9iDLaLWPcU,Pulse Crisis Actor TIARA PARKER On 1 Year Anniversary,HowISee TheWorld4,News & Politics,676,57,0
LoFd38lrQpc,Survivor: Trump Jr.  disgusting  for endorsing fake story,CNN,News & Politics,155602,1352,3566
BjPzy6q5SLs,CNN Crisis Actor Caught AGAIN 4th Time!,Badman,People & Blogs,4153,43,7
T6bbLLthWj0,Woman Crisis Actor Now in Oregon Stand Off Keeps Appearing at Big Events,kicktroolinface,Pets & Animals,848,33,0
HpouasaQx4U,Omar Mateen Employer G4S Is A Client Of Crisis Actor Company CrisisCast.Com,Victurus Libertas VL,People & Blogs,7181,97,7
bl0vR5vZ0GU,Possible Upcoming False Flags  Crisis Actor Recruitment - Steve Pieczenik s False Flag Warning,Secret Wars,News & Politics,2242,61,4
c_5_AV_MnWM,las vegas are you kidding me? crisis actor previously seen on fake news tv.,KASLOE THE PSYCHOE,Entertainment,2569,10,9
tFyxqIMVosI,PARKLAND SHOOTING: ANOTHER WEAK ASS FALSE-FLAG VICTIM/CRISIS ACTOR,TheHouseOfJoseph,News & Politics,694,6,3
M8hAplcH2AM,FLORIDA SHOOTER / CRISIS ACTOR OMAR MATEEN ADMITS MORE CRISIS=   MORE MONEY   !!!!,koshatim,Education,684,8,0
GLnmh2NV_zo,Terrible London Crisis Actor is from Oz,Johnny Supertramp 3,News & Politics,1495,70,3
jB-psbHF2os,New York City Halloween Islamic Terrorist Attack Scripted? Crisis Actor? Botch?,Michael Mitreski,Gaming,858,8,2
0_sBQG41ayM,Crisis Actor - Electronic Eye,Tony D Oporto,People & Blogs,1373,31,1
vWq5e2wGbGU,The David Hogg Q-Conspiracy Theory --- Crisis Actors  FBI Trump JR  2018 Coffee House,Coffee House,Entertainment,404,8,1
K6lcscs0iCI,Florida School Shooting COVER-UP: MSM ALL Ignoring THIS Witness (ALLEGED shooter HAS ALIBI!),Jason Liberty,People & Blogs,4639,75,4
Ucatuw5yfJ8,proof Hooters Casino Dealer is A Crisis Actor,bill1224601,News & Politics,12047,,
jLFcQ1y8pU0,Crisis Actor - Tor,Sanary Twink,Music,412,,
PlMLkKmPluw,Las Vegas Shooting FAKE CRISIS ACTOR!!! PART 3,Israelite Anime,Entertainment,1045,4,2
aPQf7fk97F4,Der Las Vegas-Anschlag ist FAKE! |Die Geschichte der   Crisis actor ..,levlonog,Entertainment,6758,175,86
ouMCVlJcc8o,Nekoma Complex - Crisis Actor,Nekoma Complex,People & Blogs,4261,30,8
cexML9ICLSI,Mandy Pifer  the multitask crisis actor in San Bernardino shooting hoax,Italian Hoax Watch,People & Blogs,550,9,1
o-zHxsc3fWw,Grenfell Tower Crisis Actor Residents  Lots of Donations but No Red Cross. Plus  Donation Frenzy!,Johnny Supertramp 3,News & Politics,6571,109,41
OdXsg6fAO5s,Planned Parenthood Shooting Hoax exposed crisis actor Nancy Kerrigan from 1994 Olympics fake attack,VeilLifter,Education,2503,31,8
9_wjn7AQgQw,Charleston Shooter - Actor & US Marine -  CRISIS ACTOR as JADE HELM stipulates.,MLordandGod,People & Blogs,6982,49,38
517-35iaCE0,ABC: SNL-Level Vegas Crisis Actor  Interview,Pizzagate Child Trafficking Rings Exposed,People & Blogs,271,,
MlFQy6LOw1I,Crisis Actors? David Hogg + Goodman (Jake Mophonios Rocks) | Def Vlog 7,Defango,People & Blogs,4303,224,41
x3ch1ajtwbc,Jimmy Kimmel on Florida Shooting Survivors Being Called Fake News,Jimmy Kimmel Live,Comedy,872626,21704,3769
jbOnnVspx8g,Crisis Actors Rehearse Terror Attack in Manchester  UK,Young Philosopher,News & Politics,128912,1148,141
vTP0F0o_dLE,Parkland shooting survivor:  I m not a crisis actor,TP Clips,News & Politics,493,0,3
HylIrzPCvKs,Was the Facebook Live Cleveland Ohio Killer a Crisis Actor featuring King Los,iAmBrotherPOLIGHT,Education,28344,505,235
Ud3WidrAHik,CALIFORNIA SHOOTING CRISIS ACTOR BUSTED REHEARSING LINES!!!,LacyBC71,People & Blogs,833,23,3
ziviO_2Hx0A,It s a miracle!! Crisis actor tells us how he was shot in the head.,AGAVE1969,Science & Technology,530,,
nqPAFBHyWD8,"#MorningMonarchy: Donald Trump  Crisis Actor?",Media Monarchy,Music,2162,109,15
eiuvqcd2dCc,Hire A Crisis Actor For Your Next Big Event! End Times - Deception,Shaking My Head Productions,People & Blogs,212,1,1
vhdFmL8_bHQ,What is CRISIS ACTOR? What does CRISIS ACTOR mean? CRISIS ACTOR meaning  definition & explanation,The Audiopedia,Education,754,,
gatfrPdu2mE,Zachary K. Hubbard new channel +YouTube censoring videos of crisis actor David Hogg +Google lawsuit?,ZACHARY K. HUBBARD 13,People & Blogs,960,44,2
hfr2DnyFSHE,Crisis actor busted in 4 fake news events,Raise a Little AL,People & Blogs,70,1,0
fX4IenTmWEQ,"Pulse Crisis Actor Angel Jazz Hands Colon is Now Public Enemy #1 (Truth Media Revolution)",Human Melody,Education,322,9,0
OQ8bIMW3zAo,Las Vegas Crisis Actor Exposed?? Is This The video proof? See it for yourself!,Martin D Metdubbelss,People & Blogs,328,14,1
Ta_YPfKTH9g,Which Crisis Actor Does the Best Gun Impression?,ObeLines,People & Blogs,882,40,1
tkMKrdywFVo,CNN Faking News for over 20 years. Boston Crisis Actor  lying about Iraq,PunkinHead,Education,5428,59,1
T0lv72lCT4M,Manchester Arena Crisis Actor Mother Makes TV Rounds  Gets Tattoo  Goes to Disneyland,Johnny Supertramp 3,News & Politics,574,27,0
6BOB11mJ75A,Fake News and Crisis Actors...What in the world is going on......,M Turner,Education,5450,91,5
qv5sbWVUt9M,California Crisis Actor Practicing His Lines,The Voice of Reason 2,People & Blogs,325,28,0
CboAsqaQlhU,Crisis actor David Hogg rehearsing for the big show,Jeffy Stevens,People & Blogs,20,2,0
C4S9TwCSz38,CRISIS ACTOR Mom Speaks at DNC and Youtube Comments LOL,Break Free T.V. ™,People & Blogs,193,8,0
WQ3z-UjlIdQ,NSA Leaker  Reality Winner  Crisis Actor Parents Cry FAKE Tears,Johnny Supertramp 3,News & Politics,2187,43,10
I40biKPSNqM,Stockholm Crisis Actor Catwalk,KudosThere ?,People & Blogs,261,2,0
Qz_ZQ9O2qFg,San Bernardino crisis actors,SuperEarther,Nonprofits & Activism,117,4,1
Mh_z6nwKVjA,Craigslist Ads For Crisis Actors,The Alex Jones Channel,News & Politics,31540,264,11
GsHL9OpVhLM,Boston Marathon Bombing Crisis Actor exposes her former elite employer must see,fastcloudcom pc gaming,People & Blogs,5583,38,16
6C7rNtfsBaQ,Same Crisis Actor Interviewed at LAX Shooting and 9 11 Twin Towers,mopar340dave,Entertainment,174,5,0
x3XMyhtoZg8,CONFESS CNN: CIA  Crisis Actor  At Boston Marathon and Suspect Shootout,AMENTI Investigations WILL OPEN YOUR EYE S,News & Politics,1299,9,0
E9AfmM-yovI,OSU  Another non-Shooting Hoax. Another Crisis Actor Exposed.,dr Meno,News & Politics,400,13,0
9zrb364KIJM,Charlottesville VA Alt-right Commenters choice  crisis actor?,Kaptain America,People & Blogs,2959,79,7
FIFBLwfnj2c,Confused Crisis Actor,Whiskey Leaks,Comedy,3042,100,3
LWe41EA8w8w,Orlando Shooting Crisis Actor....Why He is LYING!! Admits he  Stayed in Character !!,Concerned American,News & Politics,1369,88,3
7kIKhIqT6Y0,Grenfell Tower Fire Crisis Actor Laughing,Anarky,Entertainment,603,10,5
3ps2WNx3rV4,Crisis Actor Gene Rosen Busted.,Raise a Little AL,People & Blogs,94,0,0
aJWDy-MB1I4,Steve Harvey s Fake Tears/Apology Expose Crisis Actor s World,pocketsofthefuture,Howto & Style,6396,219,15
hQLoqj7IJCM,Crisis Actor - Pleasure Principle [Summer Isle],Vincent Glandier,People & Blogs,191,9,0
fq1jo8_ZDW4,Fake News Agenda Star David Hogg Not Crisis Actor His Own Live Video,Repeal Politics,People & Blogs,152,4,0
WRn4xHVFshs,Crisis actor busted in L.A Ex shooting & he was in 9/11 fake news as well,Raise a Little AL,People & Blogs,249,6,0
RH2whmPvtTI,Crisis Actor EXPOSED Our identity remains safe,SriLankerC,Education,1619,68,1
hMRHYfoi_qM,Sgt Major Dan Page as CNN Psyop Crisis Actor EXPOSED!,Gadaliah YasharA L Ben YAHUAH,People & Blogs,15398,74,31
8HuVJ3J45aE,RED ALERT!!! Craigslist - Crisis Actors Wanted - Florida  Colorado and Vermont  Beware!,Victurus Libertas VL,People & Blogs,6585,152,5
3QmYE6Mn_LM,Paris Attack 2017 - Crisis Actor  business man,Hocus Focus 911,Education,307,12,0
2bS8kZxtFfQ,CAUGHT! VEGAS CRISIS ACTOR WAS ON DR PHIL SHOW!,Larry Combs,People & Blogs,119,1,0
9bB_Qq3pVXA,Turkey Nightclub Shooting - Hoax/Fake Terror Attack - Crisis Actor Jake Raak 100% EXPOSED,Trust No Man,Comedy,6754,57,2
fhst_icATA8,Anderson Cooper Gets Mad At Orlando Crisis Actor! Must see.......lol,Don Parker,People & Blogs,477,8,2
qGniO6OWTN0,Banned video Manchester crisis actor (hilarious),Dutch Truth Hunters,People & Blogs,509,28,0
JgqnJmWfIGA,Las Vegas Shooting FAKE CRISIS ACTOR!!!,Israelite Anime,Entertainment,1781,18,4
iqmMirvaNm4,▶ James Foley FAKE Beheading CRISIS ACTOR ALERT! ISIS HOAX YouTube 144p,MokurenAwakened,Music,847,8,2
SsFYA8P0C80,brussels terror attack crisis actor Mason Wells was also in boston marathon attack.,eatthat,People & Blogs,1628,25,3
pG79chEcL30,Jade Helm Crisis Actor Orientation,Berean End Time Ministries,Science & Technology,664,8,0
32vmzKXRpz0,Donald Trump JR. Says Florida Crisis Actors,End Times Headline News,News & Politics,754,17,4
ykizC1SWGRg,WHITE LIVES MATTER CRISIS ACTORS,RichieFromBoston,People & Blogs,36162,1723,51
_r8fRcMX9IY,YouTube controversy persists over false conspiracy video about David Hogg,CBS News,News & Politics,15590,87,317
eypbpgMgpWM,Lemon Demon - Crisis Actors (2016),PB Chanel 1,Music,9198,129,0
JrzUuP_fOiE,Fake News: Crisis Actors: Oswald/JFK FAKE!?!?!?,Lone Eagle,People & Blogs,2737,75,10
2zVce34rcfo,Las Vegas  Mandalay Bay - Crisis Actor shooting victim  CNN Erin Burnett live interview - Hoax!,Flood Damage Restoration  LLC,People & Blogs,123,1,0
J3YU1o82HDg,BUSTED! Fake Ft Lauderdale Airport Shooting Crisis Actors EXPOSED!!,Jordon Rains,News & Politics,15717,100,21
gpEPF4OweQs,Silly NYC Halloween Terror Hoax Crisis Actors,brohi guddo,People & Blogs,302,10,0
KbJQak2sDmA,Russianvids - World Wide Crisis Actors,Zack Greevey,News & Politics,629,77,2
lOOH8Lwewxw,Teens fire back at smears: ‘I am not a crisis actor’,Aban Famous News,Entertainment,142,1,4
xxk2YUqPpb0,Paris Terror Attacks Crisis Actor?,Questioning Our Reality,News & Politics,785,3,0
6vedTjpftO0,Elicottero Massoneria Attacco Terroristico Londra | 322 Skull and Bones  e Crisis Actor _sub ita,Alpha Resch,People & Blogs,3835,51,8
2znXfkdQtbA,Crisis Actor at Nebulae,Alexander Hughes,Music,21,0,0
T72eMHhSIQI,Denver  CO: VisionBox Crisis Actors - Crisisactors.org,Sheila Allen,Education,17623,245,5
DYPpaqoA9Bc,Crisis Actor Demo Reel | Fake News Actor Sketch,Ben Jacob,People & Blogs,204,2,0
VZOyfv8vtW0,CRisiS AcTor,Lar Monade,Music,32,0,0
uJ2LpRG-OXQ,CRISIS ACTORS FOOL YOU RETARDED AMERICANS,MenofValorSouthCarolina,Education,43,5,0
DxGrkbZwiQE,The  Game  1997 Film Depicts  CRISIS ACTORS !!,The Black Child,People & Blogs,66395,1094,30
4p0guT3rVzo,A Brotherhood of Crisis Actors,ReinhardvonHolst,Nonprofits & Activism,1377,36,1
-5y8PtfKA14,9/11 Eyewitness - FOX Freelancer Harley Guy Mark Walsh,911InvestigationVids,News & Politics,214685,278,34
n8uGe4bO4RU,Shape Shifting Reptilian Crisis Actor EXPOSED!!,ComYxCon4LiFe,News & Politics,101,1,1
Uu9ox9CPpMg,The Kids From Florida Aren t Acting,The Late Show with Stephen Colbert,Entertainment,2139325,38021,1704
BJvQAjHO7Vc,Fake Syrian Propaganda Video Crisis Actor from Istanbul Shooting,WTFworld,News & Politics,211,3,0
NHyiW1eQAbM,EXPOSED: School Shooting Survivor Turned Activist David Hogg’s Father in FBI  Appears To Have Been,News Now TV,News & Politics,6242,63,24
0YlJCn7RoQ4,Debunking Alex Jones and Wolfgang Halbig s ludicrous Sandy Hook Conspiracy Theories,Myles Power,Science & Technology,30720,2187,286
8BqDniP1PH4,crISIS Actor tryouts 2017,Bobby Bang Bang,Music,21,1,0
-PbtPMEtakY,Paris False Flag 2.0 - Crisis Actor no. 1,salih ay,News & Politics,921,10,0
TxPrCyOifu0,Well-Known Crisis Actor Appears Trolling In Burns  Oregon Again,Scott Wilhelmsen,News & Politics,10270,130,33
8A9PF8WD9ok,Crisis actors sought on craigslist  in Vegas  for dates of Mayweather vs McGregor Fight,Secret Wars,News & Politics,4123,34,5
rqkxswgp5io,Crisis Actors for Hire - Steve Pieczenik s False-Flag Warning (VidArticle),NowTheTruthTV-15,People & Blogs,1899,57,3
oAVY4ZgF9wY,Actor Gene Rosen Crisis Actor.CEO Cable Advisory {{ In Links }},TheKimrob,Education,8497,64,5
QCjgnf1hNjc,Crisis Actors Website Gets Facelift,Mike WhoRu,News & Politics,1231,12,0
tSob6GY5VRs,Crisis Actor Caught For The Fifth Time In The San Bernardio Shooting Hoax!~,Mildred Glover,People & Blogs,86,0,0
9h7dPyxb44A,Trainwreck Massacre Crisis Actor Jillian Johnson and the Film Industry,NowTheTruthTV-6,People & Blogs,829,,
3mKBno2zNRc,Joseph Kent Crisis Actor,AwesomeOneReg,News & Politics,842,9,3
CyEcgeuc2Zo,Adventures in Atrocity Propaganda,Alexandra Bruce,Entertainment,1427,19,0
PffHRiGZdjU,Crisis Actors Who Didn t Make The Cut For Manchester Hoax! Channel 4 News Deleted It!,TruthMagnet P,People & Blogs,182,6,7
OvVFgLRrKvU,TEXAS CHURCH MASSACRE HOAX??!? MORE CRISIS ACTORS??!? FURTHER ANALYSIS PART 2,HouseOfFreewill,Entertainment,592,18,4
w_IXoeqTzlI,Crisis Actors Obama s Fake Tears What They Really Signify,pocketsofthefuture,Howto & Style,11024,371,9
2boqcyp_0BQ,Crisis Actor - Electronic Eye (Iszoloscope Remix),Psyklon Industries,Music,564,29,2
Nnfes_iJw14,Crisis Actor? What is a CRISIS ACTOR @JennyHatch,Jenny Hatch,News & Politics,8,0,0
FSHFpxFAhZA,CRISIS ACTORS CONSPIRACY THEORY | SHANN MICHELLE TV,Shann Michelle TV,People & Blogs,153,4,0
4h5OdnMrhUc,Grenfell Lightning Rod - Copper Wire Blue Flames Theory - Gas Pipe Crisis Actor Exposed,mental_boost,People & Blogs,5524,25,5
gcBMLpqrg-M,Mason Wells Crisis Actor,American Patriots For Peace,People & Blogs,1155,15,8
Yv3SZNBpp-w,"Comet Pizza Crisis Actor - sent to Legitimize #fakenews trope | #pizzagate is the TIP of Iceberg",PAYDAY MONSANTO,Nonprofits & Activism,939,78,0
TYjPuVZTJwM,Paulse Crisis actor busted,Raise a Little AL,People & Blogs,77,2,0
VaUlUbVgsWo,Crisis Actor - Rape Crisis Actor,Black Harvest,People & Blogs,609,12,2
8r2fVwhiWh0,ACFAU Buddy? Alleged CIA Crisis Actor BrainFungus=Lookalike YT NWO Agent Gangstaulker.,Apostle Laura Lee - Church of Philadelphia,Education,1513,30,8
shQSVhS0hLw,Crisis Actors Used at Sandy Hook! Special Report,The Alex Jones Channel,News & Politics,62935,635,88
FiSagLV3ZbU,CRISIS ACTORS EXPOSED IN EGYPT! MUST WATCH!,Bob Bobby,People & Blogs,715,6,1
9fvDGFlaAUw,Paris attack Crisis Actor Witness Restaurant..,Anthony 2 b.,People & Blogs,19491,130,37
1ragIRcm6j0,The Magic Star of Aurora - Chameleon Crisis Actor Exposed,Mike Sea,People & Blogs,1053,40,0
z-PuuTUUAoE,CRISISCAST.COM: Crisis Actors  Training  Planning & Strategy For Staged False Flag Events,WeaponizedNEWS.Com,News & Politics,1820,30,2
N7uDXuqhRPk,*LIVE*: Liddle  Bits! Ed.: QAnon  False Flags  Florida  Crisis Actors? Cryptos  of course!,Craig Mason s Reasonable Conversation Channel,News & Politics,87,15,0
TB3nJytznWo,Crisis actor loughed Manchester bombing false flag attack,Inasya L,People & Blogs,439,6,3
flTcRI-uMz8,Oregon Shooting Hoax Crisis Actor He is a lair..,Anthony 2 b.,People & Blogs,635,14,3
V79rT-zx7oE,Crisis Actor Interview- Look VERY Closely at Agents Overseeing Answers!!!,Agent S,News & Politics,3707,165,2
aqaLv9RZ5Ow,Real people vs Crisis Actors [False Flag/Hoax] [2016] ● In His Grace 🌸🌹🌻,In His Grace,Travel & Events,451,32,0
EfFHa6Rl7t0,Stephen Paddock Patsy- Trump Visits Las Vegas False Flag Crisis Actor ‘Victims’/ The Mock Ritual,TOTALECLIPSE Page,News & Politics,948,55,1
xv4lXoV1Na8,CRISIS ACTOR VICTIM OF STONEMAN SHOOTING BAD MAKEUP JOB,CHEMTRAILS R DEATHTRAILS,People & Blogs,3,0,0
DGe3hgN7Y9M,Grenfell Crisis Actor Witnesses Tell Fake Tales  Hundreds of Children Screaming,Johnny Supertramp 3,News & Politics,4605,45,83
EYSsVICOTBo,Las Vegas shooting hoax crisis actors are REPTILIANS,Son Goku,Gaming,2820,22,19
KxXUbe2eDEk,Worse than a Crisis Actor Jacob Raak Reina Nightclub Attack (Mirrored),Zero9Four,Music,546,9,0
QuB-iRSjDkk,Crisis actor Busted Gene Rosen Sandy Hook shooting Crisis Actor.,Raise a Little AL,People & Blogs,84,0,0
c8TqdXlhio4,Exposed Crisis Actors Being Filmed in Staged Iraq Car Bombing,Sleeping Apples,Comedy,518,5,0
oWP3_xJjSuA,Sandy Hook  Crisis Actor  Theories And The Big Picture,Press For Truth,News & Politics,6019,149,9
jgoUoPDC_lE,Teens fire back at smears: ‘I am not a crisis actor’,Aban Deutschland Nachrichten,Entertainment,48,1,1
004PGCxoQ3c,Mandalay massacre Vegas Shooting-False Flag-Crisis Actors?,OPBC Online,Education,3177,58,18
_C6t7QY_0Ho,Grenfell tower crisis actor caught on Sky News!!!!,Bob Marley,People & Blogs,1397,2,7
t4s8njdUmL0,ROCKSTAR EXPRESSIONS: CRISIS ACTORS,RYAN BACHATA ROCKSTAR,Gaming,17,1,2
DEKOQaiDKdc,DALLAS SHOOTING HOAX SHILLS BUSTER™ FULL EDITION - Large Group of Crisis Actors & Shills Exposed,futurevideo10,News & Politics,1391,,
hm_3Xs_CqNo,CNN - Charleston Church Massacre Crisis Actor Families Receive $3.2 Million Each,Citizen of Gotham,Nonprofits & Activism,1904,28,1
zFmtZluqGL8,Orlando Shooting False Flag Pulse Nightclub Shooting Sitora Yusufiy Crisis Actor,PacmannProductionsTv,People & Blogs,3846,41,2
lJvis8yYJYc,Car Bomb/Crisis Actors in Action in Baghdad Iraq/Question your Reality/Time To WAKE UP,madbarber13,News & Politics,172,6,0
TFZp9yXHfAk,False Flags And Crisis Actors In The Middle East: A Short Documentary,Fenius Farsaidh,People & Blogs,4224,48,1
f8feNBK-Q2k,Gene Rosen - Crisis Actor (lost audio restored),Robert Lawrie,Education,114,4,0
mrpY9X4qEzA,Is this the worst crisis actor?,Strange Name For A Band,Gaming,118,5,0
eKgyy5sVQgI,Lady Gaga & Sandy Hook Crisis Actor Psychological Warfare,Apostle Laura Lee - Church of Philadelphia,Education,3315,,
HW1q-rx-ke4,The Shocking FAKE Life of Elliot Rodger - Crisis Actor,Shelter Mouse,Nonprofits & Activism,11504,,
1n0av-EYZyE,CRISIS ACTORS WANTED,yyesic,Entertainment,786,24,2
sChAqfyOi7g,JFK CRISIS ACTORS,Juicebox Daily,News & Politics,72,2,1
c3CRCAJSr2U,False Flags  Staged Events  Crisis Actors  National Grief  Government Deception.,Steve Turgoose,People & Blogs,1008,47,1
aZFujefJhdw,EBOLA HOAX: NYT & CNN caught using CRISIS ACTORS! BANNED YOUTUBE VIDEO!,Tfc Drew,People & Blogs,1161,12,1
Y2jcdaLWE3A,Crisis Actors Perps are Planning Something BIG for Mandy & I SOON...😟🐶,False Flag Set Up,People & Blogs,366,7,5
y-vzLAGMzWo,HOGG STATES  IN NOT A CRISIS ACTOR,CHEMTRAILS R DEATHTRAILS,People & Blogs,11,0,0
2yPdYY4okgo,MASON WELLS 📹📷 MORMAN MASON - CRISIS ACTOR EXPOSED - FALSE FLAG HOAX,ConspiracyFiles YouTube,Education,1417,15,3
3fFWNmJMz28,What Exactly Is A Crisis Actor?,Tearstojoyministries.org,Music,93,2,0
u0rvQixNow8,Mark Walsh - Crisis Actor Pioneer,Facts are Antisemitic,News & Politics,5,0,0
XqaaUdNj3mI,Dallas Shooting Hoax Staged Fake Press Interview of Crisis Actors,question772000,People & Blogs,486,2,1
QXn-xlLjDTI,Crisis Actor - Actores de Crisis en Sandy Hook  Marathon de Boston y AHORA Syria,Desmontando a Babylon,News & Politics,2302,24,2
JJou11u32B0,Crisis Actors | Die Medien LÜGEN ?! | Fake News,HeyUnico,News & Politics,125,15,0
_36ZSPXf_0k,Sandy Hoaxer Hockley.An Idiot? Bad Crisis Actor? or BOTH?,Stacee Sharonda,Gaming,65,0,1
rJoVKNwmy-0,Fort Lauderdale Shooting Hoax - Mannequin  ATF Officer  Crisis Actors - 100% Proof,Trust No Man,News & Politics,510,26,0
jbTh1ZrA8SI,Crisis Actors of Duping Delight - TRAILER 6,Enoch Quran,News & Politics,3385,37,1
nTh8wv_K6ls,Orlando Shooting Hoax Crisis Actors Caught Off Guard,Justin Chapman,Entertainment,144,3,0
YTczTiDNw2Y,David Hogg,News Now Yucaipa,News & Politics,1684,11,30
-wOZ1-qmp5E,Mr Robot: The Patsy Is A Crisis Actor,ExplorerOne,Education,4231,86,7
LsenfV30HxE,Atos Crisis Actor,samdoubleagent,Gaming,200,3,1
gJJA0dv2Hb0,IBT Ep. 46 - Fan s Questions get weird  Crisis Actors  Olympic loopholes,Inappropriate Bar Talk,Comedy,43,2,0
G6f6CPF1NzI,Crisis Actor - The Dissonant Reality Show,Richard Grant,Music,1369,26,0
SjwCdnaUN10,MIRROR - Brussels Hoax False Flag // The Running Man Crisis Actor,Thomas Larsen,Education,261,8,1
vEOACtlw4Tc,Left Wing Crisis Actor Makes SBR,American SuperTramp,Howto & Style,31,3,7
zPK1l4y8cxk,Crisis Actors Exposed Part 1,LionWarrior28,Entertainment,3375,50,3
xb2WLnNf3E0,Nancy Lanza Is Crisis Actor Lindsey Pierce,Sam I Am,News & Politics,9531,15,42
Fe7GzncqH4k,Crisis Actors Exposed in Syria for US Imperialism,Jason Unruhe,News & Politics,2506,154,12
Yk7VrOi-92E,Crisis Actors NEEDED in The Midwest! What Why?,GLOP GodlovesOurPassion,People & Blogs,1068,26,1
lA8XCiT0Usc,Morgellons Willy Wonka Crisis Actor,michelle x,People & Blogs,405,,
GNcOl5wIJPg,ORLANDO FALSE FLAG! CRISIS ACTORS STOP CARRYING THEIR BUDDY AFTER THEY RE OFF CAMERA!,THE SAVE THE WORLD ARMY!,Nonprofits & Activism,44,2,0
yir-A2iVtX0,Recently there were ads on Craigslist for Crisis Actors IDK what 4 in Las Vegas TRUTH IS PEOPLE DIED,FOWLMOUTHPATRIOT RAH RAH USA,News & Politics,3620,27,14
vhs9hOngt8g,Mirror - Orlando Shooting HOAX Desperate Crisis Actor Fake Crying EXPOSED (Redsilverj),Mycousinsfriend Saiditsreal,People & Blogs,60,2,0
H7i0QkuIWSU,BUSTED!! Inconsistent?! Eric Frein False Flag Gun Grab? Crisis Actor!?,GhostofFawkes,People & Blogs,12977,41,44
eu-FgI40SIc,Nick Pugh - Crisis Actor,False Flag Events,People & Blogs,32,4,0
Y3whPFktuSs,Crisis actors,zadok Pride Deport those that hate,People & Blogs,10,1,0
Y4HUG8umowo,Paris Hoax : White Collar Crisis Actor Busted!,Hocus Focus 911,Education,270,4,0
8yqYWxCiUMI,Crisis Actors FAU Professor Tracey Speaks Out Sandy Hook Hoax,Mike WhoRu,News & Politics,7695,58,3
FSKrEVdSyl8,London Fire Crisis Actor Used in BBC,eXubeRant Rants,News & Politics,2047,10,26
V8F42W-zQRY,Crisis actors in a bit more detail a common theme (mirror),Gordon Bennett,People & Blogs,42,5,0
SjJ1cjzgttg,These Are The People Who Want To Ban Guns.,Angel Heart Studios,News & Politics,40336,830,47
JEYBM4nHbRs,"Snuff Films - Child Murder #Pizzagate Documentary",Pizzagate News,People & Blogs,154499,1868,124
Fh2_3WFEqYA,The Illuminati Are About To Make Their Final Move. (2018-2019),End Times Productions,Entertainment,777851,14678,801
T_xfhpNni0g,PizzaGate Explained,Political Juice,People & Blogs,145667,3881,730
tfd3xm3UEf0,WILL FERRELL & THE ROCK. PEDOPHILIA? HOLLYWOOD EXPOSED!,Jin Laihook,News & Politics,75689,929,169
PLshc4mmndc,Joe Rogan on the Florida Shooting,JRE Clips,People & Blogs,1472096,10038,3243
GoM2_0qvaIU,Student’s tearful tribute to slain teacher: He saved my life,CNN,News & Politics,830403,8830,774
Wy8YAagv60s,Infowars Employees Expose Alex Jones,Zionist Report,News & Politics,104901,1990,1299
ZxD3o-9H1lY,Florida student to NRA and Trump:  We call BS,CNN,News & Politics,2127830,64957,12322
QyZh2Wm5CQA,RED ALERT! Evidence Mounts Florida Attacks Is A Giant False Flag,The Alex Jones Channel,News & Politics,321878,5689,377
LOwcyNTsaZ4,"#DeathPenaltyFail: A Lethal Injection",Death Penalty Fail,Nonprofits & Activism,8967202,23382,20293
yW61tS8H66E,Florida school shooter s disturbing social media posts,CNN,News & Politics,3368930,16011,5357
1r-Lbj892KU,Florida school shooting suspect appears in court,CNN,News & Politics,2017932,10456,1169
fl1d4CvIxq8,Florida school shooting: Details emerge in timeline  what we know about suspect | ABC News,ABC News,News & Politics,1188347,10013,886
_HXYxi7vJ9s,Ivanka Trump HUMILIATES Joy Behar On Her Own Show With Ann Coulter,Conservative Network,News & Politics,780265,4224,1060
fTLhm_mdETI,Ben Shapiro On The Parkland Shooting,MagiCal HD,Film & Animation,376892,3825,1209
o67rVmZF0DM,These are the victims of the Florida school shooting,CNN,News & Politics,625928,6551,626
3F_vdCHlDds,Student Wounded In Florida School Shooting: My Friend ‘Didn’t Make It’ | TODAY,TODAY,News & Politics,1649729,24256,1381
VIVF65-HTlc,Florida shooting suspect Nikolas Cruz  confesses  as lawyer says he is broken by attack | ITV News,ITV News,News & Politics,4347235,25478,4675
pP3vKTw8gBg,5 Most Shocking Live Stream Suicides,GloomyHouse,Entertainment,4030584,13908,5903
T4cJTv12CT8,FAKE NEWS: Right Wing Spreading Parkland Shooter Propaganda,The Young Turks,News & Politics,222941,4225,1267
hMkYcwuBKsQ,Pizzagate and Beyond - The Big Picture,mk ultra is pure evil,People & Blogs,24803,573,24
dgh0VkOwYD0,"Hugh Hefner s Pedophile Empire Exposed #Pizzagate",Pizzagate News,People & Blogs,44036,877,57
K0v7yxczipo,Student says heroic janitor saved many lives during shooting,Fox News,News & Politics,903529,6041,1426
3wfPit-nLck,"Out of the Darkness Into the Light - Unseen Evil - MUST SEE #Pizzagate #Pedogate",Net4Truth USA,News & Politics,59948,1633,52
7-vFiHS8HC0,This Will CHANGE EVERYTHING You KNOW! Mind Control Facility! (2018),StrangerThanFiction,Education,846386,10129,1252
WZXxfEcwkJ8,Neighbour s footage appears to show Florida gunman Nikolas Cruz s shooting practice | ITV News,ITV News,News & Politics,1055511,4102,835
ujip4gnXH-A,Student recounts classmates being shot,CNN,News & Politics,1074231,8682,807
Z0vLiQLpsc8,Jimmy Kimmel on School Shooting in Parkland  Florida,Jimmy Kimmel Live,Comedy,3637341,88996,19947
BG0a04PX-zY,Ex-FBI agent breaks down over Florida school shooting,CNN,News & Politics,610768,4123,3139
pSPz6_NcW8g,Donald Trump Jr. Blames Victims Of School Shooting,The Young Turks,News & Politics,244001,5228,368
oXY1HSKzydU,I Survived The Florida Shooting  - Interview with a Marjory Stoneman Douglas student,Mumkey Jones,Film & Animation,96117,8657,119
EVrw7svZp-s,It s Called The 5G BEAST SYSTEM For A Reason (2018),TheScariestMovieEver,People & Blogs,350658,6143,265
_9haGZeXYew,Florida PARKLAND School Shooting: FBI  YouTube  Instagram KNEW SHOOTER WAS A THREAT,The Black Child,People & Blogs,100995,2534,120
5CAmrtAepfo,This Ex Cop Owns These Cops When They Try to Harass Him,Police Videos - SNN,People & Blogs,2748219,12098,4146
5j7-WFa2AJM,Video shows students hiding as shots are fired,CNN,News & Politics,4293095,22545,2819
BDYlfDf-K30,Warning From FEMA Liaison to GET READY!,Marfoogle Watutu News,People & Blogs,328378,3917,602
uFII41XSNVM,Parkland Shooting Has ALL THE TELL-TALE SIGNS of a False Flag: Timing  MK Ultra  Lone Wolf  Drills,Black Conservative Patriot,News & Politics,43108,1513,101
xgIJosk0pnA,17 dead in  horrific  high school shooting,ABC News,News & Politics,1800047,13277,619
xfsRvVvI3G4,As the Parkland students hid from the shooter these are the text messages they sent,Washington Post,News & Politics,562065,4471,483
BmcSsc0TZxU,Florida school shooting survivors recall shots  wounded classmates | ABC News,ABC News,News & Politics,442304,5106,342
ULxmLdpM1Og,HOLLYWOOD SATANIC SLAVES:  The Next Generation,The Black Child,People & Blogs,368339,5674,457
dAvpCE_xRyo,BREAKING! ZACH: TRUMP IN BUNKER  SUPERBOWL  VEGAS TIES  QANON - ALEX JONES INFOWARS,INFO WARS NEWS,Entertainment,90217,2444,54
F9KYKntfMG8,The Most SHOCKING Female Sex Offenders!,Pablito s Way,People & Blogs,527949,1639,346
B29Nq9ID4uE,What s In The Vatican Basement May Shock You!,Shaking My Head Productions,People & Blogs,525158,5417,944
J8QRMbg5bak,Shooting survivor slams Tomi Lahren s tweet,CNN,News & Politics,447208,5844,787
BtLv4ENdyZc,Kennedy Shot by Limo Driver Clear As Day; C 4 Urself Not TV Lies BEST CLAIRTY EVER!,Urban Prepper1,Education,16631,487,34
JN2E3hs2ktM,Untold Truth About Why History Was Told To You In Reverse,Dane Calloway,Education,2274289,37605,7171
sRQsFKBQIWw,[THE TRUTH] RAW FOOTAGE of Las Vegas Shooting Mandala Bay – Government Hidden Agenda?,Rank Up Now ARMY,Entertainment,37277,357,206
kivpB0PbdPw,Ben Shapiro Thoughts On The Florida Mass Shooting,Social Justice Fails,News & Politics,240125,3311,977
EeA7HOF27xY,The Truth About The Florida School Shooting and Nikolas Cruz,Stefan Molyneux,News & Politics,176205,6225,401
vKKMX4V_BR0,A NOBLE LIE - OKLAHOMA CITY BOMBING 1995 DOCUMENTARY,TRUTH RIZING,Education,28157,320,30
fZwwcwfbmdo,Florida school shooting suspect appears in court,CBS News,News & Politics,1185390,4919,1108
TVph16zTHxQ,The American Illuminati EXPOSED,End Times Productions,Entertainment,175799,4228,135
vw5FyPIgaj0,See the videos students took during the Florida school shooting,Washington Post,News & Politics,1936176,12259,1052
4DnKm981kW0,Florida School Shooting: The View Co-Hosts React To The Tragedy,The View,Entertainment,490323,3481,518
-nNZTnMczeo,Survivor: Trump didn t express empathy in call,CNN,News & Politics,161227,3434,957
GxcWgcZZPdU,Another Horrific Shooting | The Ben Shapiro Show Ep. 476,The Daily Wire,News & Politics,196610,3261,244
IR-_yiO89q4,Trafficking: Children  Weapons  Money  Drugs: Matt Bracken & Stan Deyo,The Official Hagmann Report,News & Politics,19920,534,10
X3ziP9JrlQk,MIND BLOWING CONSPIRACY THEORIES,shane,Comedy,6345547,510069,3043
HVZtHOQ5UtU,What You re About to Hear Will Truly Anger You!,Amplex,Entertainment,766799,11360,661
wrxaWKXYUqE,Something Strange Is Happening In The Adult Film Industry,The Vigilant One,Entertainment,574942,4876,885
fiuIgQJdzUo,Ex-Trump campaign aide Rick Gates pleads guilty,CNN,News & Politics,99022,1115,249
NB1qI7DrH6Y,SJW ( Social Justice Wizard) and the Arms Dealer (Private Sector Arms),Private Sector Arms,People & Blogs,481881,3943,206
-rQXX3Gxytg,Famous Child Celebs You Would NEVER Recognize Today,TheRichest,Entertainment,21554121,58597,21312
BsOAwnbQlDc,What They SECRETLY Told Us During The Grammys (2018),TheScariestMovieEver,People & Blogs,249149,7005,436
uCVDEEMZQec,Robert Mueller and his pursuit of justice,CNN,News & Politics,105992,1937,283
90slycuIG4w,Jeff & Cody Snodgres - Pt 2 - Waco  Janet Reno  The Clintons  Benghazi & More,Jeff Rense,News & Politics,41895,916,40
x04zdZwfgjo,School shooting survivor:  Kids were bleeding out everywhere,ABC News,News & Politics,1194555,12955,436
H2GVQINHfVM,Crowd jeers after CPAC speaker calls out Trump  Roy Moore,CNN,News & Politics,1943,228,38
XTKfV_kr5b4,New charges against Manafort in Mueller probe,CNN,News & Politics,90408,834,142
yVabjG6cKlk,YouTuber Perfectly PREDICTS Las Vegas 2 Weeks BEFORE the Incident!!,HighImpactFlix,Entertainment,350512,12818,876
vIebkbRZ8r8,Full Show - Evidence Unraveling A Giant False Flag At Florida High School Shooting - 02/15/2018,The Alex Jones Channel,News & Politics,88991,1278,266
bJB4CxrSQlU,"#QAnon / #BrendenDilley DROPS – NYC #Tsunami Warning?? NSA attacked? #Parkland FLA #FalseFlag?",Billy Joyce,Entertainment,29622,743,30
6P-Q6YU25y0,Ridiculous Inauguration Crisis Actor Interviewed + Funny Ending,HighImpactFlix,Entertainment,391951,12424,462
Oa0tSw2iV5o,If Politicians Won t Take Action  These High Schoolers Will,The Late Show with Stephen Colbert,Entertainment,1898170,47691,7998
rE9Eyx1B7zQ,Forbidden History - This is Who Made the Anunnaki & Nephilim,Leak Project,News & Politics,72239,1568,138
btxciF35Qnk,Trump s Twitter Spree After Robert Mueller s Russia Indictments,The Late Show with Stephen Colbert,Entertainment,1524821,17487,1002
0-WvD2_swno,HOME OWNERS WITH GUNS VS INTRUDERS FAIL COMPILATION,Right Wing,People & Blogs,375869,11066,403
-YTF3AwZebA,Florida school shooting suspect sent texts morning of shooting,CNN,News & Politics,1523787,6015,2489
DfN7K2LjC0s,Sarah  Huckabee  Sanders leaves reporter SPEECHLESS when answering on Trump s Bizarre Comments,CasonVids,News & Politics,445793,1886,879
s8oTnSNmnek,Don t Fall for These Disgusting Hoaxes Being Spread About Las Vegas Massacre,Complex News,Entertainment,128045,1239,1172
Dybe_9y7IF8,Comedy Central Works With CNN To Ban Infowars,The Alex Jones Channel,News & Politics,12691,759,75
o7LzPHrwjSU,Parkland Deputy Refused To Confront Shooter,The Alex Jones Channel,News & Politics,20774,990,31
xFWZHkv2OJM,Jared Kushner Has To Go,The Alex Jones Channel,News & Politics,18592,903,53
tYr6SmIQL5k,Full Show - RED ALERT! CNN Lobbying To Shut Down Infowars - 02/23/2018,The Alex Jones Channel,News & Politics,15682,885,49
I0Hua3HlvFY,Alex Jones: We Are Approaching Hitler-Level Censorship,The Alex Jones Channel,News & Politics,9722,503,68
IKGVp5WJo0U,The Globalist Takeover Of The Internet Intensifies,The Alex Jones Channel,News & Politics,7757,414,34
PPpIoYTqHVQ,Florida School Shooting: New Details About Nikolas Cruz Emerge | TODAY,TODAY,News & Politics,710960,3767,349
hyDum3l6mag,Alex Jones Responds To CNN’s Call To Ban Infowars On Youtube,The Alex Jones Channel,News & Politics,41239,3047,112
_Qi16I26wkk,Dr. Pieczenik: Cut The Cable To Destroy MSM’s Authoritarian Tactic Of Internet Censorship,The Alex Jones Channel,News & Politics,21008,1193,22
HYrW5yYEls8,The Tech Left War On Censorship Hits Into High Gear! Help Us Fight It!,The Alex Jones Channel,News & Politics,12476,824,83
WvCY6sgMcwo,Ancient Suppressed Scriptures Deciphered -  God is a Man Eater  Religion & Death Cults,Leak Project,News & Politics,19818,452,67
Mo-JcjfkwNs,MUST WATCH: CNN Openly Calls For Infowars To Be Banned From Youtube,The Alex Jones Channel,News & Politics,39499,2566,64
nnA64sVLx1Q,Will Chris Cuomo Be Arrested For Hit And Run Drunk Driving?,The Alex Jones Channel,News & Politics,32498,2556,38
ZuUKDAn-vjM,President Donald Trump speaks at CPAC,CNN,News & Politics,77308,877,590
uAgSnNir5ws,Alex Jones: Public Enemy No. 1,The Alex Jones Channel,News & Politics,8772,536,34
V3_Dsi4SP0Q,BOMBSHELL: News Corp CEO Admits He Wants INTERNET CENSORED So Mainstream Media Can Make More Money,The Alex Jones Channel,News & Politics,6378,415,20
rd9okfFJ1w8,BEYOND SOVIET UNION: CNN Joins NEWSCORP In Calls For Shutting Down Free Internet,The Alex Jones Channel,News & Politics,9289,923,24
9Zo02eclBss,INFOWARS: The Truth Is Viral,The Alex Jones Channel,News & Politics,5749,372,23
TA5B5Q2Sm2U,How To Argue With Liberals And WIN,The Alex Jones Channel,News & Politics,12740,1184,74
92VOPM8Jam0,Censorship of Conservatives Reaches New Peak,The Alex Jones Channel,News & Politics,7173,403,26
6pJdDU_Cz4M,Proof! CNN Using Child Actors On Air,The Alex Jones Channel,News & Politics,23847,1886,188
Xm6vHaEbBhk,Milo: MSM Is A Dying Dog  Most Dangerous Just Before Death,The Alex Jones Channel,News & Politics,8651,479,16
cFwCdFx5Z8M,I Spent The Day With An Adult Entertainment Company,BuzzFeedVideo,People & Blogs,1987404,32068,1737
cjo-d8jvkOA,This Millennial Brat is the Worst,The Liberty Hound,News & Politics,842160,11785,1173
nfTvFD_k2bc,Teacher On Florida Shooter: I Remember Him Being A Quiet Student (Full) | Velshi & Ruhle | MSNBC,MSNBC,News & Politics,283282,2807,174
8gKHkY51yD4,Free Speech Is Under Full Scale Attack!,The Alex Jones Channel,News & Politics,3989,287,43
Tmtn6wk4A5w,Florida Shooting: Here Is What They Are NOT Telling You… H-U-G-E,Lisa Haven,News & Politics,60256,2368,104
TR9mk-DbkGg,5 Strangest Photos NOBODY Can Explain!,Top 5s Finest,Entertainment,3683066,12478,2661
hUYYCprhuEQ,BREAKING! ZACH is BACK  TOP INFOWARS INSIDER! - ALEX JONES INFOWARS,INFO WARS NEWS,Entertainment,46648,1476,80
V_ij4beRVqI,Witness at Florida high school shooting speaks about attack,CBS Evening News,News & Politics,255253,974,409
HscwuZsm8_Y,Man dies in court,Ttoegedruk2,People & Blogs,118083,308,74
6X7cVDxYd6A,Tragedy at Sandy Hook Elementary School: What Happened During Newtown  Connecticut Shooting?,ABC News,News & Politics,3120155,15645,2387
m7NXfuMhIwc,What They Don’t Teach You About the Most Famous Scientists,Truthstream Media,People & Blogs,374575,8813,475
tM5ZdO-IgEE,Why People Think Sandy Hook is A Hoax,The Alex Jones Channel,News & Politics,788515,6841,643
DiUeUnkKEPA,"Florida High School Shooting - FIRST PHOTOS - #Parkland",Blackstone Intelligence Network,People & Blogs,31412,698,61
kID2eHZP4K0,Teacher hid 19 students during Florida school shooting,CNN,News & Politics,1384202,6813,744
o0x-vbOvkbw,"#Pedogate - Ritual Abuse Missing Child Case Blown Wide Open - Interview W/ Timothy Holmseth",Victurus Libertas VL,Entertainment,15091,575,17
aQN5GK3zbxA,Thomas Friedman s  Code Red  Warning About President Donald Trump | The Last Word | MSNBC,MSNBC,News & Politics,302745,4865,509
D7plDibrP1U,Father on  worst nightmare  of daughter trapped in school during shooting,CBS News,News & Politics,2727130,13184,1557
-cmaeYG3EIE,Victim s mother: President Trump please do something!,CNN,News & Politics,892057,8975,1828
xMU9jG3aV7g,Fmr. Trump Aide: President Donald Trump  Screws Everyone  | The Beat With Ari Melber | MSNBC,MSNBC,News & Politics,199004,1843,165
m2ZvxaSz5zk,America s Mass Shooting Problem EXPLAINED,The Young Turks,News & Politics,173355,3444,854
1TElb1VNP9g,The Mysterious Body in Mandalay Bay Casino - Las Vegas Investigation - Part 31,Blackstone Intelligence Network,People & Blogs,244474,2747,343
g5u2KBSYgBY,Feb 20 TUESDAY EVENING Dr. Jerome Corsi DECODE - DOES the TRUMP COUNTERATTACK start NOW? YES,Jerome Corsi,News & Politics,29599,1292,27
2m5JMevGZmg,Parkland student opens up about attending friends  vigil,Fox News,News & Politics,94443,989,92
bLiCf1aIk4I,8 Las Vegas Shooting Witnesses: DEAD A MONTH AFTER!,M. Mitchell,People & Blogs,29424,651,34
kDb5g1injI8,Cooper slams sick alt-right conspiracy theories,CNN,News & Politics,268633,3921,1871
rvaeRqVCCqE,MAGNETIC POLE SHIFT IMMINENT / WORLD TAKE OVER BY MACHINES HAS BEGUN,Scott Binsack,People & Blogs,22461,356,72
FI_fCBRicyY,Jim Carrey s Message from the Illuminati!,Jason A,News & Politics,3596798,27366,3290
J-BHxpViTJ8,10 Car Mods BANNED in America!,Modern Muscle213,Autos & Vehicles,2690128,16205,5977
HfDxmKquKag,Friends  families mourn Florida high school shooting victims,ABC News,News & Politics,402208,6836,202
x58j40CS6Vw,A Strange Parkland School Eye-Witness Most of MSM is Ignoring!,HighImpactFlix,Entertainment,94366,4601,90
8ofKl-ywE0s,Stelter: Trump sounds unhinged in tweetstorm,CNN,News & Politics,352927,3339,1254
14HHcA1mGc4,SECRET MESSAGES In Super Bowl Commercials DeCODED (2018),TheScariestMovieEver,People & Blogs,74150,3145,123
jWWl6senPvo,Shooting witness: There was blood  gunpowder and bodies,Fox News,News & Politics,64765,440,114
HeinYoVNXHs,They Subtly Inserted THIS Into MIB 4 Years BEFORE 9/11! WHY?!?,HighImpactFlix,Entertainment,710993,5287,2817
JGCnIwMBLtE,FAKE NEWS is going to go big time,RichieFromBoston,People & Blogs,26803,1795,57
auzNPt2HSwg,Las Vegas Shooting (did anyone notice this?),Ed Rusiackas,People & Blogs,876318,6604,785
MlBOxTRySTs,The agenda against being woke,RichieFromBoston,People & Blogs,26316,2401,40
qf8nxVNrBHE,Satanic Agenda Moves Forward by leaps and Bounds,RichieFromBoston,News & Politics,36001,2101,38
zGngh-1PcAI,We need to step it up mandmade ICE AGE is Happening,RichieFromBoston,Science & Technology,21904,1450,55
blTglME9rvQ,Jordan Peterson Is Canada s Most Infamous Intellectual (HBO),VICE News,News & Politics,574956,7745,38684
eT4XiCi3MoY,Most Important TRUTH there is GEO ENGINEERING,RichieFromBoston,Science & Technology,26413,2397,39
mIAmx6EPk3w,The Coming Anastrophe,Corbett Report Extras,News & Politics,33618,1299,50
EoLHQIVDcFI,Dollar per Mile tax  the NWO,RichieFromBoston,People & Blogs,22881,1287,22
vOrcijUvrWY,The World s Most Shocking Secret | Full Documentary (2018),Celebrate Truth,News & Politics,636372,6611,2291
RDB3vV37i-k,Murder On Russian Plane and Q,roypotterqa,News & Politics,60895,3328,396
zLsY6W-KaaM,Mind Control and Hollywood is just the start.,RichieFromBoston,Science & Technology,32099,1888,47
tFIh19NaCdE,Science Claims Geo engineering wont work,RichieFromBoston,Science & Technology,21222,1578,33
4nZD6WdsPdU,Boston Dynamics teaching its Robots to hunt you,RichieFromBoston,Science & Technology,17686,1249,33
EJpaMzq6Ecw,Sandy Hook Mom Calls For Legislation After Florida High School Shooting | Velshi & Ruhle | MSNBC,MSNBC,News & Politics,73106,743,154
TC05mYq_Lrc,Sources: Three other deputies did not enter school during shooting,CNN,News & Politics,20085,547,95
-2SIkbcElTs,3 winners have been picked and the winners ARE,RichieFromBoston,People & Blogs,8368,534,29
2XExNsQZZZM,Parkland student makes demand to lawmakers,CNN,News & Politics,354809,4193,1361
Nr17rPLZ5Ik,The 5G Beast Grid ( Babel s Rise From The Ashes )!,Watchman Of The Harvest,People & Blogs,125480,1906,102
1G6AEOzFo4c,Space cars  Robots and Drills.,RichieFromBoston,People & Blogs,26223,1784,48
uX207XCIOuw,School shooter s past 911 calls released,CNN,News & Politics,80414,761,182
swlpgKzTm2Y,Delta is distancing themselves from NRA,CNN,News & Politics,8254,510,181
vRri7uSSIZE,False Flags: Oklahoma city Bombing REVISITED....,NOMAD S NEWS,People & Blogs,22991,157,31
VwBxNmuzfxU,Las Vegas Eyewitness Posted Details on Facebook is Survived by Husband and Daughter,Headlines With A Voice,News & Politics,498348,4778,664
wU_FhPW9ZqE,Florida teacher gives Trump  detention  for rhetoric,CNN,News & Politics,20141,709,248
9bSks5A69qo,Tipster to FBI: Shooter  going to explode,CNN,News & Politics,36001,432,134
bue2YaVy2AY,Writer: The gun control debate could break America,CNN,News & Politics,10566,414,259
-7ITNuSymbA,GOP lawmaker: Banning AR-15 weapons could save lives,CNN,News & Politics,13013,391,340
tYd-xRSfUm4,Smerconish on school shooting: An epic intelligence failure,CNN,News & Politics,7389,193,76
0ETGUgG0qqk,Bizarre interview with Sandy Hook Student We heard all this racket Another Hoax,Mickey Rush,People & Blogs,1252079,2944,1036
lw-4ZjROjkY,Inside school where teachers carry guns,CNN,News & Politics,13754,314,104
EIGsgMNzCWc,Berman: Is Trump bending to the NRA?,CNN,News & Politics,12692,225,209
ZXDYPmc_Bf0,Trump: School security guards don t love the children,CNN,News & Politics,21855,192,453
ZQcaYYHqrUY,Parkland Shooting Survivors School Congress on Gun Violence: The Daily Show,The Daily Show with Trevor Noah,Comedy,1391445,40681,3619
doOztgjJBdY,The Best Explanation of What the FISA Memo Says  What It Means and How Mueller Will Be Destroyed,Lionel Nation,News & Politics,171780,10857,168
WAuc8XmBSa4,Shocking Video Shows Nikolas Cruz Firing BB Gun Months Before School Shooting,Inside Edition,News & Politics,731201,7191,472
OMoY0SoP_b0,Anderson Cooper: Trump is all about himself,CNN,News & Politics,482707,3575,1212
-JAagTDJ0qY,Anderson Cooper: Trump s  hoax  claim on Russia now weaker,CNN,News & Politics,421166,3286,2900
UCgSyokvd9M,Florida School Shooting Survivor Describes Horror In Detail:  This Is Not Acceptable!  | TIME,TIME,News & Politics,133145,1151,479
KfAzAUgs_Sc,Acceleration Radio November 8th  2017,L. A. Marzulli,News & Politics,26261,857,30
GZUKrohV7Es,GITMO @ MAX CAPACITY  ANOTHER PRISON IN PREP,True Lies,News & Politics,74989,3717,67
lax1jVNQaZU,QAnon 2/16/18 - MK Ultra CAUSED the Florida School Shooting  Cell Phone Tech and Psychotropic Drugs,Bill Smith,News & Politics,135668,2224,130
fMtql_WLGRM,Joe: Florida Governor Rick Scott Gets It Wrong On FBI Criticism | Morning Joe | MSNBC,MSNBC,News & Politics,150577,1840,228
x-MUM2GV8hg,The Florida School Shooting Story Changes | Nikolas Cruz Warning Signs,Stefan Molyneux,News & Politics,139963,5713,174
ffmgY22YNUk,FLORIDA NRA 02/19/18 Last Week Tonight with John Oliver,PodcastRealTimeWithBillMaher,Entertainment,1340146,5498,3402
XIBcI9xa61I,Psychologist: Florida Shooting Suspect Nikolas Cruz Showed Many Warning Signs | Megyn Kelly TODAY,TODAY,News & Politics,360968,2805,578
U1nUQR0Xuws,Florida Student Who Survived Shooting Describes Seeing Bodies | Megyn Kelly TODAY,TODAY,News & Politics,404049,2729,217
ZqRCKhJOKUU,Todays Rant ... A Mass Shooting In Las Vegas But ... Was It A False Flag Set Up?,Merrimour The Red,People & Blogs,258796,1458,646
ZrYEvKCoMUw,Bill Burr - Gun Control Solution(Mass Shootings),TheWishmaster,People & Blogs,157553,1340,664
7DYnozilFRA,Teen Helps Protect Classmates From Gunman In Florida High School | The Last Word | MSNBC,MSNBC,News & Politics,95012,648,62
4AtOU0dDXv8,Shooting survivor confronts NRA spokesperson Dana Loesch,CNN,News & Politics,2229256,32229,15923
bY5tTk388B0,A FEMA Secret Has Just Been Made Public! What They Don’t Want Out Exposed!,Lisa Haven,News & Politics,205611,3362,202
djCQmSk7c-8,Q Anon Feb 17 Update - Spread the Message Far and Wide,prayingmedic,People & Blogs,137302,2097,83
-91e_tqYnBY,MEGHAN MARKLE  GET OUT Part II: SHE DIDN T LISTEN  joins the ILLUMINATi,The Black Child,People & Blogs,348829,4337,467
CmY6Dqv4ytU,Governor Rick Scott details Florida gun law changes,CNN,News & Politics,14041,152,209
gUK-HM6ZXGA,Law & Order SVU: ILLUMINATi Freemason Media EXPOSED!,The Black Child,People & Blogs,144625,3060,222
VGO-nFcD_MQ,Vegas Crisis Actor was on Dr. Phil : Vegas shooting,Sameer in Holland,News & Politics,123870,1317,95
yxwNbQ8Abwc,Body Language: Censorship,Bombard s Body Language,Education,19674,1091,59
UY2NEnkFjI0,Former Student  Nikolas Cruz  In Custody After Florida School Shooting Leaves 17 Dead | TODAY,TODAY,News & Politics,389832,1862,169
ruYeBXudsds,Jimmy Kimmel on Mass Shooting in Las Vegas,Jimmy Kimmel Live,Comedy,9694457,225640,54366
2vO6UOQ2qqc,Three-Point Contest - Championship Round - Full Highlights | 2018 NBA All-Star Saturday Night,Ximo Pierto,Sports,4594527,18917,846
aAzQwARAo28,11.10 - Q Updates - Possible Arrests Tonight? & ANTARCTICA Info,Destroying the Illusion,People & Blogs,111617,4622,148
imUgPDZnZsc,"#MeToo: Hollywood Satanic Witches TakeOver!?",The Black Child,People & Blogs,183692,4213,364
MvdiAcwtiH4,URGENT!!!! London Terror Attack 2017 false flag operation exposed as HOAX  FAKE NEWS  MUST SEE 322,VeilLifter,Education,127223,761,300
QuaXRrf8v2A,Strange Things About the Las Vegas Massacre,Paul Joseph Watson,News & Politics,1621403,42766,3194
BCBYAWyFEqM,The Las Vegas Shooter Story Changes Once Again,Stefan Molyneux,News & Politics,384158,7323,681
lXvPPJoS1Q8,Why Can t You Just Do Your Job?  - Trey Gowdy Comes Down On CNN s Reporter,To Tell The Truth,News & Politics,412693,2961,401
ruCNOPsqm-s,Crisis Actor Las Vegas Psyop Freudian slip or intentional disinfo,WTF*America,Education,304421,2202,896
BMNhLquLUrs,Is Our Entire Reality Being Manipulated by Enki? Robert Stanley Breaks It All Down! Mr Unicus,Leak Project,News & Politics,62629,1258,200
DyJ5LNf-JeY,Newtown  CT (Sandy Hook) Pastor Comes Forward With Disturbing News!,Lyn Leahz,News & Politics,55655,1122,200
lD2e80vLjAI,Mk Ultra Glitches and Strange Behaviors,Knowledgeispower,Education,3638694,23153,4156
l3WHDmezxZU,Illuminati Shutting Down America - A Video You Need To See (2018 - 2019),Hedgehog,News & Politics,922545,6871,1154
g1qfzAaCAq8,You ll Never Guess Who s Funding Oppo Research Against Progressive Laura Moser,The Young Turks,News & Politics,72086,2091,90
yT7WMtdgdI4,Do the Anunnaki Control the Elite? Genealogy  Religion & Science Meet -  LaCroix   Campbell,Leak Project,News & Politics,43772,1078,91
-CinpOfxpFI,Las Vegas Shooting Conspiracy: What They re Not Showing You,Zero Doubt Zone,News & Politics,51257,901,49
x15CE3pUbRM,The truth in PLANE sight (2018 Documentary),Hibbeler Productions,Science & Technology,629075,9301,2327
d6NAMJ68DEU,Bush Family Secrets Exposed,Jay Myers Documentaries,Entertainment,51904,3153,41
Pkqc9IXVu6w,Americans Google Alex Van Der Zwaan As Robert Mueller Issues New Charges | Rachel Maddow | MSNBC,MSNBC,News & Politics,207947,2341,128
VVH3-usGNDQ,Florida high school student interviewed classmates during shooting,CBS News,News & Politics,180855,1310,568
MwudDfz1yAk,Alex Jones Final Statement on Sandy Hook,The Alex Jones Channel,News & Politics,525603,6286,2136
LiLiBFMUQ7s,Student calls out NRA spokeswoman: How dare you?,CNN,News & Politics,385225,5812,2108
5w-Ta-2pJwI,RIHANNA s RITUAL SEASON 2017!!!,The Black Child,People & Blogs,157939,3105,158
MjsvuHz6-nA,2017 in Review: TOP FREEMASON/ILLUMINATi Media MOMENTS 2017!!!,The Black Child,People & Blogs,408119,5717,430
RDsajRt2RLs,Las Vegas shooting false flag: Ex-CIA Robert David Steele speaks out,Kevin Barrett,News & Politics,341627,3213,445
8EQiruIJd5w,Woman from iconic shooting photo: I hate it,CNN,News & Politics,277586,2555,371
ruZhhr1rdhY,Surveillance video shows Florida gunman after shooting,CNN,News & Politics,491203,1554,554
ee-RT5jp768,Reptilians Hissing On Live TV - Compilation,Strange Things,Entertainment,137083,1296,215
163DeIOdkkg,Memory Transfer  Clones  Synthetics  Organic Robotoids and Doubles,Strange Things,Entertainment,38626,806,31
ehby1npFCnk,GHOST HUNTING IN A HAUNTED SHIP,shane,Comedy,4988664,331896,1707
Z679-UXft8M,"#2 Artifical Intelligence Lucifer s Haunted Mansion Extended Version HD by Nicholson1968",Nicholson1968,Education,62482,2253,70
2zGG1Hhb-bU,Dr Steve Pieczenik 2017❤INFORWARS WITH ALEX JONES NOVEMBER 6/2017,Dr Steve Pieczenik 2017,Science & Technology,3577,98,8
qg2nGY1aqlg,The Grisly Murders of Jack The Ripper,BuzzFeedBlue,People & Blogs,3994879,147572,1335
RSe1tbWicys,The Truth About the Black Panther Movie,Paul Joseph Watson,News & Politics,608611,47867,3413
uQQ9HoGgl_Q,Trump s State Of Affairs. . . Actual Affairs,The Late Show with Stephen Colbert,Entertainment,1691678,18955,549
IcHfAZ1IzNI,EPIC! Sarah Sanders SHUTS UP Joy Behar And Whoopi Goldberg In HEATED Argument,Conservative Network,News & Politics,2109856,9911,2522
Gwa8cez3Gfk,The Parkland  EVENT  - Something HORRIBLY OBVIOUS Everyone s Missing!,HighImpactFlix,Entertainment,98704,7161,197
6K7W-mY8b60,FLU  EPIDEMIC : ILLUMINATi VACCINE PROPAGANDA CAMPAIGN 2018,The Black Child,People & Blogs,50834,2286,38
PsMAbo__Y00,Jerome Corsi Live Stream,Jerome Corsi,News & Politics,26366,1958,26
nRXCpOKWqj0,Clues to the Next False Flag Attack,ZOD 44,People & Blogs,108040,1258,139
naPtALEy3M4,Florida School Shooter’s Guardians Say He Apologized to Them,Inside Edition,News & Politics,49323,1187,60
5ni_srMFPMc,Florida school shooting survivors rally for action on gun control,CBS News,News & Politics,107362,1125,968
2McQNCn5_tI,Donald Trump s CPAC Crowd Chants  Lock Her Up!  472 Days After Election | The 11th Hour | MSNBC,MSNBC,News & Politics,47356,482,165
9yIN-hTPJdU,Texas bigot runs into the wrong black man,bluedogsu,People & Blogs,6364063,18266,7931
L_wRnR-_B5g,The KING of Pop Michael Jackson Never Died - He Was CLONED! (2018),StrangerThanFiction,Education,254700,2810,529
XmsEItadpgM,Saudi  Bin Salman  Purchases PICTURE of THE ANTICHRIST? + THE SAUDI  PURGE,The Black Child,People & Blogs,98977,2643,129
VF1CnA1-PHM,No Sides Left : Top Trump Aide Pleads Guilty In Mueller Probe | The Beat With Ari Melber | MSNBC,MSNBC,News & Politics,177603,2553,140
P40ySuKFyFU,What Do I Get? : Tom Brady  grooming  Son?,The Black Child,People & Blogs,91178,2544,146
ZDNtEzD8ZL0,Blood Sacrifice Lifestyle UPDATE!: CHINX  killers  ARRESTED by NYPD?!!,The Black Child,People & Blogs,132211,1960,122
PyZiVvrJZBI,CRYPTOCURRENCY: ILLUMINATi attacks Bitcoin/CryptoScams/DOW JONES PLUNGES!,The Black Child,People & Blogs,55465,1745,54
1aKRPcWAfbw,Former Gang Stalking Private Security Spills on Program!,Richard Bruce,News & Politics,8426,263,13
UDv6gbV3pLg,Fritz Springmeier: CERN-Hoover Dam  Star Gates  Dimensions/Universes  Predictive Programming,From Illusion To Reality,People & Blogs,9782,198,12
U8A8KgBV6J4,Grenfell Tower: The man who escaped from the 14th floor,5 News,News & Politics,509193,4254,239
M1mDxHdF7qo,The  New ILLUMINATi:  Tech People; DATA CENTERS; SpaceX  Government Projects,The Black Child,People & Blogs,140760,3379,133
AVoe5SH_K8k,"Carly Novell & Delaney Tarr - Reforming Gun Laws with #NeverAgain - The Opposition w/ Jordan Klepper",Comedy Central,Comedy,160811,2958,252
6DQ1FeT0jUg,END-TIMES PROGRAMMING: MK-ULTRA ANTI-CHRIST  Call Back  Programming/ Black Awakening,The Black Child,People & Blogs,91319,2550,106
v2Y9dUKC-Mk,Slavery in Libya: ILLUMINATi De-Stabalization Campaign,The Black Child,People & Blogs,81343,2441,94
37xXn2gAuc8,"Matt Lauer FIRED at NBC. #DISCLOSURE2017",The Black Child,People & Blogs,61395,1959,62
GEOrY-h9RQM,REVERSE MUSIC: Subliminal Messages?  Khalid /ASAP ROCKY/Selena Gomez,The Black Child,People & Blogs,63430,1760,90
VWZS8-XtS4c,9/11 Actor Blooper,Apocalypse,Nonprofits & Activism,182083,711,226
A_Wsp12iL6g,Lucis Trust -The Occult World Peace Plan.. The United Nations,DoUSEEwhatEYEC,People & Blogs,46704,665,60
I0tmSFXWa3k,POPULAR CONSPIRACY THEORIES,shane,Comedy,7658574,616549,4165
pCT6IuT8DyM,BLIND DATE FOR MY CAMERAMAN!,shane,Comedy,4256566,354508,1335
1S3Pq3OvAxw,Michelle Malkin OWNS The View  Puts Ignorant Fool Joy Behar in Her Place,dlwke2,News & Politics,6663958,22953,3899
WvD7IYQv8B8,Grieving father to Trump: I m pissed,CNN,News & Politics,266525,3682,423
ErvxciJw8Qo,Millennials Are Becoming Witches (2017),TheScariestMovieEver,People & Blogs,118196,3618,321
YNKHXyo-76Y,BLACK PANTHER:  The ANCESTORS   Ukanda  AFRICAN-AMERICANS RANT/REVIEW,The Black Child,People & Blogs,63544,2031,280
DSULeBiKocE,Feb 18 Sunday Dr. Jerome Corsi DECODE - Obama $1.7B to IRAN in cash TREASON INVESTIGATION EXPANDS,Jerome Corsi,News & Politics,23547,923,13
M2K5YxvpUoI,Contact Hypothesis May Be Cause For Concern For NRA | MTP Daily | MSNBC,MSNBC,News & Politics,7359,107,12
sl1lToRYd44,School Shooting Survivors Vs. NRA Spokeswoman,The Young Turks,News & Politics,227887,6239,772
SycxBGAyOMg,Is Hillary Going to JAIL?!,The Black Child,People & Blogs,141674,3719,150
Ku-GtdalD1I,Rick Gates Guilty Plea Rounds Out A Busy Week Of Indictments For Mueller | Rachel Maddow | MSNBC,MSNBC,News & Politics,77242,1247,68
KRhDXucGFt8,How will Rick Gates  Guilty Plea Impact Paul Manafort? | Velshi & Ruhle | MSNBC,MSNBC,News & Politics,62179,878,23
Ky89ey2Vd5Q,Robert Mueller Probe: Who Could Be Next? | The Last Word | MSNBC,MSNBC,News & Politics,40380,543,31
owdjc8C3Jro,Special Counsel Robert Mueller Files New Charges Against Paul Manafort | MSNBC,MSNBC,News & Politics,20800,285,9
yriTFI3UDyM,Jeremy Bash: President Trump s  Deference To Russia Makes No Sense  | MTP Daily | MSNBC,MSNBC,News & Politics,13414,238,11
AiyVkL6sVts,False Flag Operations...,Shill Stoppers,Science & Technology,14785,232,14
MCV7YHA5LIE,Kasich & Walker: Tackling Gun Control  Governors Defer To States To Decide | MTP Daily | MSNBC,MSNBC,News & Politics,4578,38,21
NI-zjCfJa-g,Meet The Victims of the Parkland  Florida School Shooting | What s Trending Now!,What s Trending,Entertainment,510260,4655,271
xhDKtWTT1yI,WOW! Ana Navarro RAINS HELL on Meghan For Questioning If She s A REAL Republican,aDDmoreJuice,News & Politics,701882,4538,711
i9p86_Hdrys,Draining the swamp  will it work??,RichieFromBoston,People & Blogs,24555,2106,65
svsHMcqSxo0,Q ANON: Latest New Posts... Target Subjects Are Scouted,JustInformed Talk,News & Politics,85977,2033,65
I7f-Xngpfi8,"Hunter S. Thompson Exposed as Child Murderer #Pizzagate",Pizzagate News,People & Blogs,176911,1667,553
WZKMSyyvUEI,The exhausting first year of Donald Trump presidency - Last Week Tonight with John Oliver,Oliver,News & Politics,397205,1387,280
BJB9FSeGeiw,Son of  The Man in the Window  Grenfell Tower Victim Speaks Out | Good Morning Britain,Good Morning Britain,Entertainment,228272,1277,121
F4DxhKdqkw4,"NEW Q  JEROME CORSI #QAnon ANALYSIS (2-23-18) (pt1) QAnon NEWS! - ALEX JONES INFOWARS",INFO WARS NEWS,Entertainment,10943,277,11
elDxWwf1v-0,Donald Trump Pick To Head Indian Health Service Lied About Experience | All In | MSNBC,MSNBC,News & Politics,8223,142,6
2Uud-OQn56E,Radio Legends “Stretch And Bobbito” Take Over “Fallback Friday” | The Beat With Ari Melber | MSNBC,MSNBC,News & Politics,3160,34,3
3u6X11647qI,John Kasich :  Of Course We Should Ban Bump Stocks  | MTP Daily | MSNBC,MSNBC,News & Politics,2342,27,10
t4BC2Hx5Wu4,EXPOSING MY SECRET CAMERAMAN!,shane,Comedy,3852519,340836,937
8tgQ75GxAZk,911 Jumpers (Warning: Age Restricted Video) 9/11 Plane Crashes World Trade Center Towers Sept 11,Destitutebroadcast,News & Politics,27706351,57065,11698
PEKylVn4Mhs,The 5 Most Hilariously Drug-Fueled Celebrity Interviews Ever - The Spit Take,Cracked,Comedy,4899542,18980,18131
BdjahybIrzI,Classmates of Florida Shooter Say They Suspected Him | Good Morning Britain,Good Morning Britain,Entertainment,953421,4139,717
9SmVDLARkIs,Say Hello To My Little Marco,The Young Turks,News & Politics,115473,3099,154
WW07lptHxig,Trump Can t Comprehend New School Safety Plan,The Young Turks,News & Politics,106786,2649,166
S1ZxlSWB6xc,School Shooting Survivors Aren t Buying Trump s Bullsh*t,The Young Turks,News & Politics,88564,2554,203
Gst2pwtzz1w,7 CONFIRMED False Flag Attacks,Strange Mysteries,Entertainment,136481,2354,145
a_p_PdqjVvI,Why did the fire at Grenfell Tower spread so quickly? - BBC Newsnight,BBC Newsnight,News & Politics,221089,650,161
bDb_M2SmTH0,24 HOURS OVERNIGHT IN A HAUNTED HOTEL,shane,Comedy,5539192,360903,2341
FCPDcIQstr8,24 HOURS OVERNIGHT IN A HAUNTED GHOST SHIP,shane,Comedy,4712906,341964,1588
v33Vx2eJBqg,Trump Blames  Coward  Security Guard For Not Stopping School Shooting,The Young Turks,News & Politics,112658,3218,360
ow9CUprddJQ,Wayne LaPierre Blames Socialism During School Shooting Speech,The Young Turks,News & Politics,97276,2835,220
qt2nyBGp6l4,Republican Governor Proposes Gun Control Measures,The Young Turks,News & Politics,35942,1360,150
h1yos5gbRGE,Internet Shows Florida Shooting 2 Days BEFORE Event,EPHESIANS 6:12,Education,30029,565,18
dBWtvzgPl-A,Dana Loesch NAILS IT at CPAC 2018,INFO WARS NEWS,Entertainment,2304,316,4
PmC_z8OLXzY,GHOST HUNTING IN A HAUNTED HOTEL,shane,Comedy,4735115,310871,1651
RcMvyGeV_6w,I DESTROYED MY BOYFRIEND’S G-WAGON!,shane,Comedy,4008158,275971,1515
7Rl4HbjTCzE,Surviving Sandy Hook (Full Documentary) - Real Stories,Real Stories,Education,1695650,15174,3026
DzNwinmBawo,The FBI came to visit me today about Nikolas Cruz,BenTheBondsman,People & Blogs,790135,12515,1029
_UbAgq3u6lQ,50. The 3 Coming False Flag Attacks,TruthNeverTold,News & Politics,1352427,10339,654
asc5hcs7CNM,Teacher Who Hid Students From Florida Shooter: ‘We’re Failing Our Children’ | TODAY,TODAY,News & Politics,485943,3403,240
xzdahHxElbU,Florida School Shooting: Who Are the 17 Students and Teachers Killed,Inside Edition,News & Politics,121649,2580,76
NnlsfxYDbLE,Russian Olympian Wears Very Ironic Shirt,The Young Turks,News & Politics,60020,1581,300
orRX1KzPIUI,Trump Appointee Ushers In Kleptocrat Golden Age,The Young Turks,News & Politics,59400,1448,57
x8hz0Ltxh7s,VEGAS UPDATE DR. JAMES FETZER AND SCOTT BENNETT,Project Camelot,Science & Technology,51270,863,98
b_9dVFiZCC8,Teacher & Former Marine On Arming Educators:  I Think It’s A Horrible Idea  | Velshi & Ruhle | MSNBC,MSNBC,News & Politics,36537,841,36
_Ukt78fniho,The Young Turks LIVE!,The Young Turks,News & Politics,16224,210,144
X7wtG7bKsLI,NEW! JEROME CORSI QANON REPORT (2-24-18) Q ANON  ALEX JONES INFOWARS,INFO WARS NEWS,Entertainment,1213,153,1
LLGnsRRgeIg,Ryan Grim On Marco Rubio s (Valid) NRA Talking Point,The Young Turks,News & Politics,1053,108,9
SPZFN6VFFow,The brother of Las Vegas gunman Stephen Paddock speaks for a second time,CBS News,News & Politics,2465661,7189,3332
Kwt581mBxNM,THE GRAMMY AWARDS 2018 ILLUMINATI EXPOSED... (MUSIC),A Call For An Uprising,Music,405217,5227,634
O7DrZnWlF-M,Florida high school shooting survivors:  He shot through my door,Guardian News,News & Politics,666053,5119,177
lGMvquiqyoc,QAnon 2/13/18 - Barack Obama s Presidential Portrait - How to Deflower a Nation,Bill Smith,News & Politics,132366,3429,297
hzWE0o9QUcA,Haunting images show classrooms after deadly Florida school shooting,ABC News,News & Politics,368013,3220,205
Alo6KvAOjY0,Mining Safety Chief Deciding Whether to Settle Suit His Own Group Filed,The Young Turks,News & Politics,51210,990,43
y4KwpaAqsoc,STEVE PIECZENIK: BANNING INFOWARS  ALEX IN PADDED ROOM! - ALEX JONES INFOWARS,INFO WARS NEWS,Entertainment,7123,611,19
rlnLRMeRl-c,Fossil Fuel Giants Have Some Big Problems Ahead Of Them,The Young Turks,News & Politics,7395,503,20
XVxxaqeqejc,DOUG HAGMANN: D.C. PEEPS GOING TO JAIL! - ALEX JONES INFOWARS,INFO WARS NEWS,Entertainment,3017,300,2
Wm2imyYFzeA,Senator Amy Klobuchar: Now Is A Major Moment For The GOP For Gun Reform | Morning Joe | MSNBC,MSNBC,News & Politics,24976,240,16
VzOPx9HNzHw,HIGHLIGHTS From The Young Turks Sweet 16 Party,The Young Turks,News & Politics,1280,105,23
jfmxs2ecPUU,REMEMBER  WE HAVE BEEN CONDITIONED! - ALEX JONES INFOWARS,INFO WARS NEWS,Entertainment,546,60,0
56aK7O_CdQo,Melania Trump Is Being Abused By Donald Trump PROOF.,DISCOVER UPDATE NEWS,News & Politics,8944397,30855,15771
RsanqTv59IU,The 3 Coming False Flag Attacks,Worlds Best Videos,People & Blogs,319051,3150,261
op2l7YI6Hl4,Trump REALLY Wants To Arm Teachers,The Young Turks,News & Politics,99472,2812,307
IYHNVS9vFDI,Florida school shooting victims identified as families  community grieve,ABC News,News & Politics,170180,1532,81
NXrCOuKXI_Y,"#Q #QANON - SHADOW GOV AGENT BUSTED! - #thestorm #theawakening",Timothy Holmseth,News & Politics,49417,1419,257
9Q_Kzy3dZqM,Did Russian Trolls Hand Trump The Election?,The Young Turks,News & Politics,10665,713,472
qrDkKNwHKbk,BREAKING!! 2 YOUTUBE STRIKES AGAINST (INFOWARS) YOUTUBE REMOVING CHANNEL - ALEX JONES INFOWARS,INFO WARS NEWS,Entertainment,4178,474,11
8mA_M4PaSOU,Prez Trump Delivers Remarks at CPAC  02-23-18 - ALEX JONES INFOWARS,INFO WARS NEWS,Entertainment,2545,232,3
2Ke7dsoHgMc,ALEX PISSED! MILO RESPONDS  CENSORSHIP! - ALEX JONES INFOWARS,INFO WARS NEWS,Entertainment,651,82,1
ZaLh74eXTDo,CNN town hall in wake of Florida school shooting,CNN,News & Politics,506409,7969,3386
m1yfJDCMU64,Sofia Smallstorm Unraveling Sandy Hook,IonUCanada,News & Politics,543056,4736,466
vDpubIlI6H0,CHARLIE SHEEN: Satanic Freak Pedophile EXPOSED AGAIN!!!!!!,The Black Child,People & Blogs,167656,3881,196
wPLp2rF8flo,Governor ARRESTED For Revenge Porn,The Young Turks,News & Politics,75345,2016,105
Fs_UHUOs9BY,Democrats Take Aim At Doing Nothing On Gun Control,The Young Turks,News & Politics,61737,1613,202
PQPr3iMTL98,Passionate Speech By Marjory Stoneman Douglas Student Emma Gonzalez At Anti-Gun Rally,CBS Miami,News & Politics,66525,1235,176
PXIcP-xSm3w,“BURN the Witch” Salem NRA Witch Hunt - ALEX JONES INFOWARS,INFO WARS NEWS,Entertainment,1067,150,4
gD8jaKnWOgM,ROGER STONE: GOES TO D.C  CENSORSHIP! - ALEX JONES INFOWARS,INFO WARS NEWS,Entertainment,1005,124,2
m0EFitW9BVg,"JEROME CORSI #QAnon ANALYSIS (2-22-18) (pt3) QAnon NEWS! - ALEX JONES INFOWARS",INFO WARS NEWS,Entertainment,1748,118,1
qtKUIJfvltE,IM SICK OF THESE PEOPLE! - ALEX JONES INFOWARS,INFO WARS NEWS,Entertainment,554,79,1
cohbU4bi7AY,Free Speech Is Under Full Scale Attack! - ALEX JONES INFOWARS,INFO WARS NEWS,Entertainment,521,76,2
kfW7uB-pY9s,People Are Fed Up With The Gun Grabbing Democrats - ALEX JONES INFOWARS,INFO WARS NEWS,Entertainment,456,52,1
UuuVzJDMyPk,BUYING MY HATER A CAR!,shane,Comedy,4525020,362148,3265
1P8aCCYuXgE,WTH!?! Video of Stephen Paddock Alive AFTER Las Vegas Shooting???,HighImpactFlix,Entertainment,679679,10640,1341
6EkoI2eRDHQ,Body Language: Kim Jong-un s sister,Bombard s Body Language,Entertainment,111787,3425,410
vvazzKx2vNE,"Lionel and Dr. Jerome Corsi on #QAnon  #DeepState Despotism  Russian Indictments  #MKUltra and FBI",Lionel Nation,News & Politics,84198,2927,59
gDsUhXpVOmE,Body Language: Demonitized,Bombard s Body Language,Education,21079,1384,60
UicJHFBLtTY,Dr Steve Pieczenik & ALEX JONES  BOMBSHELL INTERVIEW | November 21 2017,Dr Steve Pieczenik 2017,Science & Technology,4019,154,5
BsLkkecXVR4,Analyze THIS Pentagon Asks For Help Identifying Satellite Images - ALEX JONES INFOWARS,INFO WARS NEWS,Entertainment,493,43,0
iAK4Wcb0ZlQ,Breaking Mueller Indicts Manafort And Gates - ALEX JONES INFOWARS,INFO WARS NEWS,Entertainment,570,43,1
e2dB8LUeIuU,Why Democrats Funded Majority Of Russian Bots - ALEX JONES INFOWARS,INFO WARS NEWS,Entertainment,250,20,0
xpFh9KHMYwA,MEETING MY DAUGHTER,shane,Comedy,5518226,410326,3447
Xw_RS1Ovpns,ASKING PERMISSION TO MARRY HER SON,shane,Comedy,4752205,340842,1701
l9UdGf8jxMA,Huge Backlash After Police Departments Posted THIS on Social Media!,HighImpactFlix,Entertainment,443532,9324,1822
biBAIg8IdAU,ELSAGATE: THEY DON T THINK YOU LL NOTICE,Justin Beers,People & Blogs,607893,6591,1016
84O_6Oyk8fI,Florida School Shooter Wears Orange Jumpsuit to Court for Arraignment,Inside Edition,News & Politics,310449,6395,196
ZYpY271-F4c,Ben Shapiro Most Explosive Q & A Of 2018,Conservatism,People & Blogs,432165,4281,243
_llcNb-j1dQ,Body Language: Rose McGowan,Bombard s Body Language,Entertainment,63064,1824,187
ZD497SyrCxY,Infiltrating the Bohemian Grove 2017 - Investigative Documentary,Blackstone Intelligence Network,News & Politics,195019,1684,413
es_yIIjn-ZQ,Body Language: Devin Nunes on missing Info in memo,Bombard s Body Language,Entertainment,16928,1015,30
I7B0z_2EZmQ,Regarding the rumors about me today,shane,Comedy,6557211,614508,9558
25UV6LrQZTc,SWITCHING LIVES WITH TRISHA PAYTAS,shane,Comedy,7717516,466599,3751
Ul1nFub6164,I HAVE A DAUGHTER,shane,Comedy,4963366,385927,4074
A2QoWlhBr_k,I CLONED MYSELF!,shane,Comedy,5161544,324449,1714
YzlRyKpAcWQ,PRANKING MY MOM WITH MY CLONE!,shane,Comedy,3782554,276742,1517
wP-TGGggOXw,LIE DETECTOR TEST WITH MY FRIENDS & MOM!,shane,Comedy,3475818,264374,1962
8T2a04bLq34,5 MOST HAUNTED HOTELS IN THE WORLD!,shane,Comedy,1728033,86155,4511
p_6FysNUW84,SCARIEST BLIND DATES!,shane,Comedy,1583021,73086,6254
IS21MqQ2IcY,5 UBER HORROR STORIES,shane,Comedy,1420725,70140,4696
CUHgqbHPBmI,Joe Rogan on the Black Panther Controversy,JRE Clips,People & Blogs,1694056,26667,2750
-HzOqZeX3Yk,Alex Jones Of  Infowars   Conspiracy Theories  And Trump Campaign (Full) | Megyn Kelly | NBC News,NBC News,News & Politics,1162209,9369,48172
_3Mpw7CJJfM,What the Media Won t Tell You About the Flu,reallygraceful,Entertainment,265427,8842,545
XWOxjo65if0,Sen. Kirsten Gillibrand:  The NRA Has A Chokehold On Congress,The Late Show with Stephen Colbert,Entertainment,767708,8599,813
Kww-6UvqzKk,Body Language: Trey Gowdy on Non reelection,Bombard s Body Language,Entertainment,26730,1862,30
ppLEscB5EU0,Reporter Grills Sarah Sanders & she starts FUMING when asked on Trump & Mueller Russia Investigation,CasonVids,People & Blogs,743274,1778,789
zG940lyB6sA,Body Language: Mudd Cry Lol,Bombard s Body Language,Education,19518,1647,22
OLqgjMqD_aQ,Body Language: Timothy McVeigh,Bombard s Body Language,Education,18297,1514,27
9pQUCspKcGU,Body Language: Carter Page,Bombard s Body Language,Entertainment,25374,1386,23
jD2pVuaQxcw,Body Language: Youtube s Second in Command,Bombard s Body Language,Entertainment,25729,1277,47
AnUVzTcC418,Trump On his SOTU Vs My Reading,Bombard s Body Language,Entertainment,13661,1128,28
RKbdpVpn64o,Body Language: Elon Musk and Jeremy Clarkson,Bombard s Body Language,Education,33836,1121,61
f7fnLtF8xpk,Body Language: Prince Alwaleed bin Talal Released from Detention,Bombard s Body Language,Entertainment,17288,970,25
-_6XK5orHe4,Body Language: FBI Wray,Bombard s Body Language,Education,20678,960,54
B-wVo0XGa30,Podcast 2.2 With an Update 2/2/2018,Bombard s Body Language,Entertainment,12068,817,54
85vNBAe2dMw,Body Language: May at Davos,Bombard s Body Language,Entertainment,12200,643,30
9gaAf2KuB-c,Donna Brazile DNC Corruption Bombshells Shake Politics! | True News,Stefan Molyneux,News & Politics,136677,5101,115
Wc91GtbjM-Y,Joe: We Are In The Midst Of An Epidemic Of Mass Shootings | Morning Joe | MSNBC,MSNBC,News & Politics,246907,2111,322
3Uev852DkG4,These are the 17 victims of the Florida school shooting,ABC Action News,News & Politics,165032,1318,95
1etDkwEHhUI,ANDERSON COOPER (JAN 28  2018) - CNN TRUMP LATEST NEWS TODAY,Happy Win,People & Blogs,50347,198,97
8F0DyRGTEd4,florida school shooting feb  14 2018,CaseyNeistat,People & Blogs,1818526,76459,2982
5XK68Qu6qa0,Hollywood Wont Tell You This!,Jason A,News & Politics,656816,10733,493
8iMQoZ0l08w,Teen Claims Accused Florida School Shooter Nikolas Cruz Stalked Her,Inside Edition,News & Politics,271429,6522,373
HyEkBmeCbto,Nikolas Cruz’s Detailed Timeline Shows Uber Ride and Stop at McDonald s,Inside Edition,News & Politics,258184,5512,117
FthM86dsWYc,Vacation Nightmare: Sun  Sand  Prostitutes? | ABC World News Tonight | ABC News,ABC News,News & Politics,2589004,3478,4318
MDJziycP3LQ,New White House Security Rule Could Force Jared Kushner And Others Out | Rachel Maddow | MSNBC,MSNBC,News & Politics,343600,3338,275
SQ16Le1DhjI,10 Theories About Nickelodeon Shows That Will Ruin Your Childhood,Screen Rant,Entertainment,5724870,65714,9552
76BiUSEcq8E,Qanon - Ruth Bader Ginsburg Trying to DESTROY YOU and Lower Age of Consent to 12 !!!,Bill Smith,News & Politics,255490,6777,624
s_E8lrxezjU,Megyn Kelly On School Shootings: ‘We Haven’t Done Virtually Anything’ | Megyn Kelly TODAY,TODAY,News & Politics,295561,4759,586
3iL1zZrl2w4,Q-Anon: Feb 18 Red Pilling about GHWB,Seething Frog,People & Blogs,52832,3551,31
zmcjx4oBnBk,Officer brought to tears recounting school shooting,CNN,News & Politics,128637,1754,294
I5ZN289jjDo,FLAT EARTH | 4 Hour Documentary by Russianvids (RV TRUTH),theTRUman,Education,103196,1210,153
pWd25QOzCg0,Survivor of Florida high school shooting to gunman:  Just  why?,Washington Post,News & Politics,122288,1065,144
oRy9uLCie9Q,JEROME CORSI QANON REPORT (2-19-18) Q ANON  ALEX JONES INFOWARS,INFO WARS NEWS,Entertainment,22567,903,19
kamIXXdBxxo,Sandy Hook- They Lied  Here s the Proof,Midnight Lightning Radio,News & Politics,33349,150,22
lEBCoyyaEko,The Try Guys 90s Boyband Music Video Challenge,BuzzFeedVideo,Entertainment,3622188,46739,3983
1IDpQPW-l44,CNN anchor to NRA spokewoman: How dare you,CNN,News & Politics,929769,6093,3024
uHrvODeA8-E,Opinion | An hour-by-hour comparison of Trump and Obama responding to school shootings,Washington Post,News & Politics,185523,5657,584
CnKXaMJbA6s,Q-ANON or CORSI  which is it? CORSI is full of CRAP,Seething Frog,People & Blogs,37600,2106,276
67QoKA4fbVs,Family confirms 17-year-old died in south Florida school shooting,ABC Action News,News & Politics,262472,1332,105
lOpnFqmDVvc,Victor Davis Hanson – FISA Gate And The Left’s Counterfeit Elitism,New & Politics,News & Politics,39659,807,31
G3jSFyVxoKQ,Couple says suspect told them he was sorry after allegedly killing 17 in Parkland school shooting,ABC Action News,News & Politics,59003,340,37
Lo52BObqCds,Survivor to Rubio: Will you reject NRA money?,CNN,News & Politics,945551,11896,2501
8PBJrQd_v9E,Nancy Kerrigan says she never got a direct apology from Tonya Harding,ABC News,News & Politics,1976334,8144,932
BL8hlW7_A7g,Body Language: Trump SOTU,Bombard s Body Language,Entertainment,69235,3729,210
6wVlxn7SdnE,Robert Mueller Adds New Piece To Plot With New Manafort Gates Indictment | Rachel Maddow | MSNBC,MSNBC,News & Politics,286601,3583,328
p2kGYZ30GxM,RUSSIA DEBATE: Kyle Kulinski vs Cenk Uygur,TYT Interviews,News & Politics,232722,3280,790
M_P6_aNhK4M,Kingston: Dems coached shooting survivors,CNN,News & Politics,221498,1584,787
HW9UHaCERL8,LED Lights - A Silent Weapons Assault,StopTheCrime.net NEW,Education,44675,1362,42
rXMO5HJokvE,Trump & Q Anons BRILLIANT OP explained,julzee,News & Politics,12747,322,11
onty8oE3DC0,Florida Shooting YouTube Censorship - Pointing Out Fake Sound Effects Added In News Is Off Limits?,The Paulstal Service 6,People & Blogs,12327,216,20
0jvusdZwSE8,Sandy Hook: Five Years Later | NowThis,NowThis News,News & Politics,14324,169,69
GenS9U7Zw5w,Keira Knightly,Apostle Laura Lee - Church of Philadelphia,Education,4322,134,23
Jw4aXXAvKE8,Supermodel Amber Valetta. MTV House Of Style.,Apostle Laura Lee - Church of Philadelphia,Education,1921,94,8
kon0Z-fCqIE,Psalm 41,Apostle Laura Lee - Church of Philadelphia,Education,134,7,9
gnZEA4SkjFA,Squad Wars Bonus - Try Guys Try Hosting,BuzzFeedVideo,Entertainment,4044036,60974,2770
kjZDDfxL1Kw,Why Didn’t the Grenfell Towers Collapse After Burning for Over 12 Hours?,Lionel Nation,News & Politics,206778,5789,620
_3yjCFArAxY,Alleged shooter stopped at Walmart and McDonald s after school massacre: Authorities,ABC News,News & Politics,432136,2768,262
iH6c8z7uDC0,Lawrence: Robert Mueller Likely Has A Third Cooperating Witness | The Last Word | MSNBC,MSNBC,News & Politics,216861,2096,93
mWwNvdTqb68,Video of Grenfell Tower - People Dropping Down Improvised Ropes - Many Trapped Inside,NeoUnrealist,News & Politics,783150,1758,427
pjPr8XdMCcc,One World Church & Deep State Giving Power To The Beast,Shaking My Head Productions,People & Blogs,28810,759,46
o-fud27fkjI,Dr Jerome Corsi Full Decode Q Posts Feb 13 2018 WeThePeople Patriots Part 1 Tuesday,Constitution 1A,Education,37169,459,22
Zgv01KA_otU,Fox News Reporter: BLACK FACE MAKEUP COVERS WHITE SKIN!!!!,Apostle Laura Lee - Church of Philadelphia,Education,1374,75,26
WDeGi66fCvo,Stoneman Massacre  Dead Hero  ALIVE and WELL in New York?,NowTheTruthTV-20,People & Blogs,3083,65,1
9IdeSGUMI34,Apostle Laura Lee YT: Vid VIEW COUNT SUPPRESSION?,Apostle Laura Lee - Church of Philadelphia,Education,616,24,4
juy4KH5BT64,Psalm 74,Apostle Laura Lee - Church of Philadelphia,Education,233,14,1
KWxKZPdplPk,Psalm 31,Apostle Laura Lee - Church of Philadelphia,Education,200,12,9
y9ChIRNPzjk,Psalms 51,Apostle Laura Lee - Church of Philadelphia,Education,166,6,8
ET2YuRb004w,I m Poppy,Poppy,Film & Animation,,,
_nnOs5O0s7A,REACTING TO VIDEOS OF ME ANNOYING YOUTUBERS,Tana Mongeau,Comedy,2396224,77067,21638
OvzOH60HqA4,Las Vegas Massacre: What They re NOT Telling You,Paul Joseph Watson,News & Politics,3187314,66146,12610
ZvXgHiS9-zQ,10 Hidden Details The Secret Service Doesn t Want You To Know,TheRichest,Education,8785164,35058,9247
_bZk8bg1xXU,Watch Live: Trump s First State Of The Union!,The Alex Jones Channel,News & Politics,238449,7429,351
8b87udDOn4w,CONFIRMED AGAIN! Troops at Langley  Al Waleed Sent Snipers to Mandaly Bay,April LaJune,News & Politics,189926,6080,201
1hZJ9tlwHW8,The Strange Death of Ron Brown and Its Relevance Today,Jason Goodman,News & Politics,139461,2027,111
SBzURU-qNbA,Medicare Extra  Is NOT  Medicare For All,The Young Turks,News & Politics,58160,1429,58
YZ0NHhnMY9o,ENDGAME Full Movie by Alex Jones of Infowarscom,WhatsOnAtTheMovies,Film & Animation,117115,1180,52
qiXHcz-f6vg,13 000 SEALED INDICTMENTS FOR PAST THREE MONTHS...WITH EVIDENCE THIS TIME...NEW CAMP BEING BUILT...,LIGHT~BEARER,People & Blogs,39490,905,17
uCzDdpy80ig,"Las Vegas Metropolitan Police Department SURPRISE Press Conference #LVMPD",Jason Goodman,News & Politics,25525,804,83
5wrKBllmu5s,Keira Knightly & Natalie Portman,Apostle Laura Lee - Church of Philadelphia,Education,4217,108,25
wsHMObQMrVw,Apostle Laura Lee Is Rejuvenating!,Apostle Laura Lee - Church of Philadelphia,Education,825,48,11
uGnF8cD1eOQ,Ps 61. Discuss End Of Days Outpouring vs Itching Ears,Apostle Laura Lee - Church of Philadelphia,Education,584,28,4
Jnei1md-Ia0,11 Scariest Things Caught By Drones,Chills,Entertainment,31733412,139321,99006
qyqKkvgpwo8,The Jewish Conspiracy (CONTROVERSIAL CONSPIRATORIAL SUBJECT),FritzCayoVids,News & Politics,222063,2442,326
p3grfNnEt6s,Is Trump a Timetraveler? Group of House Democrats Call for Impeachment - Jenny Moonstone,Leak Project,News & Politics,18017,504,74
69iZY1fMkdo,Arising Full Stature. Section 2. Part 1 of 4,Apostle Laura Lee - Church of Philadelphia,Education,202,9,8
surHd9jODVw,Arising Full Stature. Section 2. Part 4 of 4,Apostle Laura Lee - Church of Philadelphia,Education,289,5,10
kpIw6iWIuwo,Arising Full Stature. Section 2. Part 3 of 4,Apostle Laura Lee - Church of Philadelphia,Education,183,5,7
SM7LZuKy7X4,Arising Full Stature. Section 2. Part 2 of 4,Apostle Laura Lee - Church of Philadelphia,Education,136,4,7
kPrc7rK0--U,CELL TOWERS:  5G   Verizon ILLUMINATi TAKEOVER  FREEMASON MEDIA COLOR CODES!!,The Black Child,People & Blogs,433823,8429,517
vvvICFz_tgE,White People Claiming To Be Attacked At Black Panther,The Young Turks,News & Politics,286162,7478,998
ziAtiQaGtps,Senator Makes Powerful Speech After Florida School Shooting,The Young Turks,News & Politics,137067,3981,262
Vj8t7yDDYns,SOMETHING MAJOR Planned For 2018?! If Not  Then Why Is THIS Happening?,TruthUnveiled777,News & Politics,208308,3034,211
Ymnoi8NnsXc,Was there a 72 Hour Notice Given? Global Elite Scramble,Leak Project,News & Politics,121407,1753,196
ioULRchLwB0,Lemon Demon - Touch-Tone Telephone,IRPMay2016,Music,142944,1323,39
Pb-y17kkZFs,The Most Pitiful Crisis Actor I ve Ever Seen... [Manchester False Flag],the Truth is stranger than fiction...,News & Politics,11490,480,14
DGekny3_dzI,TYT - 02.01.18: Trump Ratings  Deep State  Kathleen Hartnett White  and Plastic Pollution,TYT Shows,News & Politics,11730,153,17
Trc6rmfPaPM,Psalm 20,Apostle Laura Lee - Church of Philadelphia,Education,186,9,14
QFA6op8C8vU,S**THOLE COUNTRIES,Stefan Molyneux,News & Politics,274772,10016,460
AJdlJTCfxkI,SHOCKING! No Chemtrails  Just Disappearing Surveillance Cameras,Jane Tande,People & Blogs,157667,4931,277
lyqgcXr7LjE,SWAT clearing rooms in Parkland school shooting,Donut Operator,News & Politics,203543,4518,244
zX2yQMGFUkc,Conservatives Attacking School Shooting Survivors Online,The Young Turks,News & Politics,158214,4181,460
8QRD-7AfD5g,Body Language: Bill Gates,Bombard s Body Language,Entertainment,158341,3155,297
I1Qg15bP2jY,Only Sandy Hook Video You Need To Show Others/Share!!!,Robert Zimmerman,Comedy,374829,2191,502
i9lG8bYY4KY,2/19: Warning to Mueller  Kim Dotcom  and Schiff exposing the DNC?,The Right Media,News & Politics,28502,2123,28
crVjBVVPFbM,The alt right is right...here s why!,Awareness with Chris,People & Blogs,56675,1634,233
1-RTjS6h_Ko,Student Tweets From Inside Florida School During Shooting,CBS Local News,News & Politics,412048,1470,147
zt8Hws1JRVs,Remembering the lives of the 17 victims killed in deadly Florida school shooting,CBS News,News & Politics,164586,1255,102
5yv8qjLBGk4,Vegas  Massacre  - Confirming NO ONE Died with Dr. Steve Pieczenik (Part 1),NowTheTruthTV-15,People & Blogs,85090,523,220
dkXyWPVkqcg,The Saudi Purge is a Global Crisis,corbettreport,News & Politics,469660,6109,502
xdK26vO6wtQ,CNN Caught Faking Boston Bombings Broadcast  Satellite Interview,Belligerent Politics,News & Politics,934825,4739,404
JIoiYLp6R8Y,The Sandy Hook Controversy - James Tracy on GRTV,corbettreport,News & Politics,56737,1004,48
yTPPO6xL8Bw,Forgot to Fake Crisis Actor Forgets to Fake Injury Aurora Theater Hoax,Private SectorAct.com,Nonprofits & Activism,4222,42,4
BKKY1SW_QPM,Manchester Explosion  Ariana Grande: You Don t Actually Believe This  Do You?,TruthUnveiled777,Entertainment,253565,,
f0mXDZI5KL4,WATCH BEFORE REMOVED!!! WE FOUND IT! THIS Hillary Clinton & Bill Clinton,Last Days Watchmen News,News & Politics,1498383,,
5cVxIp6x5u0,Undercover Spying on FBI Vegas Clean Up Crew with Telescopic Lens,HighImpactFlix,Entertainment,525307,12555,616
HU5MUU99qnA,The Las Vegas shooting - The Truth You re Not Being Told About These Attacks,FullSpectrumSurvival,People & Blogs,1733791,9915,6929
yo8B28A80LA,Mother Of School Shooting Victim SCREAMS At Trump (VIDEO),The Young Turks,News & Politics,169788,3602,527
JnG9cpLShaI,WE ARE LIVING IN THE UPSIDE DOWN (2017),TheScariestMovieEver,Entertainment,80745,2936,81
qImHuiYnVQ0,Lemon Demon - Redesign Your Logo,NeilCicieregaMusic,Music,205552,2289,24
aHR5vpQicqw,Court hearing held for Nikolas Cruz,ABC Action News,Entertainment,440557,2072,224
F9nJoG7dw-M,Transcontinental Conference - Abel Danger  Las Vegas  Helicopters & Other Inexplicable Phenomena,Jason Goodman,News & Politics,60325,1783,54
wZ3q21cd8Rk,5 Symbols in Eyes Wide Shut - Kubrick Exposes Illuminati!,TheRabbitHole,People & Blogs,27402,1268,35
9q7cN62JZIc,The REAL Waco Story Clinton Administration EXPOSED,The Burning Red,News & Politics,12865,182,10
xM2Ul71YwVw,POPULAR 2017 CONSPIRACY THEORIES,shane,People & Blogs,5837884,301929,2216
Asq5ukhet5k,GROSS THINGS I DID IN PORN PART 2,Channon Rose,Entertainment,2695515,39235,2452
4vQOD_FiCBM,A Trump Advisor Says Only God Prevents The Flu,The Late Show with Stephen Colbert,Entertainment,1512592,14714,1125
6jPm5MOiALM,Army Veteran SCHOOLS Fox News On Guns,The Young Turks,News & Politics,227403,4674,322
Wevv7-buNkU,Body Language: Trump Soros at Davos,Bombard s Body Language,Entertainment,89589,3369,97
vKblXAikzEc,President Trump Holds a Listening Session with High School Students and Teachers,The White House,News & Politics,245332,3108,371
UDzOlqRytYg,Worms in your eyes or is it Morgellons,RichieFromBoston,Science & Technology,37549,2072,55
bgZUPl9sDlg,Israeli Freemasons and school shootings,RichieFromBoston,People & Blogs,37193,2008,61
beuvViuwpsE,"Students push for a #neveragain national gun control movement",Face The Nation,News & Politics,176645,1859,3269
ij7Pg7YxbMY,Man Tells Off Cops Like You ve Never Seen !!!!!,BANDIT XRAY,Entertainment,147371,1621,101
K59vbtnvkLc,BREAKING! STEVE PIECZENIK  ROGER STONE  JEROME CORSI  TOP STORIES! - ALEX JONES INFOWARS,INFO WARS NEWS,Entertainment,42228,1201,26
ARrzhqFdefg,Nancy Kerrigan and Tonya Harding  On Thin Ice   (2017) [1080p][HD],WalrusRider,Sports,381370,1154,257
tugWDI2ShEg,Jeff & Jay Weidner - How & Why Paddock May Not Have Fired A Shot And Why And How He Was Executed,Jeff Rense,News & Politics,43009,571,55
l5g0I0jG4a4,Ex CIA tells about Chuck Tatum.,CONSCIOUS COLLECTIVE,Nonprofits & Activism,15067,144,22
aRHcbJ9DHEg,What It s Like Inside a School Shooting Drill,ABC News,News & Politics,7262938,59576,2872
5F9JfZDJKCQ,Body Language: Mark Zuckerburg,Bombard s Body Language,Entertainment,976784,16928,2372
C4ZLQthexGs,America is entering the gray state.,RichieFromBoston,People & Blogs,46423,2992,53
dXjLRxXvjmw,NEW Q-DROP - FEB 9th -and yikes  it s YUGE!,DeceptionBytes,News & Politics,106994,2762,160
4gp-ZYAsp9c,Mind Controlled Mass Shootings??,The Black Child,People & Blogs,75899,2564,82
kZU8joec-pQ,LEAK: Trump Team Enjoying  Reprieve  Of School Shooting,The Young Turks,News & Politics,132907,2230,159
fdjJykd_2vA,Shooting in news 2 DAYS Before it happened??,RichieFromBoston,People & Blogs,40703,1796,78
KNfp9wAi_cs,Live Stream: Silenced. Temporarily.,Lionel Nation,News & Politics,20649,1737,29
da0qIaBBPTs,Turpin Family Children Learn to Use iPads During Recovery Process,Inside Edition,News & Politics,54392,1152,33
EYsagPHpzi4,Steve Pieczenik discusses Las Vegas false flag hoax,James Foster,News & Politics,4782,47,11
Z-DkF98uBm8,Tim Allen Exposes What s Going on in Hollywood! (2017),Jason A,News & Politics,2845546,29868,2727
eHDDQVZ-A98,SCRIPT - Top 10 Staged Media Events!,ThoughtCrime7,Education,1123632,15805,1077
PdEtegXieq0,Stephen Points Out Obama s Parting Gift To Trump,The Late Show with Stephen Colbert,Entertainment,1085454,14569,370
czOsv0pIUcU,Because You Came Here ILLEGALLY That s Why!!  Tucker THROTTLES  Former Dreamer  on Immigration,The Liberty Hound,News & Politics,727087,12785,985
Tor1L2vN-08,Body Language: Kellyanne Conway/The View,Bombard s Body Language,People & Blogs,687807,9344,2591
tSwws_b_jk4,Something About the Space X Launch Nobody s Talking About,HighImpactFlix,Entertainment,366713,8372,7756
VjCyVfBiwpE,Lemon Demon - Reaganomics,2Neil2Cicierega,Music,536696,6076,150
VF4lt889_F0,UK Gov Covering Up 500 – 600 Dead In London Grenfell Tower Fire,Controversy Radio,Education,415419,5766,1415
JXkeD2P8gjk,Body Language: Satanic Survivors,Bombard s Body Language,People & Blogs,236036,5557,197
wdXHxEEAvps,12.15 - Q Suppression/McCain/Sex Harassment Latest/Pedogate&Space News,Destroying the Illusion,People & Blogs,99091,3150,108
VWqanjtGMWU,Grenfell Fire Survivors Share Their Harrowing Experience | This Morning,This Morning,Entertainment,437290,2558,216
_sR5_q278Tw,School Shooting Survivors Rally For Gun Control,The Young Turks,News & Politics,85284,2158,251
zTsQXG4cNAg,Live Stream Goodness,Lionel Nation,News & Politics,18362,1650,64
rHi-1PJsgbI,Ole Dammegård - “Terror” – are you kidding me?,OpenmindconferenceDK,Education,72211,1380,73
v0vkyxeY7W8,The virtual noose is tightening Again,RichieFromBoston,People & Blogs,10768,1313,33
tGwKMbqUJl8,"Live Stream: Thanks to Methylprednisolone/Azithromycin  the Voice Is Returning! #LionelNation🇺🇸",Lionel Nation,News & Politics,14880,1245,39
TdivPhu-jTQ,Mark Blyth’s State of the Union - 2018 Open Source With Christopher Lydon,Washington Watch,People & Blogs,47664,1174,28
E2PIYYhPd1Q,Dr. Steve Pieczenik Updates Infowars About Florida Shooting And Other Issues,OpenMind,News & Politics,33331,1131,37
WuSdTJl8zp4,Vegas Massacre Security Guard Is Not Who We Thought He Was,War Room,News & Politics,65636,1027,47
Zcbm5CqOsXk,There s No Right to Free Speech and Expression: Those Are Quaint and Anachronistic Faux Protections,Lionel Nation,News & Politics,7624,928,25
GG8SjeeV7Y4,The 60 Minutes Deception [Vince Foster∶ the Cover-Up  the FBI & the Press] (2∶44∶43)➤,Truth Revelations,News & Politics,89781,896,77
3vtdi6ASXC4,What is Q Anon telling us about the Jews?,julzee,News & Politics,11136,408,22
DKHkkhvjKMg,Ivanka Trump Flies Commercial to South Korea to Attend Olympics,Inside Edition,News & Politics,12124,275,46
ZJVgcH8RC90,Florida shooting suspect: Family who took him in speaks out,CBC News,News & Politics,44293,144,74
RuP81QTWq-4,TV SHOW CONSPIRACY THEORIES,shane,People & Blogs,6431180,286388,2541
cLYCSnW4D1g,Stephen Asks God s Stance On The NRA,The Late Show with Stephen Colbert,Entertainment,869059,11909,569
cafsnWBsmxE,Trump s Meeting With School Shooting Surivors Doesn t End Well (VIDEO),The Young Turks,News & Politics,410516,8598,1213
u5hGxtF-NuM,What You re Not Being Told About Orlando! And A Mysterious Link That’ll Have You Thinking Twice!,Lisa Haven,News & Politics,501501,5089,1366
vHNk9HwPXOU,Donald Trump Jr. s Bollywood Debut:  The Dance Of The Greasy Son,The Late Show with Stephen Colbert,Entertainment,316292,4871,131
OB20QvyMG78,This Is The Kind Of Identity Politics That I Hate  Ben Shapiro On The New  Black Panther’ Movie,MagiCal HD,Film & Animation,314705,4779,3925
4LeSFBy2bZU,Lemon Demon - Spirit Phone - full album (2016),Music Train,Music,298600,3564,107
xqRhTSHFGZ4,Schoolchildren on LOCKDOWN Claim it WASNT a DRILL,RichieFromBoston,People & Blogs,29410,2407,53
rZuPRS7y4-w,Live Stream: I Feel a Transcendental Connectivity to You,Lionel Nation,News & Politics,30394,1971,62
OoHaPqOs46o,Students describe moments of deadly high school shooting,ABC News,News & Politics,130937,936,192
mpxy-NrabpQ,Grenfell survivor makes first return to tower - BBC News,BBC News,News & Politics,105071,904,109
u5tfSqv1ljA,Florida high school coach  described as  hero   died while shielding students,FOX 13 News - Tampa Bay,News & Politics,95996,732,58
cY0y7PKkQrs,Shipwreck s $40M Gold Treasure on Display for First Time,Inside Edition,News & Politics,21314,464,8
d-K0ajAl6jU,Florida School Shooter Nikolas Cruz s Defense Attorney: ‘He’s Sad  He Is Remorseful’ | MSNBC,MSNBC,News & Politics,127329,393,653
Gmh6Q2c-CNw,Academy Award Execs Want Oscars to Be Upbeat and Less Political,Inside Edition,News & Politics,10305,246,17
7k28FKzgZ9o,Jesus Goes to Hollywood? Father James Martin Responds to Movies About Christ,Inside Edition,News & Politics,13313,246,38
YUJRh1vSmKU,Girl With Down Syndrome Honored by Harlem Globetrotters,Inside Edition,News & Politics,7934,217,5
pHGktDwg3ys,YOUTUBE CELEBRITY CONSPIRACY THEORIES,shane,People & Blogs,6469619,323028,4426
EUYF9qRxyZ0,The Real Reason We Don t Hear About Susan Boyle Anymore,The List,Entertainment,12876930,46417,4699
_trulM9Ht4E,Kyrie Irving on Flat Earth Theory  LeBron James & NBA All-Star Game,Jimmy Kimmel Live,Entertainment,2596564,42446,1124
CUoqwUVOxHE,Conclusive Evidence the 9/11 Planes were NOT REAL,911PlanesHoax,Autos & Vehicles,2549167,10793,2839
4z_N6zdqpko,The Young Turks  Ana Kasparian Can t Pretend To Be Neutral - 30 Under 30 | Forbes,Forbes,News & Politics,370482,8916,3177
vyzQ-ZFSQic,Lemon Demon -  Eighth Wonder,Neil Cicierega,Music,658076,8863,376
Kz7R1i2zFpk,Oprah Winfrey on Running for President & Trump,Jimmy Kimmel Live,Entertainment,572400,7613,2608
j-9IJgU3Ooo,The GOP Finally Proposes A Ban,The Late Show with Stephen Colbert,Entertainment,394168,7490,125
MGH6yyafwz0,What is Jade Helm 15?,Stuff They Don t Want You To Know - HowStuffWorks,Entertainment,682026,5891,528
HHcmqWvbRMU,What would happen if the world s debt disappeared?,Stuff They Don t Want You To Know - HowStuffWorks,Entertainment,296692,4721,525
WxJPfxCl-Vg,Meghan Markle  GET OUT.  GET OUT NOW!,The Black Child,People & Blogs,364583,4141,514
4HLJ5WUp0Ew,Freemasons: 3 Weird Things About The House of The Temple,Stuff They Don t Want You To Know - HowStuffWorks,Entertainment,134434,2365,116
4SP0-5EvZP8,What’s in the National Quiet Zone?,Stuff They Don t Want You To Know - HowStuffWorks,Entertainment,108609,2247,58
jCC8Sj5iFdc,Sesame Credit: Turning Obedience Into a Game,Stuff They Don t Want You To Know - HowStuffWorks,Entertainment,64695,1549,31
AjKEq4P_m_4,Our Goal: Maintaining Critical Thinking  Common Sense and Media Perspective Through National Crises,Lionel Nation,News & Politics,11767,1433,34
doqxzXEMiio,Lemon Demon - Cabinet Man,WonderingAboutHowIDied,Music,124449,1137,44
IXWNDn5C5Ng,Owl Videobombs Traffic Security Camera,Inside Edition,News & Politics,18883,983,16
FC-Tgw239l8,Lunatic Antigun Liberals Actually Perpetuate the  Power  of the NRA by Repeating the Influence Trope,Lionel Nation,News & Politics,8065,982,16
2tF8GqwSpZ8,Ari Melber On Latest Russia Guilty Plea In Robert Mueller s Investigation | Velshi & Ruhle | MSNBC,MSNBC,News & Politics,88556,980,64
t1QfHPdaV5c,Eagle Covered in Ice Warms Up in Game Warden s Vehicle,Inside Edition,News & Politics,13822,454,3
aSDCrqwGG8U,From Beyonce to Cardi B: Woman Dresses as Famous Figures for Black History Month,Inside Edition,News & Politics,17540,374,37
mPZ96SUO_Ls,8-Foot-Long Alligator Wrangled From Under Pickup Truck,Inside Edition,News & Politics,19054,275,10
76advGTYIpo,David Hogg Interview - Confrontation at Redondo Beach,CitizensOutpost,News & Politics,34054,145,27
o83kFp_SrKk,Urgent Call between Ole Dammegard and whistleblower Cody Snodgres,houston pujol,News & Politics,4092,93,0
Tb2WRfY3g8Y,DISNEY STAR CONSPIRACY THEORIES,shane,People & Blogs,5020861,266960,1838
86VjgW1wDfI,Maisie Williams Knows the End to Game of Thrones,Jimmy Kimmel Live,Entertainment,1443689,23647,401
ms5Xk2vobiM,Tonya Harding (USA) - 1994 Lillehammer  Figure Skating  Ladies  Free Skate  1st Attempt,3Axel1996,Sports,3229696,7014,1005
xyXscDJSHD0,J.J. Abrams Has The Script For  Star Wars: Episode IX,The Late Show with Stephen Colbert,Entertainment,537185,6683,1046
Y9UUHTPP5Nc,Stephen s Covetton House Wants To Fill Your Cavity With Wellness,The Late Show with Stephen Colbert,Entertainment,402943,5453,101
KRBFMEgY4MQ,A resident of Grenfell Tower describes  seeing people throw children to safety - BBC News,BBC News,News & Politics,513600,2590,288
5t8jR9jDjxM,Marine Grabs Mic Leaves Nancy Pelosi Stammering On CNN Town Hall(VIDEO)!!,GLOBAL News,News & Politics,570822,2568,1192
ueKz6bbHQcI,Sam Rockwell s  Three Billboards  Character Was A Hateful Person,The Late Show with Stephen Colbert,Entertainment,217568,1932,48
j5f_pJzYEMA,The Pleiadians are Amongst Us - The Real History of Man !!!,OOWK MEDIA,Film & Animation,151752,1388,222
5oTmQqdVuRg,Your Boss Might Be Stealing From You But There s Nothing You Can Do About It,The Young Turks,News & Politics,65267,1332,66
-ZAFmHCrsfU,Florida shooting survivor: “I heard a girl screaming for help. But we can’t open the door.”,Washington Post,News & Politics,225048,1297,99
9JGchiuXSRQ,SHOCK: Police Scanner Audio Contradicts Vegas Massacre Narrative,War Room,News & Politics,94562,1005,92
-WF27Aui5p8,Las Vegas Shooting  Proof  Is In The Windows! False Flags In Vegas Stay In Vegas! Media Cover-up!,Justincredible Things,News & Politics,70020,799,107
-Gx--h0b4AY,The Undiscovered Berlin Wall & CIA Torture Rooms: VICE News Tonight Full Episode (HBO),VICE News,News & Politics,77917,689,158
Y_rdu9XHS8g,Parkland Survivor Appears To Be Coached Off Camera By Reporters,War Room,News & Politics,16583,520,104
Fi5Nk48zCJk,Florida lawmakers debate gun control,CNN,News & Politics,66472,465,305
4i82LWyF27o,The Lives Lost In The Florida High School Mass Shooting | NBC Nightly News,NBC News,News & Politics,72110,459,29
B4LH9I6nsbc,United Nations Base on Mt Hermon - 33rd Parallel - Nephilim Portal,Shaking My Head Productions,People & Blogs,15046,423,28
A4rwdriJpkc,Father of school shooting victim  blessed to be her dad,CNN,News & Politics,146951,330,513
IGSr-SpJ5DY,Documents show encounters between Florida shooting suspect and law enforcement,CBS News,News & Politics,49050,226,39
3M9bZQfpd1g,Disney Fan Defends Princess Turdina,pocketsofthefuture,Howto & Style,2399,175,8
gxmz6X7hdgw,Scott Baio pushes Sandy Hook conspiracy  while his wife rips victim s mom | Page Six,New York Post,News & Politics,28482,66,149
zXMzzA3TVYA,Father challenges Marco Rubio on guns,CNN,News & Politics,660880,8279,1589
9wg9kW-VwTw,What you need to know about the BOOK of JASHER and the ORIGINS of MANKIND,WoodwardTV,Entertainment,188752,6463,317
n6l-D5qL4Us,Photos emerge of Las Vegas shooter Stephen Paddock’s body and there is a NOTE?,Qronos16,News & Politics,2144534,4763,2589
tP0nlERvaQQ,Meet The School Teacher Ready For Her Gun,The Late Show with Stephen Colbert,Entertainment,247700,3697,114
5yqpkuKIhVc,Who Is Malia Obama s Incredibly Rich Boyfriend,The List,Entertainment,1106218,3538,955
xcqdinBLxDI,San Bernardino Massacre: A lie  hoax  false flag  staged shooting,jeranism,News & Politics,216773,2361,971
Wyw_jYOrHdA,MIT  Cereal  and Human Experimentation,Stuff They Don t Want You To Know - HowStuffWorks,Entertainment,114292,2253,41
wJNJtvzD0NI,Christine Baranski Takes  The Good Fight  To Broadway,The Late Show with Stephen Colbert,Entertainment,164615,1847,70
Mm79aNHK6Ag,The Dossier Interviews The Democratic Memo,The Late Show with Stephen Colbert,Entertainment,80131,1837,33
2o4wV1W4bYQ,Florida School Shooting Survivors Discuss Fighting For Gun Control | The View,The View,News & Politics,107985,1654,159
F3EEc8eBC88,Did NASA fake the moon landings?,Stuff They Don t Want You To Know - HowStuffWorks,Entertainment,92279,1507,188
Is64dsv5Glc,Vatican Secret Societies Jesuits and the New World Order,BibleOrTraditions,Nonprofits & Activism,138655,1402,143
KwBpwe-LqTc,A Reality Show  Stole  A Crappy Scene From Constance Zimmer s  UnREAL,The Late Show with Stephen Colbert,Entertainment,167930,1307,181
SvigZE0yAeg,Portugal. The Man Performs  Live In The Moment,The Late Show with Stephen Colbert,Entertainment,75519,1275,41
JHE7_V5Dc0k,Abel Danger s Field McConnell – Superb Owl Terror Thwarted  Will Amtrak Be Derailed by New CEO?,Jason Goodman,News & Politics,27794,1159,51
xgfrtFqIUGw,Chris Gethard Got A Negative Score At Yoga,The Late Show with Stephen Colbert,Entertainment,163393,1080,29
Ms81ErDG42M,Bon Jovi Perform  When We Were Us,The Late Show with Stephen Colbert,Entertainment,58054,900,42
9cSowOgE32I,Etched in Secret: The Georgia Guidestones - Trailer,Stuff They Don t Want You To Know - HowStuffWorks,Entertainment,44296,872,51
zrTQxSmzwa8,Q Anon Feb 17 Question and Answer,prayingmedic,People & Blogs,56537,814,41
8LzHNEgYekU,Crisis Actors - are they real? (Illuminati conspiracy),Oskar Jungell,Science & Technology,15210,779,76
enz-qXn2xxQ,BØRNS Performs  I Don t Want You Back,The Late Show with Stephen Colbert,Entertainment,46408,692,121
1Hd-4K7MX1o,"Lady Gaga Exposed: Satanism and Spirit Cooking #Pizzagate",Pizzagate News,People & Blogs,29466,657,77
sU-k4E_cZJA,President Trump: I try like hell to hide that bald spot,CNN,News & Politics,68579,518,427
oiV51XYE5UI,Contradictions In The Latest LVMPD Press Release On Vegas Massacre,War Room,News & Politics,32716,373,49
Itz55DWnYUs,Lemon Demon - You re At the Party,Lamsaturn,Gaming,34977,332,6
VXeiBHz-v-Q,JFK to 9/11 - Everything Explained In DETAIL LATEST 2015-2016 NEW EVIDENCE,Darius Fontaine,News & Politics,21514,183,18
eFqmC1tr5Vo,Jerome Corsi QAnon Decode 02/22/18,OpenMind,News & Politics,4533,115,6
ZEQvvcGHup4,POPULAR 2017 CONSPIRACY THEORIES,shane,People & Blogs,5642818,291697,2360
l0Q5eZhCPuc,9/11 - Anatomy of a Great Deception - Complete Version,Stop And Think,Nonprofits & Activism,3032978,20509,1777
IWXkXXa99d8,"Feminists Pick The Wrong Target #GridGirls",Computing Forever,News & Politics,84220,8067,82
LVWuBmyMhkk,POP CULTURE CONSPIRACY THEORIES,Michelle Platti,Entertainment,92053,5124,89
aBBvETIf-Wg,Where is Tina Turner in 2018? What Happened to Tina Turner?,City Dreamer,Entertainment,618980,4341,393
rZaHVTVroOM,CARDI B Has Joined ILLUMINATi? / Nicki Minaj s REPLACEMENT?,The Black Child,People & Blogs,183169,3612,292
MH6hmI1h-iQ,Sandy Hook  Officials  Caught In Coverup And Running Scared,The Alex Jones Channel,News & Politics,378028,3572,241
xSXTFxkPGzs,WHAT HAPPENED?,Truth Seeker,Education,320524,3095,413
m8IgpOXRz0w,Tonya Harding - Anything To Win (Figure Skating Documentary),Athlete Sport,Education,785356,2598,245
oapvI6JZbLM,**YouTube does not want you to see this** Smoking Gun Evidence in Las Vegas Shooting,Jason Goodman,News & Politics,23297,1058,70
Q7UbCh3IIAk,Lemon Demon -  View-Monster  (2008),2Neil2Cicierega,Music,82307,777,6
I0Et25F9XGM,TRUTH LAS VEGAS MASSACRE FALSE FLAG? DEAD GIVEAWAY 2017,Proving Demons,Science & Technology,65815,683,379
rv3_xECaSQ0,Student shot 5 times in Florida rampage hailed a hero,CBS News,News & Politics,78739,611,36
HG9SsQDXwLg,Lemon Demon - Lifetime Achievement Award (2016),PB Chanel 1,Music,57828,569,8
8Ag3rcxF09w,Accused Florida shooter was a  monster living under our roof,USA TODAY,News & Politics,193415,504,252
84DDlWqtS_k,Ex-CIA Robert Steele Destroys Official Narrative- Who Did It? CSS--10/8/17 (Hour 2),The Common Sense Show,Education,23288,496,38
swpcf2gmgIw,Scott Hamilton: Tonya Harding scandal destroyed skating,Graham Bensinger,Entertainment,141329,471,101
oaSK6Fa3jbM,Lemon Demon - Spiral of Ants (2016),PB Chanel 1,Music,42332,431,13
k40d0JVGhZM,Severed Heads are Trending Milan Fashion show Gucci-Disney,pocketsofthefuture,Howto & Style,4343,244,7
vfqzzahJ4Ms,The Daily Show clearly doesn t understand what a Ci$i$ @ctor is!,pocketsofthefuture,Howto & Style,3769,214,9
gb9BwPJ77d4,Getty Pics Taken @ Florida High School Dated The Day Before Shooting,Victurus Libertas VL,People & Blogs,4581,198,6
fjbmX38bx8c,Woman Claims To Have Been With Florida School Shooter (Nikolas Cruz) At Shooting,Pizzagate News,People & Blogs,20733,196,57
xe6o4ex7-YA,Jimmy Kimmel on His Reaction to Fergie s National Anthem,Jimmy Kimmel Live,Entertainment,3500231,46409,2045
up1Wb2Q_WMk,James Corden on Gun Control in America,The Late Late Show with James Corden,Entertainment,747716,29071,804
omyUxKuvYKY,BEST NEWS BLOOPERS 2017 Part 2,News Be Funny,Comedy,1880712,12918,849
rb-jvqUIPKc,If You See This On Your Walmart Receipt Call The Police Immediately – Here’s What It Means,BREAKING NEWS TODAY,News & Politics,2341687,11950,5297
xQGnBOiW1Dg,Never-Before-Seen Footage of Tonya Harding From the Day Nancy Kerrigan Got Hurt,Inside Edition,News & Politics,1472940,9779,503
TzPA6oaR3eE,Angry Senator Yells At Students Who Drove 300 Miles To See Him (VIDEO),The Young Turks,News & Politics,181942,4677,247
-AX8DYTPJKc,London Residents Speak The Truth About The Grenfell Tower Fire,The Vigilant One,Entertainment,291706,4173,257
zQWvNnYmeZg,Some Thoughts On the Las Vegas Shooting Investigation - Part 23,Blackstone Intelligence Network,People & Blogs,86849,2282,186
wlRMZbgbA0Q,"2017...PIZZAGATE BREAKING ! NEW CASE OF SHOCKING EVIDENCE #pedogate Q anon",PIZZAGATE NEWS,People & Blogs,124731,2014,111
PK5F02qiZbs,Nancy Kerrigan Attack - Raw Footage and Interviews - January 6  1994,IntersportChicago,Sports,1125149,1791,160
aYVw2sl-4hA,Fake Alternative News Exposed! (Full Documentary),TyrannyUnmasked,Entertainment,20458,986,94
9u1x6LNo1rM,Student On Shooting: I Don t Want Something Like This To Ever Happen Again | Velshi & Ruhle | MSNBC,MSNBC,News & Politics,67601,979,387
bL2zjPncYu4,Las Vegas Shooting: 6 QUESTIONS - False Flag? Multiple Shooters? Paddock patsy?,Super Bowl Dave,News & Politics,50771,560,71
QFJesJ2fy6Q,Obama Gets Spermed!!!,pocketsofthefuture,Howto & Style,6046,411,16
eRCYwfwTQ-k,Jimmy Kimmel why you need a laugh track Bro?,pocketsofthefuture,Howto & Style,4475,381,9
nqtLk34fYfQ,Stop going on vacation and fix gun laws  Florida student David Hogg tells Trump,Guardian News,News & Politics,68139,353,898
EacflRiFkek,WowThe Push-Netflix New Sick Show,pocketsofthefuture,Howto & Style,3973,175,4
JK1jo8NlO3w,Russianvids - Space-X Fakery & Simpsons Mars Hoax Mockery,Zack Greevey,News & Politics,3968,154,6
waaax6aa6rE,Former Trump adviser Rick Gates pleads guilty to two charges,CBS News,News & Politics,1051,26,7
zY1Lrqt1pA0,Former Defense Secretary Ash Carter warns of lack of action on Russia,CBS News,News & Politics,939,22,5
XYviM5xevC8,We Ask Kids How Trump is Doing,Jimmy Kimmel Live,Entertainment,10187392,212698,14775
4FnN4vseiXQ,If it were not FILMED  no one would BELIEVE IT | Videos you will not believe,ViralDark7,Entertainment,31370892,67156,21178
CPhXKak_bHw,Neil Cicierega - Wow Wow,NeilCicieregaMusic,Music,3437029,43822,1025
Y1EDKAW6DKw,Soldier tells truth. Dont let FEMA GET YOU!,Nathaniel6342,Music,1864347,23489,1402
kpqMmPLZIQ4,Famous People Who Destroyed Their Careers In A Matter Of Seconds,Nicki Swift,Entertainment,2452805,8746,1548
b04RVpu81is,Laura Ingraham Can t Hide Her Racist Hatred Of LeBron James,The Young Turks,News & Politics,454294,8196,1271
c0ykkHNRAro,‘18th School Shooting of 2018’ - Be Skeptical | Parkland  Florida,Matt Christiansen,News & Politics,62916,4671,92
iVaADe_dyKQ,You Won t Believe How DEMONIC 2017 Has Been  Until You Watch This....,Nephtali1981,Nonprofits & Activism,315352,4426,424
kgAFd9j1np8,Body Language: Body language expert,Bombard s Body Language,Entertainment,50457,2830,94
s20GsUTYp1M,KJ S WHAT HAPPENED? (Dec 2nd thru Dec 8th),TheScariestMovieEver,People & Blogs,26354,965,48
ppF_ZSS6GFE,Annnnd it s our fault,pocketsofthefuture,Howto & Style,5544,330,7
_kosWRuZKuI,FLORIDA FALSE FLAG? MASS SHOOTINGS? WHAT SAY YOU?,Blaine Cooper,News & Politics,22349,262,40
ntWvSkx7cOg,Camden Evacuation Crisis Actors  What the hell is going on here?,Johnny Supertramp 3,News & Politics,14170,157,74
YmuY2qlOuW8,This Will Change They Way You Look At EVERYTHING,Angel Heart Studios,News & Politics,2752,121,6
rRSAyyunByM,Florida school shooting suspect back in court,Associated Press,News & Politics,10855,76,16
8Lo2s8YGZBA,Trump says John Kelly has final say on Jared Kushner s security clearance,CBS News,News & Politics,989,20,33
UUvaBPl1a_U,Trump holds press conference with Australian Prime Minister,CBS News,News & Politics,893,9,7
Es_DTjeUqu0,Sports headlines: Latest on NCAA scandal  and Olympics come to an end,CBS News,News & Politics,255,7,1
kazYXW5x4CY,CHILDREN SHOW CONSPIRACY THEORIES,shane,People & Blogs,6104743,224787,3266
nllZrOoxpzc,15 Things Poor People Do That The Rich Don’t,Alux.com,Education,4576282,91895,33864
LPKq2K2dh6k,9/11 CONSPIRACY: THE BALL NEXT TO TOWER 2,MrIlluminati82,Education,8246690,22127,10140
EoLHn577xIE,Body Language: Creepy Joe Biden,Bombard s Body Language,People & Blogs,828255,14908,1050
ZewJrAF6xFc,Why they killed Dick Gregory,CDFury,Nonprofits & Activism,266151,5631,483
FSjyf6n28VI,Lie Witness News – Crisis in Wakanda,Jimmy Kimmel Live,Entertainment,148688,4716,94
kqBoMmI5_-I,What Everyone Missed Regarding The Obama Portrait (Black Panther  Florida  And Illuminati EXPOSED!),TruthUnveiled777,Film & Animation,294421,3801,957
YsM97t6-4go,Mueller charges lawyer with lying about Gates interaction,CNN,News & Politics,389753,3012,470
WcaZvFAOaMQ,Why are people protesting in North Dakota?,Stuff They Don t Want You To Know - HowStuffWorks,Entertainment,129123,2962,231
2CCf3IjIpWw,Kasich rips Trump for inaction on guns,CNN,News & Politics,180196,2597,846
wl9fFUz5pdA,Banks  Cartels and Money Laundering,Stuff They Don t Want You To Know - HowStuffWorks,Entertainment,140254,2400,87
TiVGhRzuvVg,The Battle of Los Angeles,Stuff They Don t Want You To Know - HowStuffWorks,Entertainment,120081,2282,75
f-_VzTjRU4Y,President Trump addresses nation after Florida school shooting,CNN,News & Politics,309369,1441,3682
eE_pIec7gSQ,What Tonya Harding Regrets Most About the Harding-Kerrigan Scandal | The Oprah Winfrey Show | OWN,OWN,Entertainment,560023,1405,267
UoKsNSM-PEo,Analyst: Trump has massive inferiority complex,CNN,News & Politics,98551,1223,413
04sVcamCqQU,DOJ Lawyer Neal Katyal: Mueller Can Ask To Indict Donald Trump | The Beat With Ari Melber | MSNBC,MSNBC,News & Politics,107003,1172,78
JLxrBBr0q8Q,Jerome Corsi Livestream 02/22/18,OpenMind,News & Politics,18741,757,18
eaYkImMgFG8,Florida School Shooting PSYOP - CIA/CNN Propaganda,Truth Virus,Education,35665,615,123
AadkUAOCzlY,Parkland Florida School Shooting,PastorDowell,People & Blogs,9508,475,18
zwBtEEH2g40,The Tonya Harding and Nancy Kerrigan Saga  Part 1,3Axel1996,News & Politics,387395,414,94
F93wj6MNNiM,Scott Adams wonders if we have entered the TCP (Trump Capitulation Phase),OpenMind,News & Politics,5291,267,10
QixDjrLlzHU,robbie parker s first acting coach screen test fail,CNN911Fakes,Pets & Animals,92450,248,73
8zLOUfJgJJU,Scott Adams discusses the Loser Philosophy of badly bearded turtle owners,OpenMind,News & Politics,4219,151,9
o0e8DjshOCE,Dr Steve Pieczenik ❤ DAVID ICKE  ALEX JONES SHOW  November 20 2017,Dr Steve Pieczenik 2017,Science & Technology,3086,122,6
QAu2LB8YPKA,Car hits White House security barrier,CBS News,News & Politics,981,34,3
X_b7HjU6bQM,Jerome Corsi QAnon Decode 02/24/18 Saturday Morning,OpenMind,News & Politics,244,23,1
fTqPMAOnjrI,FALSE FLAG! FL Shooter Interviewed by News Channel WHILE First Shots Rang Out - Smoking Gun,I Am,Education,2497,16,1
0GKD4AX18ac,Trump takes questions during join press conference with Australian PM,CBS News,News & Politics,649,10,10
GAniRWSd5Qc,Body Language: Harvey Weinstein,Bombard s Body Language,Entertainment,2860038,11829,8629
ANdXAhUWntI,*WHISTLEBLOWER* Ex-FreeMason Speaks Out,Light of Life Productions,Entertainment,745484,4251,912
oqkQ7WX_5OY,Blue Wave Coming? Democrat Upsets Trump District In HISTORIC Swing,The Young Turks,News & Politics,192897,3829,248
ciBx2ZGyZBg,Fraud Gabby Giffords Gimp Act Exposed,jeranism,Science & Technology,102455,3228,442
5cK9ie9SFjk,We call BS : Florida students demand stricter gun control laws,Global News,News & Politics,116379,3001,970
x655j5hkgEA,The Gun Control Movement Ramps Up | The Ben Shapiro Show Ep. 478,The Daily Wire,News & Politics,160331,2965,107
LlwdfKs7_w4,Who Was The Mystery Lady? Threats Made 45 Minutes Before Shots Fired In Las Vegas,DAHBOO777,News & Politics,824245,2264,276
1Otps771SsQ,Real Time with Bill Maher: Did i Just Shits My Self (HBO) New Rules | September 25  2017,Red Pearl - IGame,People & Blogs,261269,1478,148
TyxI2u1oKqg,Panelist on Trump tweets: Why doesn t he just shut up?,CNN,News & Politics,155625,1443,473
nx3KD9Xo1fg,Lemon Demon - A Mask of My Own Face,NeilCicieregaMusic,Music,108145,1334,37
5ZgdWUrQmtA,"Live Stream: The Second Amendment Is Not a Conservative Issue #LionelNation🇺🇸",Lionel Nation,News & Politics,12669,1115,20
XdQKXbUQcCg,Teacher: We need to stop tweeting what we think and start doing it,CNN,News & Politics,83068,914,264
LKRUNJrba1E,GAVIN McINNES: OPRAH SECRET LIFE - ALEX JONES INFOWARS,INFO WARS NEWS,Entertainment,32975,886,28
xRiGeDMKpKU,Lemon Demon - Fine,NeilCicieregaMusic,People & Blogs,68323,654,12
rsUmFCosuU0,Lemon Demon - The Only House That s Not On Fire (Yet),NeilCicieregaMusic,People & Blogs,71040,600,16
iCaFQ_V8f-8,Why the Controllers can t stop the Truth,pocketsofthefuture,Howto & Style,7475,503,8
CeCIIpODnfw,Lemon Demon - Marketland,NeilCicieregaMusic,People & Blogs,50651,473,16
cG5lTxFXsls,LA Marzulli Chicanery Magic is Coming / Show your Hands,Lazarus Effect Media PODCASTING,Entertainment,41135,462,49
EOPHpGAUnE0,"Thousands of journalists caught sharing #FakeNewsweek article!",OpenMind,News & Politics,2296,215,7
Uhj88wKvHOY,Waco,pocketsofthefuture,Howto & Style,3882,210,12
62C_eoH8T7g,Jerome Corsi QAnon Decode 02/22/18 Late Evening First Look at New Q Posts,OpenMind,News & Politics,3039,152,2
uzQG4fwzSx0,David Hogg is the Problem NOT The Savior! See the LIES that Follow!,GLOP GodlovesOurPassion,People & Blogs,5716,116,104
wOH8YirQlh0,Russianvids - 1957 vs 2018 Fakery,Zack Greevey,News & Politics,2543,86,2
cmA8fGB_Wic,MOVIE CONSPIRACY THEORIES,shane,People & Blogs,5384342,271136,2588
Huab6p5HW0E,John Oliver Warns Meghan Markle What She s Getting Herself Into,The Late Show with Stephen Colbert,Entertainment,3631558,36324,1924
AKrxmTLLUkk,This Is Why People Call You FAKE News  - Ben Shapiro OWNS CNN Hosts,The Right Perspective,News & Politics,2016116,15821,1454
8Kste3SQL0k,Student OWNS Marco Rubio On Gun Control,The Young Turks,News & Politics,149457,4870,362
USSksD8Nys4,NASA: We re Entering Waterworld,The Young Turks,News & Politics,147387,3084,208
qtZcpmZD2T4,Trump Accuser Isn t Giving Up,The Young Turks,News & Politics,128634,2701,187
-mhFW1rkIbw,List Of Corey Feldman’s Hollywood Predators Leaked Online,"#SeekingTheTruth",News & Politics,135964,2452,79
cqQ2d14wqJs,Las Vegas Shooting Update: The News Won t Ask These Questions,Zero Doubt Zone,News & Politics,86426,1505,95
XExBAifo0mM,Cabinet Man (Lemon Demon Cover) - Shadrow,Shadrow,Music,52628,1106,17
Po4EyCY3AzM,Florida Principal Shares Emotional Video Message for Students After Shooting,Inside Edition,News & Politics,41738,1049,39
z6lkJp_G5uw,7-Eleven Immigration Raids & Former EPA Horror Stories: VICE News Tonight Full Episode (HBO),VICE News,News & Politics,80222,807,292
BNT7wbnxRyQ,How about we stop blaming the victims? : Florida shooting survivors speak at anti-gun rally,Guardian News,News & Politics,126758,708,488
W-qP6M5psPU,Sandy Hook Fully Exposed? Florida Prof s Truther Statements,ThinkTank,News & Politics,70904,604,271
yxYDsJ7J_mw,TYT - 02.05.18: Super Bowl Recap  Breitbart  Ivanka Rubio  and Alimony,TYT Shows,News & Politics,8615,112,10
TIysTfzzgro,TYT - 02.20.18: Bump Stocks  Jack Kingston  Angry State Senator  and Cape Town,TYT Shows,News & Politics,5132,109,10
Za-PEP0J84E,Cracking The Grenfell Freemason Hoax Code (Number 19),Johnny Supertramp 3,Entertainment,1042,35,8
YVcCBuifxEE,CELEBRITY CONSPIRACY THEORIES,shane,People & Blogs,5959595,241647,1924
cgwTv8thOzc,Testing  Holographic  hair foam (the results will not shock you at all),Simply Nailogical,Entertainment,2676680,119787,1477
2NPPE6a7mSI,Trump supporter leaves CNN anchor speechless,CNN,News & Politics,24909746,95431,40482
H4esCbOJrVM,THIS VIDEO IS BEING DELETED ALL OVER THE INTERNET!,VISUAL,News & Politics,898789,22912,1302
pYKza0EQS-E,Timothée Chalamet on Oscar Nomination & Meeting Celebrities,Jimmy Kimmel Live,Entertainment,323433,13341,90
mn1fxChSbYk,What Happens When Democrats Run Your State?,Bode Lang,News & Politics,480300,9814,752
NQLALlDJ6FY,Saoirse Ronan on Her Mom  Oscars & Timothée Chalamet,Jimmy Kimmel Live,Entertainment,195194,6682,55
UMfK7vBjT_w,Has Oprah Winfrey Been Hiding a Third Hand All These Years?,Jimmy Kimmel Live,Entertainment,231642,3492,161
kh2NZWBvfWI,Lemon Demon - One Weird Tip (unreleased),NeilCicieregaMusic,Music,110673,3152,25
fhEPbrfE4YM,AFRICA Blood Sacrifice WITCHCRAFT WORLD: The Next Frontier,The Black Child,People & Blogs,121523,2682,123
ef7OUmfendA,Parkland Shooting Survivor: CNN Gave Me  Scripted Question  After Denying Question About Armed Guard,Lionel Nation,News & Politics,28808,2037,58
klUjQmAzufQ,Lawmakers pass on gun debate  vote to say porn is dangerous,CNN,News & Politics,195868,1970,556
Na7d3SFbzzQ,Jason Bateman on First Talk Show Experience,Jimmy Kimmel Live,Entertainment,126196,1421,28
OSvMkiPR4i8,The Las Vegas Massacre (Full Story)- Jim Fetzer  Dean Ryan & Marine John Anderson Speak,Truth Be Told TV,Entertainment,79715,872,84
DLacACcToPU,CRITICAL! JEROME CORSI QAnon  U1  PFP  PLANE HIT? CIA! - ALEX JONES INFOWARS,INFO WARS NEWS,Entertainment,15517,680,16
C8Re5PBkVA0,Rep. Gowdy on the gun control debate,Face The Nation,News & Politics,108267,472,220
jrRBhHOjqWA,Mitt Romney Said He Wouldn t Accept President Donald Trump Endorsement. He Did. | All In | MSNBC,MSNBC,News & Politics,40634,364,41
5qBA5-PZgqY,Lemon Demon Sweet Bod,Quinn Kenny,People & Blogs,40371,360,6
oTDxX4sUPIU,Ole Dammegard Exposes the Las Vegas Mandalay Bay Shooting False Flag: The System is Down,The System is Down,Entertainment,27457,306,27
gW7NUuX3cBE,Lemon Demon - Sundial,NeilCicieregaMusic,People & Blogs,43847,288,3
OjCnqSYrKfM,Raw Video: Florida School Shooter Makes Brief Court Appearance,CBS SF Bay Area,News & Politics,70522,228,50
oQL5XQuGlFY,Deep State False Flag attack? Second shooter in Florida?,Sage Wanderer,Autos & Vehicles,4441,161,15
HgpTEasVCqI,2/20 Morning Report! Is Q Anon using encrypted messages in his posts? Apache and Water!,Farmer Jones,News & Politics,5896,149,4
EeKg_h0dCp8,SOLVED!! Seth Rich Murder Conspiracy Hoax Coded 33 Goy Shit!!,Johnny Supertramp 3,News & Politics,8975,140,96
fJybwbJgRKA,Milo And Chadwick Moore Ripping On Adam Rippon,OpenMind,News & Politics,354,20,3
19StIVP4lvc,POP CULTURE CONSPIRACY THEORIES,shane,People & Blogs,5306585,247216,2282
oVAbNmGsge4,YOUTUBER CONSPIRACY THEORIES & MANDELA EFFECTS,shane,People & Blogs,5954738,242908,2430
EhFPMTWSsso,10 Things Body Language Says About You,TheHUB,Education,12632463,81122,20113
RfWC4iDzpdI,Team LeBron vs Team Stephen - Full Game Highlights | February 18  2018 | 2018 NBA All-Star Game,Ximo Pierto,Sports,8730824,71294,3312
QZL2NrrhjHY,Guillermo – God s Plan,Jimmy Kimmel Live,Entertainment,1594289,59613,1156
mGB9A4ODmFo,9/11 - What Happened to the Passengers?,NRUN65,Education,3792052,20371,3810
WsYD9-gx-AU,New Never Before Seen Footage Of 9/11 Will Give You Chills,911TruthNOW,Education,5056087,12238,1757
8D0vjTiPnQo,Pussycat Dolls FREEMASON TEMPLE PROSTITUTES EXPOSED  again.,The Black Child,People & Blogs,260332,4270,292
1fVvKR3Wv7s,George & Amal Clooney: ILLUMINATI ARAB SATANISTS,The Black Child,People & Blogs,730368,4156,1266
fplx6UUaVcs,Republicans Struggle To Explain  Indisputable  Russia Election Interference,The Young Turks,News & Politics,205969,4142,510
k5tEtuPBfC0,Another Trump Affair  Another Cover-Up,The Young Turks,News & Politics,193945,3053,285
Ttgi9ZeT5fI,Guillermo’s Snapchat Dysmorphia,Jimmy Kimmel Live,Comedy,65419,2231,70
4WID8jBX4JM,Oprah Winfrey Doesn t Answer Her Phone,Jimmy Kimmel Live,Entertainment,185867,2205,56
Xs9OkUD7T6E,Democratic Focus Group Has Some Bad News...,The Young Turks,News & Politics,95836,2173,110
DUoWXxwf03w,Saoirse Ronan on Lady Bird & Disneyland,Jimmy Kimmel Live,Entertainment,51256,1871,13
SFK0TAB0iHw,Major City DESPERATELY Avoiding Catastrophe,The Young Turks,News & Politics,76877,1530,145
h-mLRi9TXmw,Las Vegas: Forensic Animation. Reflections  Brass and Eyewitness Trust,HDRCFX Cornwall,Entertainment,139289,1475,155
5qYwPq8Zs6w,Are These People Skating or Sneezing?,Jimmy Kimmel Live,Entertainment,67581,1448,43
aisS-_Wczts,Armed Deputy at Florida School  Never Went In  During Shooting: Sheriff,Inside Edition,News & Politics,50405,1333,73
LKe2I-s_AQo,Grenfell Tower: Massive Building Fire In London! - (Compilation),Just Gone Viral,Entertainment,1028253,1304,570
7a4fNG3fIcA,Nothing Shocks Me Anymore - SINS OF THE WORLD - Past 5 Days (2018),SoulJa Of GOD,Education,46368,1132,42
F7ixLxwpJzg,Jason Bateman on Game Night & Oprah,Jimmy Kimmel Live,Entertainment,82347,1107,16
5EfyD7Wu5fQ,Dr. Steve Pieczenik: Sandy Hook was A Total False Flag!,The Alex Jones Channel,News & Politics,112954,1054,74
KJxgSdY7-xo,BREAKING! JEROME CORSI: BIG STUFF! - ALEX JONES INFOWARS,INFO WARS NEWS,Entertainment,24935,952,11
dq8XsmoBIBA,Jimmy Kimmel Presents 2018 YouTube Olympics – Night Seven,Jimmy Kimmel Live,Entertainment,48468,780,36
BDxAhdEjDRA,Chef David Chang on Food Critics  New Show & His Parents,Jimmy Kimmel Live,Entertainment,59309,691,19
_HcdyEVR45I,Jimmy Kimmel Presents 2018 YouTube Olympics – Night Eight,Jimmy Kimmel Live,Entertainment,18705,544,12
cqTJVWzWyig,Republicans respond to Trump s tweets on FBI and Florida school shooting,CBS This Morning,News & Politics,148308,516,383
Ebd1KAvDIJU,Andra Day – Stand Up For Something ft. Common  with Diane Warren,Jimmy Kimmel Live,Comedy,10762,409,19
-5tKC33x6iY,Kyle Chandler on Getting Nervous Before Talk Shows,Jimmy Kimmel Live,Entertainment,18860,395,7
s0RL1tKqdXg,Las Vegas Shooting False Flag??? Interesting Choice of CNN Fake NEWS WORDS…..,Kimberly McGeorge,Film & Animation,64601,340,133
nosHBerF2QU,Joey Dosik - Running Away,Jimmy Kimmel Live,Comedy,5195,303,11
2HePr6B-qtg,Jimmy Kimmel Live Tonight (Friday 2/23),Jimmy Kimmel Live,Comedy,21161,277,12
Jw51iDqU5_g,Joey Dosik - Game Winner,Jimmy Kimmel Live,Comedy,3759,221,8
C3grouDLNt0,Teacher and student who witnessed Florida school shooting:  Something has to change,CBS This Morning,News & Politics,32456,176,259
C5P6OGRY_gs,TYT - 02.13.18: Obama Portrait  Anti-Muslim Activist  Teacher Died  and Kirsten Gillibrand,TYT Shows,News & Politics,13972,175,37
uZlDpQpC2pM,BITCOIN CRASH EXPLAINED BY BITCOIN MILLIONAIRE,AMTV,News & Politics,689199,,
0Jyd7ARWi8A,POP CULTURE CONSPIRACY THEORIES,shane,People & Blogs,5186715,264741,1633
P_6vDLq64gE,How to spot a liar | Pamela Meyer,TED,People & Blogs,10124664,85027,4323
nQrpLp-X0ws,9/11 Firefighter Blows WTC 7 Cover-Up Wide Open,The Alex Jones Channel,News & Politics,3232993,36925,1158
c0bu02AN_kE,Why I Don t Talk to Libtards about GUN CONTROL,ThePatriotNurse,Education,46860,4660,421
zKD4i-4uTo8,Anti-Gay Political Ad Goes Viral,The Young Turks,News & Politics,169059,3443,787
6vXATo_0BI8,Body Language: Tom Delonge,Bombard s Body Language,Entertainment,216349,2946,600
AZmr8FVcjtM,Republicans: Porn More Dangerous Than Guns,The Young Turks,News & Politics,140096,2927,342
Jj4oAjQt0Zs,MEDIA MOMENT BLOWN. GAME OVER. Antigun Alt-Left Deep State Shills Blow Up: Trump Pivots Brilliantly,Lionel Nation,News & Politics,40882,2838,57
RmhGsMkqJJ4,Joe Rogan on Cenk Uygur & The Young Turks,JRE Clips,People & Blogs,167287,1784,1240
XPiCJt5YtPo,Evil runs this Satanic earth  1967 truth recorded t watch  must share.,FlatOUTELECTED,Film & Animation,64926,1466,56
F7kZp_XhBx4,MUST SEE! A DARK TRUTH About The FL High School Mass Shooting,AMTV,News & Politics,92303,1357,554
L5FW-oXk_Ag,Requiem for the Suicided: Terrance Yeakey,Corbett Report Extras,News & Politics,43261,1196,15
Xsa0JDNrWRs,Jared Kushner s Security Clearance Is A Problem For John Kelly | The Last Word | MSNBC,MSNBC,News & Politics,133077,1036,44
N8AB7bs3ngc,First Responders Honored for Their Bravery in Florida School Shooting,Inside Edition,News & Politics,15336,721,17
XCqKKs3Qm1w,Michael Steele Responds To “Black Guy” Comment At CPAC | The Last Word | MSNBC,MSNBC,News & Politics,27859,557,42
XeDk_0k1QB0,Hear Suspected School Shooter Nikolas Cruz Call 911 in Domestic Incident,Inside Edition,News & Politics,79819,499,38
5llRGuOTkWE,STEVE PIECZENIK: BREAKING! 11/10/17 ALEX JONES INFOWARS,INFO WARS NEWS,News & Politics,22962,456,20
IopO5hYOJOc,Lemon Demon - Ben Bernanke,NeilCicieregaMusic,People & Blogs,34507,335,7
iSSAbQdtp7Q,How many people lost their lives in the Grenfell Tower fire? - BBC Newsnight,BBC Newsnight,News & Politics,56771,327,129
G40k_8SMOGo,David Hogg Florida School Shooting Interviews - It Was So Real  But It Felt So Fake,The Paulstal Service 6,People & Blogs,17337,251,32
ON6qkxaifoE,SOLVED!! The REAL Meaning of Simpson s Higgs Boson Prediction in 1998! HD 720p,Johnny Supertramp 3,Entertainment,2124,42,10
95bOSf8R-v0,Lemon Demon - Lifetime Achievement Award,IRPMarch2016,Music,2396,24,1
JxmEFeKy8aI,Forensic acoustic proof of SECOND shooter in the Las Vegas massacre,TheHealthRanger,News & Politics,1255669,34910,1772
FFrZfluKDrc,Pussy Riot Gets Whipped in Sochi,VICE,News & Politics,3461750,23223,7314
n3xgjxJwedA,9/11 Trillions: Follow The Money,corbettreport,News & Politics,1621347,14697,598
lSlfpJMOOSE,Body Language: Jordan Peterson,Bombard s Body Language,Entertainment,90208,4201,612
D3phOoH8OyY,"Critical Thinking and Rational Focus Have Been Lost in #ParklandShooting Media Coverage and Analysis",Lionel Nation,News & Politics,25030,2077,26
fu0hN4aUTLs,Michael Flynn to Withdraw Guilty Plea After Judge Exposes Rampant and Putrid FBI and DOJ Corruption,Lionel Nation,News & Politics,34302,1590,20
lMdbTGUcpkI,Minnesota militia group says they re ready for  civil war,FOX 9 News | KMSP-TV Minneapolis-St. Paul,News & Politics,211177,1536,660
0HHpHlocrvk,Former Playmate alleges affair with President Trump,CNN,News & Politics,253223,1492,667
6KH5QBZdvf0,Lemon Demon - Jaws,NeilCicieregaMusic,Music,102023,1175,25
2wdl6JRl3CY,Olympian Gus Kenworthy Visits Korean Dog Meat Farm:  I Am Heartbroken,Inside Edition,News & Politics,26520,1163,56
o4USF6Nu6KM,"Live Stream: Bravery Will Be Yours If You Want It! #LionelNation🇺🇸",Lionel Nation,News & Politics,10804,1119,23
_L1fmT6SwAw,Clues to the next FALSE FLAG... Fake Aliens and Predictive Programming,New Horizons EXTRA,Education,54825,987,67
SPBiTWlY0bI,Nancy Kerrigan (USA) - 1994 Lillehammer  Figure Skating  Ladies  Free Skate,3Axel1996,Sports,362525,981,147
F4DiQCyjpaI,Addressing Gun Violence at Schools Is Not a Political Issue: It s a Common Sense One,Lionel Nation,News & Politics,9662,843,21
AzKtE1IRP5U,Teachers Return to Florida School Where 17 Lives Were Lost:  It Makes Me Cry,Inside Edition,News & Politics,29736,804,18
-1YznrFXXVY,Robert David Steele In Tokyo  Trump - Deep State Update  Benjamin Fulford & Princess Kaoru Nakamaru,Victurus Libertas VL,People & Blogs,26629,674,30
xAvLFJ9GXWk,Joe Rogan on Las Vegas & Sandy Hook Conspiracy Theories,Joe Rogan Fan Page,People & Blogs,123080,573,278
coz_blZWwBU,RussiaGate investigation is designed to vindicate Hillary s losing a rigged election  – Lionel,Lionel Nation,News & Politics,9282,480,4
wbzYXaIiXko,MS Douglas Teacher Says Officer Scot Peterson Used As  Scapegoat  | MSNBC,MSNBC,News & Politics,30691,465,60
ukhquu5OEdg,STATE INVESTIGATORS *KNOW* NOT KID IN CUSTODY...ESCAPED SOUTH...,Florida Maquis,Education,9377,433,30
bt-B9NO4zMo,The Watchers Forbidden Knowledge That You Were Not Supposed to Know,Ancient Secret Discoveries,People & Blogs,35657,393,36
JniShTWwJn4,Lemon Demon - The machine,zombiekiller2045,Music,54287,373,7
7ylHz_a1cO4,Who Is Dana Loesch  the 39-Year-Old NRA National Spokeswoman?,Inside Edition,News & Politics,11168,320,55
RYIF2K4SzVc,Alex Jones (FULL SHOW) Monday 1/8/18: News & Analysis  Michael Malice  Jack Posobiec,Ron Gibson,News & Politics,25217,311,23
sXSB82TdYZo,FBI received disturbing tip about suspected Florida school shooter,CBS News,News & Politics,5102,89,20
wbQSPk4rFZ4,153 Killed in Pakistan Fuel Tanker Hoax  Coded 7-33  plus Big Prediction for 6/27,Johnny Supertramp 3,News & Politics,798,29,0
Pia2wu_QqTg,9/11 CONSPIRACY THEORIES,shane,People & Blogs,5910789,221909,2410
i1GRvRfF7sI,AVRIL LAVIGNE CONSPIRACY THEORY,shane,People & Blogs,4321640,215784,1817
-sXnoM6rDB4,I GOT FIRED...,Jack Coyne,People & Blogs,1405387,48747,1681
U1Qt6a-vaNM,JFK to 911 Everything Is A Rich Man s Trick,Everything Is A Rich Man s Trick,People & Blogs,5423320,47344,2748
ILYu1OuruZE,Inside Mariska Hargitay s Tragic Real Life Story,Nicki Swift,Entertainment,2675508,21858,1228
tHv0RExQsPQ,Ron Perlman Talks President Donald Trump Speech Patterns | AM Joy | MSNBC,MSNBC,News & Politics,2341420,21538,8805
qxDotdijP5Y,What the Hell is Happening Here at Hooters/Las Vegas on Oct. 1st (NEW VIDEO),HighImpactFlix,Entertainment,539723,9822,339
ubg8hOBmzkM,How 4Chan is Exposing The LIES About The Vegas Shooting,The Red Elephants,People & Blogs,324639,8244,1120
UQChaUS1H2I,New Report Suggests Jared Kushner May Be Compromised By China | Rachel Maddow | MSNBC,MSNBC,News & Politics,607157,4515,391
ahh5luJo4Jc,Secret SATANIC Messages In Movie ´´Mother´´ (2017),TheScariestMovieEver,People & Blogs,123084,3828,237
1SXYmWVGj-s,School shooting suspect  threatened  girl he d briefly dated: Student,ABC News,News & Politics,325909,2623,142
uiBxr94XINg,Orlando Shooting | Mom Cries for Son Allegedly at Gay Nightclub,ABC News,News & Politics,370433,2358,3850
vTYJ5Yi-1kk,Total Proof Boston Bombings Were A False Flag!,The Alex Jones Channel,News & Politics,251015,2042,441
RIvloutPtC8,"FULL: Lionel and Dr. Jerome Corsi on #QAnon  #DeepState Despotism  Russian Indictments and #MKUltra",Lionel Nation,News & Politics,34114,1287,46
HWTzAITuZko,Family Still Seeking Answers in Murder That Inspired ‘Three Billboards’ Film,Inside Edition,News & Politics,29481,909,13
SHGOzN2-pD4,Lemon Demon -  Dinosaurchestra  (2006),2Neil2Cicierega,Music,75684,755,8
kspM20GY0d8,Kidnapped Model Seen Showing Cops Barn Where She Was Held Captive,Inside Edition,News & Politics,23070,527,47
o2Y4OejFB88,Armed Officer Assigned to Florida School Took Cover Outside During Shooting,Inside Edition,News & Politics,16511,491,28
XZwCAbqAjNw,Lemon Demon - Amnesia Was Her Name,NeilCicieregaMusic,People & Blogs,50758,437,7
ZDrHSxa26PI,Lemon Demon - Hyakugojyuuichi 2003,NeilCicieregaMusic,People & Blogs,31708,276,5
HqCT-RdteDw,Great Awaking Board 404 + Qanon Goodbye - Montagraph + cryptoemoji | Def Vlog 5,Defango,People & Blogs,2691,125,28
rDxnynC961Y,Long Island Deals With MS-13 Violence & Impact Of Donald Trump s Rhetoric | All In | MSNBC,MSNBC,News & Politics,8211,120,18
uhUPDuqWQDc,Dr Steve Pieczenik & ALEX JONES STATE OF AFFAIRS CONDENSED | November 19 2017,Dr Steve Pieczenik 2017,Science & Technology,3233,117,2
ps2cy6583UQ,Russianvids - RV Update (Peekay Live),Zack Greevey,News & Politics,436,74,0
lT9Jw99f9yY,Petya Global Ransomware Hoax Coded 7-33 Freemasonry,Johnny Supertramp 3,News & Politics,701,25,3
yH8HPARm3JY,POP CULTURE CONSPIRACY THEORIES with NIKKIE TUTORIALS,shane,People & Blogs,4655241,240157,1954
8E3K8Ou-N9o,SCARY CONSPIRACY THEORIES - JONBENET RAMSEY MURDER,shane,People & Blogs,6344659,236026,5277
WyGq6cjcc3Q,Alex Jones: Last Week Tonight with John Oliver (HBO),LastWeekTonight,Entertainment,11709518,176671,23714
LvrCoDZUwRg,Lemon Demon - Goosebumps,Neil Cicierega,Music,585651,8241,295
Xr9pQ1pIbiU,Waco - A New Revelation,rtxyz1,News & Politics,1156574,7685,611
UArj8Z4qm1k,Body Language: Princess Diana,Bombard s Body Language,Entertainment,442977,4957,331
OThoO-vnIZI,Cooper to Rep. Nunes: You ve fooled us once,CNN,News & Politics,636821,3808,1555
dSjTZ6uC0ZY,Peter Kuznick: Three False Myths Americans Believe,Regis Tremblay,Nonprofits & Activism,143853,3011,382
EYVy06RoER0,Abel Danger s Field McConnell on Las Vegas  Paddock  Pedogate  911 and JFK,Jason Goodman,News & Politics,148620,2419,115
KJTTCyd-L1Y,Grenfell Tower Block Incident,Anonymous,Nonprofits & Activism,221038,1473,295
gqsZpug_Ydk,What a Chore for 11-Year-Old Trying to Carry Trash Can on Icy Driveway,Inside Edition,News & Politics,51421,1220,130
tBmclOqmTwg,Tierra Plana en los Medios Argentino / Fundadores de La Nasa / Jesuitas / Masones / Ciencia,Iru Landucci // Nur para todos // Tierra Plana,Science & Technology,27017,1196,94
fI8oP8knokI,Directo // Noticias y Novedades,Iru Landucci // Nur para todos // Tierra Plana,Science & Technology,25474,1022,74
akyRF0ZVoEk,Laura Loomer Talks About the Vegas Anomalies on The Hagmann Report 10/26/17,The Official Hagmann Report,News & Politics,64208,1004,94
vaUNgS2O1bI,Lemon Demon - Really Cool Wig,NeilCicieregaMusic,Music,95892,977,39
ihVxKNtKPWA,President Trump Meets with State and Local Officials on School Safety,The White House,News & Politics,37005,933,97
NXGdLi4_cLI,Directo // Temas: Javi Poves en m21 hablando de la tierra plana,Iru Landucci // Nur para todos // Tierra Plana,Science & Technology,15931,725,60
0JNvMMsODfo,Grenfell Tower fire: Baby thrown from burning London tower block,ODN,News & Politics,459353,721,159
AQPDT1WgiIs,A global act of false flag terror - on tour: Ole Dammegård,Morph314,Education,61866,684,23
wMGsF-imdm0,Lupita Nyong o s FULL INTERVIEW with Jimmy Kimmel,Full Interview,People & Blogs,58702,658,20
eb_-h4I1T5E,Jean-Pierre: Trump family a walking  talking conflict of interest,CNN,News & Politics,43137,593,406
nKbCYKN0kl0,Columbine shooting survivors react to Florida school shooting,Denver7 – The Denver Channel,News & Politics,71511,561,37
KheyyZo-gec,Couple Who Took In Florida School Shooter Nikolas Cruz Admit They Knew Cruz Was Depressed | TIME,TIME,News & Politics,122050,493,122
UlG-mDbO0r4,Lemon Demon - My Trains,Ben Simon,Music,43250,435,11
Jihs3KDzLR0,Counter hostile foreign actors’ Dems want $300M for FBI to catch collusion they can t find — Lionel,Lionel Nation,News & Politics,6626,382,4
NUTauS99cD8,lemon demon - bill watterson,zombiekiller2045,Music,41766,379,4
0Vy84-VqLGY,President Trump Hosts Discussion With Parkland School Shooting Survivors  Sam Zeif Speaks Out | TIME,TIME,News & Politics,49098,373,85
xevb_atOTfw,How Robert Mueller Is Prosecuting Russia Probe Like A Mob Case | The 11th Hour | MSNBC,MSNBC,News & Politics,21260,328,18
feoz_GJBTFw,"#CodySnodgres Las Vegas False Flag",SNAFU radio,News & Politics,4471,260,10
kui6WhujfYw,Ted Cruz: Democrats the party of Lisa Simpson when it comes to guns,CNN,News & Politics,44485,176,704
82OD4c82Z3s,Time Stamp + Montaphile +Zionist Alt Right = Q anon Players? | Def VLog 8,Defango,People & Blogs,1815,123,21
YhINodueWZQ,Russianvids - Is Anything Real Anymore?,Zack Greevey,News & Politics,4058,90,2
5OIBprezlLY,The state of Cryptocurrency and STORM Operation | Def Vlog 4,Defango,People & Blogs,1126,82,5
qaumY6wM4ck,Defango - Chickens Out Of $1 000 Challenge?? Show your ID DALE,Defango,People & Blogs,981,72,14
WSq1Bt80VCc,Full time on steemit + D.tube | Season 2 Ended | vlog 1,Defango,People & Blogs,875,72,6
HDj5KLxx07k,President Donald Trump And Australian PM Hold White House Press Conference | NBC News,NBC News,News & Politics,6245,67,34
KGQ2LrHaaVc,Tesla Roadster Fakery Proves CGI Space,Zack Greevey,News & Politics,1470,63,3
r8qYXXTdGeA,Arriving Grenfell Firefighters Joke & Laugh @ Towering Inferno,Johnny Supertramp 3,News & Politics,4082,51,24
NdzXzLR-iQw,RE: Defango Nonfactional Information Guy,Defango,People & Blogs,864,47,12
CS6zEtFmU4c,U.S.-Israeli embassy to move to Jerusalem in May,CBS News,News & Politics,2265,44,25
KiRemtbAaC8,Friends and family celebrate the life of Florida shooting victim Meadow Pollack,CBS News,News & Politics,701,36,2
mtXr3NsgX6c,Rick Gates  guilty plea  Trump s reaction to shooting and more Washington news,CBS News,News & Politics,1972,34,5
64qbCZt5UUI,Ex-Trump campaign aide Rick Gates pleads guilty in Russia probe,CBS News,News & Politics,912,29,1
_0aJ3xRCvSU,"cryptoemoji.io | An Economy Built Entirely on Emoji - #Emojinomics",Defango,People & Blogs,354,25,7
z-bDzuT5ZzA,Russianvids - NYC vs London Fire Comparison,Zack Greevey,News & Politics,320,15,0
UgAdFIn-9nQ,POP MUSIC CONSPIRACY THEORIES,shane,People & Blogs,5081821,223541,2112
bD3DjN7i1Fg,BEST NEWS BLOOPERS 2017,News Be Funny,Comedy,12340496,85092,5464
CrQVAr7F4co,INVESTIGATING MORGAN S GHOST: ANGIE,ThePsychicTwins,People & Blogs,419313,23758,358
ni3wdDBNvfk,18-Year-Old Florida Shooting Survivor Still Has Shrapnel in Her Face,Inside Edition,News & Politics,304364,5529,190
vvw3pHiWUfQ,NRA CEO Wayne LaPierre speaks at CPAC after school shooting,CNN,News & Politics,132848,4638,2029
WchseC9aKTU,Lemon Demon - Two Trucks,NeilCicieregaMusic,Music,214789,3371,61
_mFrHKKH2DA,"Valentine s FF Child Massacre in PEDO-Infested Broward Cty  FL: #QCONFIRMED",You Are Free TV,Nonprofits & Activism,40193,2412,42
OiFgXsQ3PE4,Q WATCH THE WATER,James Munder,Education,67372,2287,53
SfXm8s37E8g,Tonya Harding speaks out about Nancy Kerrigan attack,Good Morning America,Entertainment,577648,2053,195
pQSmJSjnLQY,Black Child s TOP TEN ILLUMINATI-FREEMASON Moments of 2015 Pt.1,The Black Child,People & Blogs,240640,1965,237
CXTLp3Y3DW4,Emma Gonzalez Is the Internet s Voice of Reason After Florida School Shooting,Clevver News,Entertainment,53125,1901,247
pNEnGhwU6i4,Lionel Interviews the Inimitable and Ineffable Peter Lavelle  Host of RT s  Cross Talk,Lionel Nation,News & Politics,35587,1754,35
dqqWr2jAfgI,Florida School Shooting - FBI Knew About Nikolas Cruz In Advance of Massacre,Blackstone Intelligence Network,People & Blogs,34705,1746,34
bDyacwHYAok,Tucker: Calls for gun control are a kind of class warfare,Fox News,News & Politics,86799,1469,446
c_obS5_YxMw,Thoughts and a Path Forward From the Parkland  FL Massacre | Active Self Protection Extra,Active Self Protection Extra,Education,16453,1211,35
e0SP7PV0Avk,Rania Ibrahim s Snapchat/FB Live from inside the Grenfell London Tower Fire. WITH SUBTITLES,Faz Naz,People & Blogs,337330,1091,122
SGaP1-ZUo9E,Key To Las Vegas Shooting Is McCarran Airport: Shepard Ambellas of Intellihub on Las Vegas,roypotterqa,News & Politics,58424,1080,78
xmsxB25cdiQ,Cannibalism at Kazakhstan Pentagram & Hollywood (REVISED),Builder Rejected,People & Blogs,28656,1036,34
yjZ8lwbrj0M,The Alaska QUAKE was MUCH MORE than a Quake. This Changes Everything:,The Positive Side of 2012,News & Politics,20918,906,42
sGT_prx-03Y,[HD] Nancy Kerrigan - 1994 Lillehammer Olympic - Free Skating,Mintaka Alnilam,Sports,265930,894,83
ba3DvmCEiyU,"#Pizzagate Victim Speaks Out! Exposes Hollywood Pedophiles!",Pizzagate News,People & Blogs,51274,832,62
c2D9B4qV4vg,Lemon Demon - When He Died,Lady Siara,Music,35349,444,7
r8lI4ABI060,MATT BRACKEN: White Hats Closing In On Shadow Government - ALEX JONES INFOWARS,INFO WARS NEWS,Entertainment,8327,435,4
zoTxQEsBy-A,Florida School Shooting Suspect Charged With 17 Counts Of Premeditated Murder | TIME,TIME,News & Politics,91775,388,51
oPwGO2FjGec,Lemon Demon - SAD,NeilCicieregaMusic,Music,20868,291,2
SeXE6lo2dzI,Lemon Demon - Eighth Wonder (2016),PB Chanel 1,Music,16651,226,2
innxh5NjOvo,How the 1994 Nancy Kerrigan Attack Changed Figure Skating - 1995 U.S. Nationals,3Axel1996,Sports,175646,201,27
9Jvj4FQdg5Q,TYT - 01.26.18: Trump Ordered Mueller Fired  and ICE,TYT Shows,News & Politics,27961,176,30
rJnarK0LSrM,ROGER STONE  PODESTA 11/12/17 ALEX JONES INFOWARS,INFO WARS NEWS,Entertainment,7414,133,8
3-h6zd8sUAQ,New wave of airstrikes in Syria,CBS News,News & Politics,423,45,11
4R1vp_TXYXk,Climate Change Pull-Back 2015 vs. 2018... It s Ironic (new normal) documentary remix,mental_boost,People & Blogs,421,41,1
pWF7YeLe3ME,Calif. parents accused of child abuse back in court,CBS News,News & Politics,4818,39,5
6hlSvWOXQLo,SpaceX Edits  Live Stream  Post Landing (Mirror),Zack Greevey,News & Politics,539,34,1
DhPx-zhMbpo,Crypto Politicians - buy and sell Politicians and play Politics with Ethereum,Defango,People & Blogs,572,32,2
8DpMW1-YaOE,Unvaccinated Kids Are Healthier Study Shows,Zack Greevey,News & Politics,382,26,1
pzlu1J4lu4Q,Joe Rogan - There s No Way We Went To The Moon!,Zack Greevey,News & Politics,565,23,0
o1w18FDGVhg,U.N. approves 30-day ceasefire in Syria,CBS News,News & Politics,220,19,3
HCYbj6Jnczc,Grenfell Exposed Gas Piping Close Up,mental_boost,People & Blogs,139,14,0
uWEx_u8fyYo,Grenfell Tower The Blind Man In The Window Stabilized Video,mental_boost,People & Blogs,201,12,0
XtKPBaV-gns,CELEBRITY CONSPIRACY THEORIES,shane,People & Blogs,3520941,210805,1461
e-wXcJA-et0,911 WHAT REALLY HAPPENED ?? See with your own eyes,yvonne bailey,Education,4760941,20347,1712
DbO0T4JLZjI,4 Things Beneath the Antarctic Ice,Stuff They Don t Want You To Know - HowStuffWorks,Entertainment,1326307,12414,1170
IbA2HFJ949U,THIS WILL SHOCK YOU TO YOUR CORE 911 From Cheney to Mossad,RichieFromBoston,Howto & Style,1403033,11733,1447
sS9olPA2BK0,5 Things Shills Don t Want You To Know,Stuff They Don t Want You To Know - HowStuffWorks,Entertainment,558869,8277,560
Tvj3enjkQuQ,5 Things They Don t Want You To Know About Diamonds,Stuff They Don t Want You To Know - HowStuffWorks,Entertainment,462845,4802,192
ppcM6yfG8Ns,Se confirma la existencia de fotografías reales de La Tierra desde el espacio.,Iru Landucci // Nur para todos // Tierra Plana,Science & Technology,249149,3479,1126
EeCqrFnR_9Q,Teacher who hid students: The government failed us today,CNN,News & Politics,616532,3465,847
0voejKDHqqo,NRA Literally Funded Marksmanship Training For School Shooter,The Young Turks,News & Politics,121628,2662,473
ZWefDIBCAH8,Charles Barkley rips Laura Ingraham and Fox News,Andy King,Sports,218131,1935,516
ta25I2CbDVw,Tonya vs. Nancy | National Geographic,National Geographic,Entertainment,321272,1735,60
P-W1iPTozVg,Directo // La NASA LA MAS GRANDE INSTITUCION DEL MUNDO MUNDIAL,Iru Landucci // Nur para todos // Tierra Plana,Science & Technology,24009,962,97
W5DHhL127eM,Mega Analisis del Falcon Heavy Tesla Roadster,Iru Landucci // Nur para todos // Tierra Plana,Science & Technology,22673,792,179
VLQkhnc2JUc,Archaeological Discoveries That Do Not Conform to Mainstream History Books,ZEG TV HIDDEN FROM THE PUBLIC,People & Blogs,59115,717,59
T469_dQCoMg,Flat Earth - Is SpaceX FakeX? SW136 - Mark Sargent ✅,markksargent,Education,48324,642,220
pbi-lfWgeqM,True Hollywood Stories Tonya Harding,Cor Steyn,News & Politics,203255,597,90
2gljgtPtB4c,Directo con Gaston Vargas // Medicina Germanica // H.I.V. // HELIOCENTRISMO // Parte_2,Iru Landucci // Nur para todos // Tierra Plana,Science & Technology,7631,281,65
R6LA3ZvNxI8,Florida School Shooting Motivation? Closer Look,Hooliganmonsoon,People & Blogs,6000,249,8
3bmMjkSk_oA,Secret Service: Driver  Apprehended  After Hitting Barrier Near White House | Velshi & Ruhle | MSNBC,MSNBC,News & Politics,30166,240,28
n1OYUbKbuBQ,Multiple Eye Witnesses Report More Than One Shooter In Parkland Florida Shooting,War Room,News & Politics,4604,196,6
tVUFE5RvSMQ,Nancy Kerrigan speaks out on father s death,JessicaLatestNews,News & Politics,143233,188,38
4hvf2OKojMs,TYT - 02.07.18: Budget Deal  DACA  Sheriff  and Russian Tumblr Trolls,TYT Shows,News & Politics,17804,146,33
OzWrnNY-SMQ,President Trump slams FBI over FL shooting  Russia,CBS News,News & Politics,18944,132,63
oP8SbJ1OxkA,9/11 What Happened to the Passengers?,Somebody Had To Say It,Education,9943,106,7
nbMEcfofRFA,SCARIEST FAST FOOD STORIES,shane,People & Blogs,4482133,219991,1373
B4HEchh0XD8,EXCLUSIVE: Texas Massacre Hero  Stephen Willeford  Describes Stopping Gunman | Louder With Crowder,StevenCrowder,Comedy,804130,51465,434
ucTLLgXNnOQ,Nobody in America is Talking About This... (2018),Jason A,News & Politics,3519505,25284,5495
KhGCV50-nrw,Noah s Ark-eology: A Hidden Mayan Village & The Cheddar Man: The Daily Show,The Daily Show with Trevor Noah,Comedy,1118967,17645,581
RXq9naEtZUI,WHERE IS KANYE WEST?,The Black Child,People & Blogs,1316410,11392,1272
FwAkZPeHN2I,Charlie Pride Has Enough Of Whoopi Goldberg’s Race-Baiting On Live TV(VIDEO)!!!,GLOBAL News,News & Politics,3048269,8893,4354
VN6R268lvC0,Anderson Cooper s MAGNIFICENT Response To Trump Proving Why He Is  Rac!st,Jon Snow - The Viral Network,People & Blogs,641902,6799,880
qqtWomHSwok,HULU and TELEVISONs Are DEADLY   And I ll PROVE it,RichieFromBoston,Science & Technology,119188,4330,104
_Qctex5ZJCI,Survivors Of The Parkland School Shooting Speak Out,ABC News,News & Politics,452130,3932,2384
ikoc7cXBeQE,This Is The Political Aftermath Of The Parkland School Shooting (HBO),VICE News,News & Politics,64468,1687,823
XTUG0WufKfc,Democratic lawmaker calls Trump  psychopath,CNN,News & Politics,160947,1565,923
_y-Dru1ipn0,Las Vegas Massaker: Schief gelaufene False Flag Operation?,Oliver Janich,News & Politics,98174,1454,299
x2a1FwYEZS4,Bombshell: Sandy Hook Massacre Was A DHS Illusion Says School Safety Expert,The Alex Jones Channel,News & Politics,199856,1331,287
LmRG-fVi1iE,Student speaks about suspect after Florida school shooting leaves 17 dead,KHOU 11,People & Blogs,314643,1300,180
LeSa_WdCnFY,Entrevista a Javi Poves // El primer Jugador Profesional Anti-Sistema...¿Y terraplanista?,Iru Landucci // Nur para todos // Tierra Plana,Science & Technology,20491,1196,85
PBZ8cElwWxI,Stephens: Political Cowardice Of Trump Matches Cowardice Of FL Deputy | Velshi & Ruhle | MSNBC,MSNBC,News & Politics,69179,886,72
dmrimgk9bxI,Space X... in your FACE // ENGLISH & SPANISH,Iru Landucci // Nur para todos // Tierra Plana,Science & Technology,17153,743,158
zdK1zPxRhN4,Douglas Teacher: Arming Teachers ‘Creates More Problems Than It Solves’ | Velshi & Ruhle | MSNBC,MSNBC,News & Politics,42219,566,51
5pGknoozQDc,Flat Earth International Conference 2017 - Iru Landucci - Presentation,Iru Landucci // Nur para todos // Tierra Plana,Science & Technology,8265,379,34
vhkxyuAeojg,Operation Satan; War Generals IN the White House,aplaintruth.info,News & Politics,5045,315,26
AvkFacjMyIg,Former CIA Robert David Steele  Gold Backed Cryptos China Ghost Cities - Wealth Transfer To The East,Victurus Libertas VL,People & Blogs,11860,305,19
7eahol-zvco,Dr Steve Pieczenik ❤ TRUTHERS HAVE WON  ALEX JONES  November 15 2017,Dr Steve Pieczenik 2017,Science & Technology,4118,194,2
UMgn9vC8wr4,Camden Flats Forced Evacuations Is SUSPICIOUS!,Johnny Supertramp 3,News & Politics,11718,141,60
BdQpp27jZnE,YouTube Censorship - Our Channel Has Been Completely Demonetized,Victurus Libertas VL,People & Blogs,1114,121,4
3O-N39dhn4A,25 Shot In Little Rock Ark Nightclub HOAX 7-33,Johnny Supertramp 3,News & Politics,2975,92,25
9HiDeKO_KAM,Russianvids - 1980 s MTV Ball Earth Brainwashing & Flat Earth Easter Eggs In Music Videos,Zack Greevey,People & Blogs,3029,75,2
67-RJQy5CfM,Another London Fire Is a Threat to Residents Refusing to Evacuate Blocks!?,Johnny Supertramp 3,News & Politics,1783,72,2
4HKrIk2bJUY,Watch Girl fall 25 Feet As Crowd Catches Her & THIS is why they Staged Camden Evacuations,Johnny Supertramp 3,News & Politics,2089,64,2
4-EhjUejUcE,The Panda Code  and How it Proves Seth Rich & Otto Warmbier are Hoaxes!,Johnny Supertramp 3,News & Politics,1698,63,8
TvHoOb-O53c,Lemon Demon - Scatterbrained,NeilCicieregaMusic,People & Blogs,5094,61,0
3_GURKAGu3I,Grenfell  Petya  Otto  Solar Eclipse  Freemasons on YouTube  and Edward Snowden,Johnny Supertramp 3,News & Politics,1384,58,2
sEhLggnuQEI,Las Vegas Shooting HOAX 100% PROOF,Israelite Anime,Entertainment,7037,40,12
kMcCzlGjSTQ,CREEPY MOMENTS ON TV,shane,People & Blogs,8233875,290824,2297
KNxUDJ8_qI0,GETTING A CHIPOTLE TATTOO,Morgan Adams,Entertainment,1843134,138986,3727
yrJzf6eUSWA,BOMBSHELL: Trump s Been Laundering Russian Mob Money For Decades  Allegedly,The Young Turks,News & Politics,1109060,16894,3194
JsY6f4Xj3m8,Team World vs Team USA - Full Game Highlights | February 16  2018 | 2018 NBA Rising Stars Challenge,Ximo Pierto,Sports,1576790,7894,373
cjvPj7WAX7A,The Truth About The Paris Terrorist Attack,Stefan Molyneux,News & Politics,619353,7284,1668
Z2QCGBpNvcI,CERN EMPLOYEE SPILLS THE TRUTH,RichieFromBoston,Science & Technology,358304,6254,809
elp5mzQ6Geo,The Truth About The Black Panther Movie & Other Inconvenient Facts,The Alex Jones Channel,News & Politics,104225,3739,622
00uKo1yyy8Q,Boston Bombing Day 1 | The Stunning Stop the Killers Made After the Attack,ABC News,News & Politics,603842,3309,288
sW6cXVzRnuo,Student s sing moving tribute to shooting victims,CNN,News & Politics,89729,2637,231
T2iqgIzDqrI,ILLUMINATi - Hollywood Spring/Summer 2017 RoundUp Pt.1,The Black Child,People & Blogs,146762,2274,143
gv3mZWibT9s,Acceleration Radio Oct. 3rd  2017 - Thoughts on the Las Vegas Shooting - Watch Before It s Removed,L. A. Marzulli,Education,30203,1075,44
PauETvhHIeI,The ULTIMATE CRISIS ACTOR,Friend of Yahweh,People & Blogs,13299,1013,14
1L5JiFMKbrc,La Máquina de Tesla  nuestro Plano de Existencia // The Tesla Machine  our Plane of Existence,Iru Landucci // Nur para todos // Tierra Plana,Science & Technology,15959,837,73
w_c6oGB_ONA,Marsrover & Militär finden antikes Raumschiff 💠 Geisterhafte Erscheinungen,maecfly Productions,Entertainment,76059,797,134
YU-L7pgUkAI,BREAKING! JON RAPPOPORT  WHY EVERYONE HAS THE FLU!! - ALEX JONES INFOWARS,INFO WARS NEWS,Entertainment,25828,784,14
2s7KYKnnwvI,Dame algo real  no me des algo falso // Politik // ColdPlay Cover.,Iru Landucci // Nur para todos // Tierra Plana,Science & Technology,10857,752,71
YOMmJ9733Bs,Las Vegas Shooting: Inside Stephen Paddock’s Mandalay Bay Hotel Room | TODAY,TODAY,News & Politics,368177,603,339
zHywAuQywuU,Directo con Magna Veritas y Hasta lo mas alto,Iru Landucci // Nur para todos // Tierra Plana,Science & Technology,16595,567,50
BzyRiLKpXRs,A 13th anniversary look back on Melania Trump and Donald Trump’s extravagant wedding,TV News 24h,News & Politics,182994,564,179
-4eUqUUm-q8,El amo DeGrasse // Rap // AntiGlobe Productions,Iru Landucci // Nur para todos // Tierra Plana,Science & Technology,6884,515,52
hCxLWlmMD34,Florida High School Students Share Terror Of Shooting In Real Time | TIME,TIME,News & Politics,146167,432,46
sjQUYDtuFzs,Parkland student urges Congress to take action after shooting,Washington Post,News & Politics,41845,431,386
rzirF5aTWFk,The Roman Catholic Church Is Hiding This HUGE Secret From Its 1 2 Billion Followers,Urban Prepper1,People & Blogs,49359,413,85
sb_A31TptZ8,SOROS  GLOBALIST  NWO IN DISTRESS! DAVOS! - ALEX JONES INFOWARS,INFO WARS NEWS,Entertainment,7933,405,4
Ejze6-2lLAc,Florida school shooting survivors take movement nationwide,CBS This Morning,News & Politics,41401,378,430
DUzcqxpBiUo,Was Grenfell Tower Fire Predicted on Economist 2017 Magazine Cover?,UnderstandingConspiracy,Education,59432,359,151
TBa7YvENdLU,DJ ISLA Knows Something s FISHY with Grenfell Block Freemason Fire,Johnny Supertramp 3,News & Politics,9022,131,44
cjRcix5Iuus,Jared Kushner - Who Is The Man Advising The President?,Shaking My Head Productions,People & Blogs,6758,113,11
ZmgfOb2A88Q,- Emisión en Directo con Gastón Vargas // Medicina Germanica Parte 2,Iru Landucci // Nur para todos // Tierra Plana,Science & Technology,2872,105,16
zPkQtrxwjlo,The Skies Of Fort Worth Texas  Oregon & Mulberry Arkansas,Victurus Libertas VL,People & Blogs,992,96,0
X5KjAakiDeE,New Channel Johnny Supertramp 4 Live Content,Johnny Supertramp 3,People & Blogs,2202,65,8
vmN2hBWGgxY,Texas Church Shooting: False Flag? Demo and New Church Paid for Already?!,KJV-Charlie,Nonprofits & Activism,5367,56,7
91ZcHZGW9k4,Texas Dirty Politics Huffines Vs Paxton For GOP Senate,Victurus Libertas VL,People & Blogs,601,49,3
WJmOFpvyTLo,Grenfell & World Trade Centers Demolition Linked LIVESTREAM,Johnny Supertramp 3,News & Politics,1509,45,5
8N2TIM1P9H4,Active Shooter Drill 6/27 at Alabama Military Post  but the Day is Young!,Johnny Supertramp 3,News & Politics,495,43,2
PtJNPB7wVoU,CODE RED 5-What the Alt-Media Say Happened in Las Vegas,Patrick Hostis,News & Politics,4316,33,10
U3oXVWbuXFs,President Trump: Future Gun Control Legislation To Be ‘Very Strong On Background Checks’ | NBC News,NBC News,News & Politics,1504,14,9
y5ZHukXu-O4,South Korea s Amazing  Mermaids  Keep Alive A Centuries-Old Tradition | NBC News,NBC News,News & Politics,852,5,1
NlwfFR3JPIk,The Worst Of This Flu Season May Be Over  CDC Says | NBC Nightly News,NBC News,News & Politics,270,3,0
uGQZd8-qO_s,2018 FLORIDA SHOOTING: Another FALSE FLAG?,daryl lawson,News & Politics,5191,,
PF75J-NpfRA,Vegas Shooting VERY SUSPICIOUS: False Flag?,daryl lawson,News & Politics,45619,,
cUahZXOXrUI,Behind the Scenes with Joey Graceffa - Escape the Night S2 (Ep 12),Joey Graceffa,Entertainment,,,
5fTuWWnx9J8,FAMOUS KIDS CONSPIRACY THEORIES,shane,People & Blogs,5299077,273613,2050
o6knQ50-AdI,END OF THE WORLD THEORIES,shane,People & Blogs,4432162,221510,2898
hw-pTll1M_I,CONSPIRACY THEORIES & SUBLIMINAL MESSAGES,shane,People & Blogs,4321566,209912,1758
F2xv4fba65U,Tomi Lahren - Giving a Voice to Conservative America on  Tomi : The Daily Show,The Daily Show with Trevor Noah,Comedy,8612693,124091,18158
5uHK3niiWNY,Backstage with Dan and Phil in 360° VR (Bonus),Daniel Howell,Entertainment,1305142,84240,404
2tglSRA9ks8,Jimmy Kimmel Guesses  Who s High?,Jimmy Kimmel Live,Entertainment,3039243,40239,1465
PoZEuj1VPv0,DID 3000 PEOPLE REALLY DIE ON 9-11 ??,Tufa911,News & Politics,2950418,9110,6140
vlEez-cmGa4,Dave Chappelle s  Bird  Revelation That Everyone Missed: Illuminati Blood Sacrifices in Hollywood,illuminatiwatcher1,Education,404264,5891,542
9FVR5YmoOEs,Q Storm/Potus Is FREED/Secret Service on High Alert.,BPEarthWatch,Education,114300,4925,97
fNtFnLRjaaM,YouTube DELETED My Las Vegas “Shooting” VIDEO!! NOW RESTORED! CENSORSHIP EXPOSED—REUPLOAD!,TruthUnveiled777,Science & Technology,451930,3423,821
nTFphMGwFUQ,WORST National Anthem Performance EVER,The Young Turks,News & Politics,166106,3266,316
E1m1X5a16Z8,Who Owns Trump? It s Staring Us In The Face,David Icke,Entertainment,190455,3078,479
U5ONP2CunVI,Orlando Nightclub Survivors On Facing the Gunman,ABC News,News & Politics,310169,2956,651
dzllOhiD8OU,Richie From Boston receives a VISION,RichieFromBoston,People & Blogs,55256,2592,134
MeT7cWRi8T8,Charlize Theron: NAZI-AFRIKAAN ILLUMINATi  Ritual Goddess,The Black Child,People & Blogs,244276,2432,363
KdtzUJmDMOg,GOP donor: No money if no action on guns,CNN,News & Politics,183126,2217,526
chXDbI6mGBU,Clinton Conspiracies: 2016 Presidential Election,Stuff They Don t Want You To Know - HowStuffWorks,Entertainment,116734,2184,87
Q1BpDYlQJ70,Bipartisan Effort Could Fuel Next Depression,The Young Turks,News & Politics,78552,1583,85
XbFaiHcXx2Y,The Truth About Ivanka And Ivana s Relationship,Nicki Swift,Entertainment,353431,1573,303
UjPN-rK2YIk,El Mayor Experimento Laser de la Historia para Medir la Curvatura de la tierra // FECORE,Iru Landucci // Nur para todos // Tierra Plana,Science & Technology,21461,1188,105
Myrpp7xhmm4,Brothers Describe Deadly Shooting At Florida High School | The 11th Hour | MSNBC,MSNBC,News & Politics,282680,754,148
TPTJSFk0Uo8,School shooting survivors announce march on Washington,ABC News,News & Politics,65206,739,442
PIS3WQN7S08,History Rewritten The Real Reason Ancient Bronze Age Civilizations Collapsed,Ancient Secret Discoveries,People & Blogs,102100,640,65
cJD_QZlG8FI,How To Get Featured On TYT,The Young Turks,News & Politics,24154,639,228
R505e9YBmVU,Lemon Demon - No Eyed Girl,WonderingAboutHowIDied,Music,53205,408,12
jdCle2SQi2w,Grenfell Tower Fire Another False Flag Production!?! Did The Elites Try Another Sacrifice!?!,Justincredible Things,People & Blogs,26065,264,79
cG_UcuWmSCA,The Manson Family: Where are they now,Kreepy Top5,People & Blogs,43590,206,49
CHfSLmbBAYM,Lemon Demon - CryptoSanta,NeilCicieregaMusic,Music,12258,152,5
e0DEqy7bRpI,Jon Meacham: Billy Graham Was An Evangelical  Not A Fundamentalist | Morning Joe | MSNBC,MSNBC,News & Politics,31957,139,63
P0S-nlCE3U0,TYT - 02.14.18: School Shooting  Trump Hiring Immigrants  and West Virginia Cop,TYT Shows,News & Politics,4427,131,17
uyI3hGGuUA8,This Is What Happens When They Are Mad At Me,Victurus Libertas VL,People & Blogs,1448,125,2
zSdOEtBdzfI,U.S. Olympian Gus Kenworthy ‘heartbroken’ By South Korean Dog Meat Farm | NBC News,NBC News,News & Politics,11755,120,32
RJ05u9xw154,NY Bronx Shooting Ridiculous Hoax  You re Not Safe ANYWHERE!,Johnny Supertramp 3,News & Politics,2025,100,11
VV88eNfOvlc,Death Threats  YouTubers Exposed  Grenfell Tower Linked to 9/11 WTC Trade Center Demolition,Johnny Supertramp 3,Entertainment,1023,59,7
7nZerbtQqp4,Sunshine Is Good - Fun In The Sun,Victurus Libertas VL,People & Blogs,764,58,0
DrpPHm70c1g,Bully Politics Huffines Vs Paxton - VL Endorses Angela Paxton For GOP Collin County TX Senate Seat,Victurus Libertas VL,People & Blogs,472,50,0
yGuphj2-b7s,FBI  Florida school shooting fallout,Fox Business,News & Politics,8932,39,16
eKK9spB8qMU,Air Asia X Plane Goes Full SPIN Cycle at 39 000 Feet! Pilot asks Passengers to Pray!,Johnny Supertramp 3,News & Politics,569,39,3
FJqLAleEnKw,Alex Jones & Donald Trump Bombshell Full Interview,The Alex Jones Channel,News & Politics,2841874,35836,6301
5tn4P7IBqoQ,Most People Don t Even Realize What s Coming,Truthstream Media,Science & Technology,2364330,34042,2280
JqONvYXC_MQ,What Mr. Robot s Rami Malek Really Snorts in Those Morphine Scenes,Late Night with Seth Meyers,Comedy,1515294,23806,153
ILMF1sV_2Hw,Mom Gave Her Life to Save Her Children in Texas Church Shooting,Inside Edition,News & Politics,1901498,18878,643
P4-POfiQCW4,3 Haunting Deathbed Confessions,Criminally Listed,News & Politics,2039309,18410,2317
3KYeLzTs8RE,Watch The Police  NSA & FBI Expose The Illuminati (Illuminati Exposed),3CreepyTV,Entertainment,1532242,18034,1050
6H9ZNzL9c2g,Hollywood Satanism: The Sacrifice,The Black Child,People & Blogs,1299327,10194,930
aqUgFnhP8jU,The 6 Secrets THEY Don’t Want You to Know,The Event Is coming soon,News & Politics,1161125,9958,1251
97V6BlGr0BA,VEGAS CASE CLOSED (pt. 2): The Nail In The Coffin!,Cut2theTruth,News & Politics,538004,7299,591
4QZNxiLz31k,How Did D-Y-I-N-G Folks Make it This Far in V.e.G.a-$ ?!?,HighImpactFlix,Entertainment,125635,6156,165
1_LFKvz3W2w,Victims of Las Vegas Shooting Speak From Their Hospital Beds,Inside Edition,News & Politics,540579,5937,350
QJc234jkJ2w,Elliot Rodger: Inside the Mind of a Killer,ABC News,News & Politics,966235,5416,1348
zPJGQ-FhFwU,Ingraham: My criticism of LeBron had nothing to do with race,Fox News,News & Politics,659645,4485,14391
FZnlMKLiZfI,Hollywood Exposed [The Banned Documentary] {Part 1},Jay Myers Documentaries,Entertainment,311836,4446,195
wIRRxTRLI8U,VIDEO: Nikolas Cruz Appears In Court Zombie Like,The Alex Jones Channel,News & Politics,120412,2557,157
VZ-DgXITyPA,Newtown Mother Exposing Sandy Hook Corruption.,chris wigtion,News & Politics,489320,2472,148
hfYBteQDwb8,The Strange Case of Teresita Basa,Stuff They Don t Want You To Know - HowStuffWorks,Entertainment,185753,2429,119
KAnxtXe9hE4,The Entrapment Plot Grows Thicker - Las Vegas Shooting - Part 87,Blackstone Intelligence Network,People & Blogs,50348,2409,75
nosdMG51Oh4,Trump Conspiracies: 2016 Presidential Election,Stuff They Don t Want You To Know - HowStuffWorks,Entertainment,151462,1751,688
_5ETQ1h5G8s,How Presidents have responded to school shootings,Washington Post,News & Politics,184233,1690,186
AK4_ogsh0Po,This Private School Trains Student “Warriors” To Swarm An Active Shooter (VICE on HBO),VICE News,News & Politics,81384,1498,208
xLvi5mF41hs,28 Counts of Treason,American Intelligence Media,News & Politics,24500,1338,26
cDxRySrmbTY,Children  Catholicism and Conspiracy: An Epidemic of Abuse,Stuff They Don t Want You To Know - HowStuffWorks,Entertainment,69317,1189,76
dWb6RaPKpz4,Is Hillary Clinton President?!,David Pakman Show,News & Politics,31289,1149,71
0nmRq_Q2Tng,Iru Landucci me explica la forma de la Tierra.,nDante Live,People & Blogs,78972,1065,837
Y7uv3zqSq9o,Newtown massacre: A timeline of events,CBS News,News & Politics,294731,986,385
TIfibme651E,Trump supports arming teachers with guns,CNN,News & Politics,114183,793,1474
-FPs4SnM1bU,Trump to Republicans: Ignore PA Gerrymandering Laws,David Pakman Show,News & Politics,7202,438,7
DmF-t3zfEXo,Lemon Demon - Aurora Borealis,NeilCicieregaMusic,Music,35735,421,9
8FNR9nVlksw,SANDY HOOK MURDERS: Leading Psychiatrist Discusses The Tragedy,Steve Pieczenik,People & Blogs,26714,388,77
AT8jS7p7dgU,Mitt Romney & Donald Trump Suddenly Love Each Other,David Pakman Show,News & Politics,5979,239,14
-tJSkkkTRw0,Lemon Demon - Angry People,nollix,Gaming,14123,223,5
R-vq8d8yEzE,Why Social Media is Purging Truthers,pocketsofthefuture,Howto & Style,1712,211,3
6SAMU8CEfiY,NCAA Sports/Apocalypse  the ship be sinking,pocketsofthefuture,Howto & Style,1557,193,6
34XY7G8u-og,NEW AUDIO-Ole Dammegard: NWO crisis actor group false flags at Ottawa  Paris  Copenhagen. Italy?,Alfred Lambremont Webre,News & Politics,5964,97,5
MtOWwATdads,Poisoned Skies Of Fort Worth Texas  Oregon & Mulberry Arkansas - 2nd Release,Victurus Libertas VL,People & Blogs,1147,91,4
NWwrXNMfH0E,Billy Graham s funeral procession winds through small mountain towns in North Carolina,NBC News,News & Politics,596,65,8
q-SQu3kN5DQ,SHERIFF S TIMELINE & DAVID HOGG,DoubleHoopNation,People & Blogs,3386,37,7
AJ9a8kRF7f0,CNN/Elmo Outrage  Ten Commandments Monument  Laptop Ban  Putting the Eye on Martin Shkreli,Johnny Supertramp 3,News & Politics,793,24,2
b6eH-r6G4zw,Florida Gov. Rick Scott Calls For New School Safety Measures | NBC News,NBC News,News & Politics,423,11,5
hTET-yEt78g,Treasury Secy. Steven Mnuchin Announces Unprecedented Sanctions Against North Korea | NBC News,NBC News,News & Politics,1713,9,4
V5iKfT-W69M,The Biggest Winner At The Olympics Is The IOC | Think | NBC News,NBC News,News & Politics,278,2,1
HmRxo1ukvik,False Flag terrorist attack shooting at Satanist Jason Aldean concert in Las Vegas,ColonelCasperKY,Education,14820,,
BdplTd1sNR8,Robert David Steele: Las Vegas Massacre False Flag Case Study,Sarah Westall,News & Politics,114427,,
nNBKWdymfLI,A voice actor is asked to speak like he s seen a lion. And the result is absolutely brilliant.,Omeleto,Film & Animation,3871201,96619,15763
tpwjeRMvwnM,HIDDEN SECRETS Of Women In North Korea EXPOSED,TheRichest,Entertainment,5498833,20896,5601
qxJWVWXOHPA,Ben Shapiro Reveals The Lies In Jimmy Kimmel s Las Vegas Shooting Monologue,The Daily Wire,People & Blogs,1034163,20572,4549
7fIq-YJERrc,THE HORRIFYING TRUTH YOU RE NOT BEING TOLD ABOUT THE VEGAS EVENT,SGTreport,News & Politics,515844,7100,645
qn4-mKDHi-I,Manchester Bombing Survivor Says the Woman Who Saved Her Is a Hero | Good Morning Britain,Good Morning Britain,Entertainment,675696,6876,447
3xNVNBxU0BM,Back in Black: How Territorial Rats Could Fix New York City s Transit Woes - The Daily Show,The Daily Show with Trevor Noah,Comedy,284409,5892,226
HDK2Zin3oI0,Google Won t Tell You This!,Jason A,News & Politics,240220,5407,238
JZFVAA69ZF4,Watch Black Celebrities who hate Black Lives matter,Conservative Stars,News & Politics,333718,5278,324
nGTkp4zG83E,The Flat Earth Update | Stuff They Don t Want You to Know,Stuff They Don t Want You To Know - HowStuffWorks,Entertainment,615546,5176,4366
rEdn1Km734M,American Journalist In Russia Tells Truth About RT,The Jimmy Dore Show,News & Politics,164474,4739,266
HF2cBYDvVS8,False Flag Alien Event - Don t Fall For It When It Happens!,evilindustrydotcom,News & Politics,929880,4138,601
jcxXhFhV93s,SUPERBOWL 2018: Hidden Messages in the Halftime Show,Hacking the Headlines,People & Blogs,482044,3980,1345
d1DfLIsvpqo,"#Q #GROUNDZERO: The Broward County  FL SCHOOL SHOOTING Can UNMASK the DEEP STATE",You Are Free TV,Nonprofits & Activism,53335,2992,47
hL-955J9JOc,What They’re NOT Telling You About The Government Shutdown!,TruthUnveiled777,News & Politics,117306,2680,169
gQGTwirwZVg,5 Secret Space Programs,Stuff They Don t Want You To Know - HowStuffWorks,Entertainment,169867,2666,99
7ZDcaO58-fg,When Nancy Kerrigan and Tonya Harding Squared Off  Years After Infamous Attack,Inside Edition,News & Politics,412643,2069,121
gVe7DsDyvFo,Anderson Cooper rips Trump for avoiding Russia,CNN,News & Politics,94193,1595,668
gZbTDtqeBo0,MY RESPONSE TO THE FLORIDA SCHOOL SHOOTING,Graham Allen,Entertainment,17844,1313,79
S-Sgp4crhx8,Is Vegas Shooting Latest Deep State False Flag To Destroy The Second Amendment?,The Alex Jones Channel,News & Politics,96536,1150,254
i0kKWG6Ms30,Man Who Started Fire In London Speaks!,End Times Prophecy News,News & Politics,246095,1147,626
Cw9gWIPghdU,Poll: Most Of The Country Doesn t Like President Donald Trump As A Person | The 11th Hour | MSNBC,MSNBC,News & Politics,79657,1006,88
N7RvWbnaDZk,Nancy Kerrigan - 1994 Olympics LP,B. Miki,Sports,579452,909,100
715AWqyIWD4,Officer waited outside during school shooting,CNN,News & Politics,91818,737,258
2Kt-zlZm_rA,Morgellons Is Real CDC Confirms - This is What s In It !!,MLordandGod,Science & Technology,27467,723,31
CBUL8KIcZ80,Grenfell Tower debate: What now? Survivors  community and politicians discuss,Channel 4 News,News & Politics,69761,479,91
nOoUmZ2s_Ts,Poll: Most Americans Not Getting Bigger Paychecks After  Tax Cuts,David Pakman Show,News & Politics,12801,456,15
SYwsTwi0p0A,Florida School Shooting PSYOP - Brainwashing Continues,Truth Virus,Education,11668,308,18
R_fTeC-E_L4,Hatriot Mail: David is Hispanicks,David Pakman Show,News & Politics,4171,245,6
OPKuDitx0Gc,MILO: LAURA LOOMER GOES TO fLORIDA! - ALEX JONES INFOWARS,INFO WARS NEWS,Entertainment,2639,179,4
odU1dUBvCJo,Are You More Creative Than David?,David Pakman Show,News & Politics,2799,80,5
4NpRyZsFs6k,Is David the LEAST HANDY Person on Earth?,David Pakman Show,News & Politics,2243,75,49
SPTmjWUQiTo,The Vegas  Massacre  FAKE Death of Stacy Etcheber 2 - CONFIRMATIONS,NowTheTruthTV-15,People & Blogs,15331,65,35
vGdrnIPOBsQ,FLORIDA SCHOOL SHOOTING ANOTHER FALSE FLAG DISTRACTION,powerintruth7,Education,22415,64,36
UZQHu5xweuY,Should we opt out? Is it chemtrails day?,SriLankerC,Education,474,48,1
t5w5dxx8mGo,Student reporter David Hogg at Marjory Stoneman Douglas High School spoke with his classmates while,WATCH TV,News & Politics,8140,18,78
Y-sHio_pKHk,Missouri Governor Eric Greitens Indicted For Invasion Of Privacy | NBC Nightly News,NBC News,News & Politics,1411,15,7
ZU-X9Uu58OU,How To Lose Weight Without Exercising | Better | NBC News,NBC News,News & Politics,200,1,2
B1fxXa82hdo,The Trump Las Vegas False Flag Masonic Mafia Connection  Because You Can Handle The Truth!,Edifying Others,Education,54372,,
NCa51H9geZs,CONSPIRACY THEORIES & NEW MANDELA EFFECTS,shane,People & Blogs,7477531,289083,2066
5LwiBQo6Suc,SUBLIMINAL MESSAGES IN SONGS,shane,People & Blogs,4428572,179128,1960
gDPr8Na24QU,Black Panther Cast Answers the Web s Most Searched Questions | WIRED,WIRED,Entertainment,4053033,109179,1744
HIexKkPpxTA,GIRLFRIEND NIGHTTIME ROUTINE | Gigi,Gigi Gorgeous,Howto & Style,2680110,42500,7570
OxDoFWvEbuM,Hacking Facts with Rami Malek & Christian Slater  // Presented by BuzzFeed & USA s Mr. Robot,BuzzFeedVideo,People & Blogs,1434484,30133,507
O2xVB0Zu0Bw,Our Very Smart President Can Easily Handle Robert Mueller,The Late Show with Stephen Colbert,Entertainment,2059686,20784,731
jbBthxeoW_I,The Blood Sacrifice Lifestyle II: LAMAR ODOM & Khloe Kardashian,The Black Child,People & Blogs,865185,6205,702
tIKtA0Odo2o,TRUMP DROPS MAJOR 9/11 TRUTH BOMB,Johnny Gat,People & Blogs,663806,3549,620
gfBpmxXeZDo,Hollywood s Biggest Secrets! (2018),Jason A,News & Politics,150073,3399,293
JMND2i2du3k,Illuminati Ritual Season III: THE PRINCE & THE QUEEN,The Black Child,People & Blogs,651834,3338,592
dTLir0ObJGw,Are you a TARGETED INDIVIDUAL,RichieFromBoston,Comedy,57657,3024,74
mXIc05MRvDs,Angry Racists Flip Out After  Cheddar Man  Revealed To Be Black,TYT Nation,News & Politics,106382,3018,649
jCOe3qIgyFA,Retired FBI Agent Investigates Sandy Hook: MEGA MASSIVE COVER UP,The Alex Jones Channel,News & Politics,499286,2948,342
-7JwcDeXqi8,Elliot Rodger s Father Discusses His Son,ABC News,News & Politics,704684,2863,681
ry7vWLHErSU,Pat Robertson s Surprising AR-15 Comments,The Young Turks,News & Politics,104773,2834,177
HQ9rgYcEstM,Clint Eastwood and Real-Life Heroes from Paris Train Attack,Jimmy Kimmel Live,Entertainment,286807,2790,107
6cOCgusABuo,What s About to Happen,thecrowhouse,Education,146514,2535,212
op4_g2fiaNI,A Day In My Life PT 3 Israel Giants The Wrap Up.,RichieFromBoston,People & Blogs,30443,1716,109
_2UoRgvZX9g,School Shooting Survivor Begs Trump For Gun Control,The Young Turks,News & Politics,67713,1557,211
ySdIvgb34Ig,Florida School Shooting Victims Remembered | Velshi & Ruhle | MSNBC,MSNBC,News & Politics,120775,1408,60
M5iG3jkn8ck,The Next False Flag Event Will Take Place In Multiple Cities: Stephen Lendman,X22Report Spotlight,News & Politics,110693,935,111
XdcAJj1e1Yc,Shepard Ambellas - Incredible New Vegas Shooting Details,The INFOWAR Armory,News & Politics,69587,693,85
FS77FbBcLBY,What Happened In Vegas – A Conversation with Director Ramsey Denison,Jason Goodman,News & Politics,19323,645,37
jxNqgqI2VKg,CNN fake eye witness at Las Vegas Shooting,Guerrilla Insight,People & Blogs,59704,534,101
yEJQhum8Dsw,Alex Jones (FULL SHOW) Friday 1/26/18: News  Trump DAVOS  Steven Seagal  Milo  Ted Malloch,Ron Gibson,News & Politics,30819,364,20
-78_Zy52Y1g,ROGER STONE: MICHAEL FLYNN CASE FALLING APART! BILLY GRAHAM  JASON FYK - ALEX JONES INFOWARS,INFO WARS NEWS,Entertainment,5394,334,7
PeeUtlTbxYU,Has Trump Sparked a Blue Wave of Election Wins?,David Pakman Show,News & Politics,5404,262,6
2CU4xn6AdoA,Reality check for Richie From Boston +The YouTube shill network  Christianity and Jesus,Zachary K. Hubbard,Education,8107,256,168
KDjaEWsP2vE,Nancy Kerrigan (USA) - 1994 Lillehammer  Figure Skating  Ladies  Technical Program,3Axel1996,Sports,104249,249,23
s6bT1CCpmZs,Florida school shooting survivors march on White House for gun control | ITV News,ITV News,News & Politics,12390,200,134
dfdYqDQpMZo,About Bill Hader and Amy Schumer s Illuminati Promo Ad,pocketsofthefuture,Howto & Style,4218,178,10
sSQoQgF5ZTs,TYT - 02.08.18: Steve Wynn  Senate Investigation  Omarosa  and Bad Police Sketch,TYT Shows,News & Politics,12903,178,18
mX2Yn1Q2wf4,Witness describes shots fired through classroom window,Fox News,News & Politics,22693,163,43
eaBTVV437tk,Progressives Shouldn t Miss the Boat on Gun Safety,David Pakman Show,News & Politics,2966,121,21
-jKYB80cdyY,TYT - 01.25.18: Dams Cave  Bernie 2020  and Trump Mueller,TYT Shows,News & Politics,6587,103,5
LBE14jkU8lM,Its so funny well better than crying aint it?,SriLankerC,Education,920,82,4
6ENa5uowITc,Is this a lighter look at the news?,SriLankerC,Education,818,68,4
mGbSHKUfnHM,Can stage 4 cancer be cured naturally?,SriLankerC,Education,722,66,4
RN8xDlqn61o,The KaK & M@C Show Do NOTTINGHAM CITY COUNCIL,SriLankerC,Education,708,66,1
fu-6FShYPpc,Is This News you can TRUST?,SriLankerC,Education,778,60,5
HV1HDuI1AM0,...Yornnnnnnnnn news?,SriLankerC,Education,661,59,3
NcMJgCed7xM,...Has Johnson made a GRAVE mistake?,SriLankerC,Education,966,56,5
NYE6_50-_DA,ROGER STONE VS ALEX JONES INFOWARS FEBRUARY 3  2018,Breaking News Alert,News & Politics,4286,56,4
Vy2kY88kigE,The Kak & M@C Show ASK?,SriLankerC,Education,793,55,1
k2rDyQ-p8Po,Ceylon health DOOMWATCH,SriLankerC,Education,1037,48,3
HIU-gAsVeb4,Ivanka Trump Arrives In South Korea To Attend Winter Olympics Closing Ceremony | NBC News,NBC News,News & Politics,2437,35,23
1OsWKgefzFU,POP CULTURE CONSPIRACY THEORIES,shane,People & Blogs,3931189,206596,1270
4Cm4D1xLE9c,The VIDEO that WALMART DOESN T Want You To See!! Future RFID Chipping Hubs...,C. Ervana,People & Blogs,4565755,20848,8162
jDfnTMD92EQ,Why d This Meteorologist Say This - Plus: This Week s Bizarre Phenomenon People Need to See!,HighImpactFlix,Entertainment,777028,16096,1451
zn_OAQ73R5o,CIA Deathbed Confession,RichieFromBoston,Entertainment,929563,10638,781
7egd1GTRKpw,Jim Carrey: Hollywood Elites ‘Eat Whole Babies’ For Christmas,kinninigan,Education,1289166,9137,1788
3WhyLjMKWsw,Zionism: Unmasked in 10 minutes,reallygraceful,Entertainment,123360,7719,665
L84vmMAsQGI,What Pisses Me Off About The Texas Church Massacre,Stefan Molyneux,News & Politics,119326,6451,929
gUiBirfgols,Ex Illuminati Magic Bloodline Family member SPEAKS OUT!,Laurel Austin,Nonprofits & Activism,387382,5198,440
nqgYvaZzzrc,HIGH PRIESTS,The Black Child,People & Blogs,819549,4676,811
aPbd1OEFbXw,We are back.,Stuff They Don t Want You To Know - HowStuffWorks,Entertainment,69960,4084,111
mjaK_pAQTNY,Van Der Zwaan Pleads Guilty Amid Trump Russia Probe,The Young Turks,News & Politics,179729,3755,229
mqMBJTX7DsE,Repeal the 2nd Amendment? | The Ben Shapiro Show Ep. 477,The Daily Wire,News & Politics,181680,3372,133
Z47ZVB5SW6U,FBI Declassifies Over 1 500 Documents On Sandy Hook Massacre,Press For Truth,News & Politics,133142,2919,286
pnT0CMwBrWs,The Secret Life Of Elliot Rodger 2020 FULL Interview,takingBackWhatsMine,News & Politics,654760,2862,463
D4BSOxUjUsM,What happened to Elisa Lam?,Stuff They Don t Want You To Know - HowStuffWorks,Entertainment,91817,2658,175
9VkJ2_Qkaas,School Threatens To Punish Students Protesting Gun Violence,The Young Turks,News & Politics,112140,2566,240
F8Z1VgSAfdc,TYT Member Now Leading Congressional Race,The Young Turks,News & Politics,67738,2563,109
GMfuNIe33t4,Orlando Nightclub Massacre: A Timeline of What Happened,ABC News,News & Politics,568974,2269,424
-6aIDvYz_CI,An honest Israeli Jew tells the Real Truth about Israel,Africans TV,People & Blogs,169694,2161,444
bPM205M0E5U,Have you met a psychopath?,Stuff They Don t Want You To Know - HowStuffWorks,Entertainment,93619,2123,93
OZCos8cXiWY,SANDY HOOK ~  I m Sorry Governor  WHAT DID YOU SAY ???,RevMichelleHopkinsMann,News & Politics,315771,1859,276
w-Wu53Dp0Mc,Trump Helping Insurance Companies Cap Your Healthcare Coverage,The Young Turks,News & Politics,52896,1284,57
AM6SDtsq7ZQ,Jason A - End Times Prophecy 2018 - 2019 AFTER 29th JAN 2018,WTFFiwatched,News & Politics,102820,1258,305
AYac4hcQ7QQ,MIND BLOWING - Dean Ryan Releases EXCLUSIVE Info on JonBenet Ramsey s Killers & More,Victurus Libertas VL,People & Blogs,34243,1035,57
nfRPlf20lAU,Trump denies wanting to  give teachers guns,CNN,News & Politics,99135,927,277
pcnc2polvzo,ILLUMINATI EXPOSED The Video Alex Jones won t show or talk about! YouTube,Urban Prepper1,Education,91844,905,142
PdDsMz20rok,Professional Sports and Match Fixing,Stuff They Don t Want You To Know - HowStuffWorks,Entertainment,43523,898,52
PQqldy_Ez18,The Shocking Truth Behind The Grenfell Tower Fire!!,ComYxCon4LiFe,News & Politics,175242,891,304
704kRqdfqOA,JEROME CORSI QANON REPORT (2-21-18) Q ANON  ALEX JONES INFOWARS,INFO WARS NEWS,Entertainment,9541,812,6
vEtYX9dmiIc,Survivors of the Florida School Shooting Speak Out | NYT,The New York Times,News & Politics,45049,596,78
Refcrzq2yKs,Government Shutdowns & Israel s Evangelical Christians: VICE News Tonight Full Episode (HBO),VICE News,News & Politics,64789,594,133
mvV2sFg6G6U,Ep. 73 - Las Vegas Shooting - Behavioral Analysis - What Are Jesus Campos & Sheriff Lombardo Hiding?,Brad Binkley,News & Politics,61139,479,60
5hyeU-eoJ24,CRAIG SAWYER: PEDOs ARREST UPDATE - ALEX JONES INFOWARS,INFO WARS NEWS,Entertainment,4294,382,2
gT7zFFXdDdo,STARTLING NEW EVIDENCE ON SCALIA MURDER | Jerome Corsi QAnon Evening Decode 02/22/18,OpenMind,News & Politics,8060,337,6
gCzqOXFfD_0,Grenfell Tower Fire Survivor Can t Sleep Due to PTSD | Good Morning Britain,Good Morning Britain,Entertainment,40214,194,40
PxBdvzUDw-Y,Florida Shooting Survivor Calls For Action:  We re Children. You Guys Are The Adults  | TIME,TIME,News & Politics,40996,169,161
F1QN4eoImKw,"Coffee With Dave #73 - MSM crisis actors caught in the act",Net4Truth USA,News & Politics,2532,169,1
8HAhkwz8nn4,94 % Of Hollywood Women Say They’ve Been Harassed Or Assaulted!,pocketsofthefuture,Howto & Style,2495,156,5
ocXhw5wWr5A,Lemon Demon - Ancient Aliens,Jacob Drum,Music,7009,90,5
HdtDg1ljnTY,Las Vegas Shooting Psyop 2017 ~  HOCUS POCUS,ỈȻɃ4ÜȻ2,Education,6969,87,32
OF-SGQ7xvEs,Trump says FBI missed signals from Florida shooter due to Russia probe,ABC News,News & Politics,6972,69,26
2xMyAQOOjas,£2 500 00 for feeding the pigeons?,SriLankerC,Education,760,59,2
WY5wfATm3lo,BREAKING! JEROME CORSI: DOJ  Q-Anon 2/9/18 - ALEX JONES INFOWARS,Q-Anon News!,Entertainment,1733,59,0
lI6X1GZUjl8,Grenfell Tower Investigation Details About What Happened Documentary Video Experiment Compilation,mental_boost,People & Blogs,682,40,0
NdNYAiU-SLI,CONSPIRACY THEORIES & INTERVIEW WITH LIL MIQUELA,shane,People & Blogs,4997124,326948,2648
rxhfiVtLhf4,CREEPY MOMENTS ON TV 2,shane,People & Blogs,7086845,232205,1668
_E4cdaRu5y4,Of Course Trump Wants to Throw Himself a Military Parade: The Daily Show,The Daily Show with Trevor Noah,Comedy,2295386,33266,1463
pz-mCjHA6Ak,Mr. Robot - SNL,Saturday Night Live,Entertainment,2758515,31923,2824
0TfAq3LrIjg,White Farmers Slaughtered in South Africa | Lauren Southern and Stefan Molyneux,Stefan Molyneux,News & Politics,252996,11080,411
ZtXmRYblRps,The Truth About The Orlando Terrorist Attack,Stefan Molyneux,News & Politics,543544,8884,1538
s_7AAw3kXvw,Something VERY Odd About ShitHoleGate (That NOBODY Caught),HighImpactFlix,Entertainment,115820,6656,316
kvj6xTXERTM,The JonBenét Ramsey Mystery (Why It s Still Relevant Today),reallygraceful,Entertainment,139962,6320,215
oNLn4ugmTWc,Anti-Gunner Commits Felony on Video While Promoting Gun Control,HighImpactFlix,Entertainment,47075,5080,99
gRuFesz3NOk,4 Weird Things about the Washington Monument,Stuff They Don t Want You To Know - HowStuffWorks,Entertainment,484705,4848,436
W7nt5FynDw8,RFID  Blockchain  AI  Bitcoin - The Truth Will Shock You!,Shaking My Head Productions,People & Blogs,296119,3505,546
2_3R3kfOoGo,Is Jesus actually Satan in DISGUISE?,RichieFromBoston,People & Blogs,88735,3396,470
X6wLHREBDFk,Black Child s Top Ten (Illuminati-Freemason) Moments of 2014,The Black Child,People & Blogs,555398,3351,509
aC1VAPJ5cgE,Lawrence: Why Arming Teachers Is A Fantasy War Game | The Last Word | MSNBC,MSNBC,News & Politics,149783,2686,177
s_iUYoXIQSo,The Black Masonic,The Black Child,People & Blogs,348608,2642,260
IyLw-bB41Bo,Depopulation Agenda  the Flu & Intesified Chemtrail Vaccine Spraying Worldwide,aplanetruth.info,Science & Technology,86702,2642,77
lVMczuWVipk,What s Really Going On With Val Kilmer,Nicki Swift,Entertainment,460110,2234,199
p6D_WHGFztg,"MUST WATCH! JOHNNY DEPP EXPOSED AS PEDOPHILE SATANIST! #PIZZAGATE",Pizzagate News,People & Blogs,316503,2182,667
k5_7Iu82gi8,Tonya Harding 1994 Olympic LP,TripleAxel1991,Sports,737633,2117,124
9aOhnK01wMY,Christopher Bollyn  The Dual-Deception of 9/11 and the Fraudulent War on Terror”,OpenmindconferenceDK,Education,113826,1665,93
tMTUNNcjTA0,Donald Trump Endorses Mitt Romney,Jimmy Kimmel Live,Entertainment,73677,1391,59
JRmxk18rKa4,Q Anon ist ein weiterer giftiger Köder für die Wahrheitsbewegung,TrauKeinemPromi2,People & Blogs,47912,888,209
LyubngZ_WQU,Cenk’s Generous Uncle,The Young Turks,News & Politics,37360,842,727
EK8KKvD7H4M,This Happened Moments Before Las Vegas Shooting,PHP,News & Politics,269151,836,176
dyCINQL33SM,There Is A Storm Coming - Get Your House In Order!,Shaking My Head Productions,People & Blogs,25099,769,91
D8sbG3L6Xug,Lemon Demon - Touch-Tone Telephone (Fan Music Video),plasticapple,Science & Technology,30929,579,8
WpV1w9AmCNw,Geordie Rose of D Wave - Aliens Are Coming?,Shaking My Head Productions,People & Blogs,41776,480,76
AoGiNsbD-dc,- Directo con Gaston Vargas // Medicina Germanica // H.I.V. // HELIOCENTRISMO // Parte_1,Iru Landucci,Science & Technology,6378,441,30
IAhK8UhrCnk,Lemon Demon - White Bread Boyfriend,NeilCicieregaMusic,People & Blogs,49979,417,9
0pvatqAhGrk,Sandy Hook Grandfather Of Emilie Parker Confused?,NAUresistance,News & Politics,159606,376,75
VYY3ftQeUV0,Advanced Ancient Civilizations That  mainstream  Science NEVER Discusses,ZEG TV HIDDEN FROM THE PUBLIC,People & Blogs,31575,376,61
h-K2fb-Nzeg,Lemon Demon - Spirit Phone - full album (w Bonus Tracks) (2016),Music Train,Music,35597,369,181
4eecfSMPKAw,Paul Joseph Watson About CNN Staging Questions And Trying To Censor Infowars,OpenMind,News & Politics,2724,366,4
HliG6phuOlw,Alex Jones (FULL SHOW) Monday 2/5/18: News  Andrey Afanasyev  Doug Hagmann  FISA FBI Memo,Ron Gibson,News & Politics,24790,291,19
8OGfRpZT6bs,Lemon Demon - Aurora Borealis,Ino yh,Music,22278,264,3
O1RnGX9Cmk8,Forget Black Panther and KFC,Jason Unruhe,News & Politics,2729,221,23
QcZE92_cm-E,Milo  Alex Jones And PJW About CNN Lobbying YouTube To Shut Down Infowars,OpenMind,News & Politics,1514,189,5
-zCvrFiFpz0,Koreas make landmark gesture at Olympics,Jason Unruhe,News & Politics,2046,182,5
iBfL7dQZiXg,FBI  CIA  & NSA: Don’t Use Chinese Cell Phones,Jason Unruhe,News & Politics,1268,157,3
QHpjGiHevzE,Russia should Mediate Palestine-Israel Conflict not the US,Jason Unruhe,News & Politics,1438,127,6
NXAo_FXLRxg,The Flu May be Killing 4 000 People Every Week,Jason Unruhe,News & Politics,1414,127,6
zRCDkckzy2g,Analysis: Parkland Florida Shooting A False Flag,War Room,News & Politics,3634,118,8
84OMfIzcp-A,Doug Hagmann  Milo And Alex Jones: It s Time To Mobilize And Start Hitting Hard,OpenMind,News & Politics,609,84,3
7Z8hSk3FYRA,Jim Marrs documentary World Trade Towers,MR Miguel,Entertainment,9274,80,1
ReIlCru48jo,Newsweek forced to retract fake news story about Cernovich!,OpenMind,News & Politics,800,73,0
mqn1kdByYeU,Infowars Homosexualized By Milo Yiannopoulos,OpenMind,News & Politics,1008,61,5
oOFitoJwcLU,Parkland students speaks about March 24 march,Raw Story,News & Politics,26383,49,10
5mjM3lci-FI,Dubai Hotel Cladding Fire Rapid Progression Weird Commentary,mental_boost,People & Blogs,404,34,0
wQ-BAp4A4FI,Mega Fire 2017 Remix Grenfell Tower Fire Dynamics,mental_boost,People & Blogs,269,29,0
knsIYMQQfTE,Bronx Roof Fire Metal Raining Down Nothing Weird Here  Nope 12/17/2017,mental_boost,People & Blogs,254,24,0
nph_p6aOR8U,Grenfell Tower Brother Saturn Compilation,mental_boost,People & Blogs,339,23,1
qBOAydJ75Gw,Grenfell Aluminum on Fire Paradox Explained,mental_boost,People & Blogs,267,23,0
CZpg3btN6Ik,Sunday Meteor 911,mental_boost,People & Blogs,358,21,2
J5LPDXH_0MQ,Grenfell West Side 4am Fire Progression Zoom Double Stabilized 4x speed,mental_boost,People & Blogs,355,19,0
r5rtUg6VcT8,Grenfell Tower Fire Progression Complete Sequence,mental_boost,People & Blogs,334,18,0
UtBd01eKYUM,Mega Fire Remix 2.0,mental_boost,People & Blogs,204,16,0
xJXpc1xGkpI,Grenfell West Side 4am Roof Top Facade Burn Close Ups,mental_boost,People & Blogs,236,14,0
kzlriTyioPM,Grenfell White Smoke Fire Close Ups East Side Time Lapse Video Study,mental_boost,People & Blogs,162,12,0
H7XypDs7_-Q,Grenfell Cladding and Foam Burn Test Science Fail Energy Remix,mental_boost,People & Blogs,147,12,0
CwILKh5HBm4,Grenfell Tower West side 4am best detail clips - Close ups,mental_boost,People & Blogs,155,11,0
iSChNATDBgY,Bronx Stairwell Fire 2017 - Unexplained Fast Fire Behavior - Weird Officials Blame Child,mental_boost,People & Blogs,126,10,0
H2nQzAj9BAU,Grenfell West Side 3am Fire Progression Start,mental_boost,People & Blogs,152,10,0
QdWEvs01LM8,HILLARY CLINTON CONSPIRACY THEORIES,shane,People & Blogs,4496808,229396,2232
50Z5msbmEmg,Guillermo at NBA All-Star Media Day 2018 – Finding LeBron,Jimmy Kimmel Live,Entertainment,1775157,52235,664
8D0HSJDkFGI,REBUTTAL: Everything Wrong With Jimmy Kimmel’s Las Vegas Rant | Louder With Crowder,StevenCrowder,Comedy,911666,40878,2944
43MVwzllJxI,The Video You Should Copy & Share b4 YouTube Censors It Again!!,HighImpactFlix,Entertainment,1158328,33948,3312
JxvIO9KHPtA,John Oliver Gets Into Stephen s Personal Space,The Late Show with Stephen Colbert,Entertainment,1115290,23296,324
fSKPdXi73ro,Youngest Snowboarding Champion Red Gerard on Winning Olympic Gold,Jimmy Kimmel Live,Entertainment,1618258,21346,368
13_797rv3qI,Teen Brags In Diary About Killing 9-Year-Old - Crime Watch Daily With Chris Hansen (Pt 3),Crime Watch Daily,News & Politics,3110825,20670,1103
zlmZY4wFSsE,Something Strange Is Happening in Atlanta,reallygraceful,News & Politics,1028568,9779,1523
KkH3mJnloO0,Just Another School Shooting.,Jonathan Pie,News & Politics,190619,9190,301
LbkQddEDPs0,The Notorious Banned FOX 9-11-2001 News Footage Israeli/Mossad Links,NoTimeToStray,News & Politics,1095059,6771,602
FQ-0Ciz1qm4,The Shocking Reality of Everything!,Jason A,News & Politics,276790,5567,477
KoBP74TWGSc,Boston Bomber Tsarnaev s Obscene Gesture Shocks Court | NBC Nightly News,NBC News,News & Politics,1461072,4372,603
rhiCRtFFhQo,ANONYMOUS -URGENT 3 CALAMITIES COMING ON THE EARTH,Global Witness,People & Blogs,260729,4349,291
8SExuXAboMc,Body Language: Prince Harry and Meghan Markle,Bombard s Body Language,Entertainment,173122,3901,395
mWrFYmo39tM,Celebs React To Florida School Shooting,Clevver News,Entertainment,165188,3867,186
A2yDxc85zG0,CNN s emotional tribute to Orlando shooting victims,CNN,News & Politics,341233,3805,952
pNV-R6YHdlY,What are the Panama Papers?,Stuff They Don t Want You To Know - HowStuffWorks,Entertainment,179853,2997,68
o1CukeNz1oQ,Body Language: Nancy Pelosi,Bombard s Body Language,Entertainment,64791,2887,37
XD91clJ68cw,TERROR Strikes in NYC,RichieFromBoston,People & Blogs,35654,1989,92
zhcdnawVh1M,Trump To Ban Bump Stocks,The Young Turks,News & Politics,68625,1899,207
x4jv5eoTeg0,PART 2 Illuminati Whistleblower Tells Us Inside Political Secrets,Victurus Libertas VL,People & Blogs,74413,1471,81
zcU4J8cphk4,Elliot Rodger rampage: A timeline of the Santa Barbara shootings that left 6 dead  13 injured,TomoNews US,News & Politics,333140,1371,132
YIl3XlBz01E,BREAKING: Q-DROP FEB 14th- CODES: WHAT DO THEY MEAN?,DeceptionBytes,News & Politics,73283,1361,79
G1G2eYoIkz4,Sell my soul? My true crossroads story.,Sage Wanderer,People & Blogs,29947,1251,62
nPZQg8m4-sw,Life is a Prayer,thecrowhouse,Education,24530,956,22
HQlZPyQV5nQ,Benjamin Fulford Meets with Robert David Steele In Japan February 2018,Secret Wars,News & Politics,26644,663,28
wvnZBVe4950,Footage of Sandy Hook shooting scene released by Police,ODN,News & Politics,355893,644,503
K5tGGV5Sd5s,Toobin: Insane to arm teachers with guns,CNN,News & Politics,113902,620,320
ouQeOPZu71M,Dallas Shooting False Flag Operation Breakdown,Wolves And Sheeple,News & Politics,89937,535,79
YfpaaS5wUQA,"Liam Neeson Calls The #MeToo Movement A ‘Bit Of A Witch Hunt’",pocketsofthefuture,Howto & Style,14225,460,22
IjmBxrWo93w,Grenfell Tower victim on  starting all over again,Sky News,News & Politics,82660,451,47
zVmr-2BdMxQ,Robert David Steele - Hawaii  False Alert  & Intercepted Missile  Trump  Pedophilia  and more,The Last American Vagabond,News & Politics,29539,422,56
DNvUbswDJ2M,Jerome Corsi Updates Infowars On What Is Going On,OpenMind,News & Politics,6420,397,4
-HoAafTYR9w,Trump meets with students following Florida shooting,Washington Post,News & Politics,46720,394,155
mSdpoMyXqP8,Billy Graham Freemason To Lie In Honor At Capitol,Shaking My Head Productions,People & Blogs,3571,373,34
8mH6IVD2UPA,Alex Jones (FULL SHOW) Thursday 1/25/18: Trumps Storms DAVOS  Roger Stone  Jon Rappoport,Ron Gibson,News & Politics,24583,300,23
KDDWDpEeHOc,The Blac Chyna $ex Tape Begs the Question is she a Synth,pocketsofthefuture,Howto & Style,8542,295,15
bW1apk1o_D4,Nancy Kerrigan attacked: This Week In History,CBSN,News & Politics,107737,202,31
cDaGEv_n2Jk,Vegas Shooting: FINAL JUDGEMENT,Teutonic Resistance,People & Blogs,7483,196,17
NI4mvTc93bM,Dr Steve Pieczenik NOV 2 2017 Who S Steve Clinton s Coup FBI s Counter Coup Via|Alex Jones Infowars,Dr Steve Pieczenik 2017,Science & Technology,12980,188,42
iN26qvRELOY,Obama s Sperm Artist Paints Black Woman W/Severed White Woman s Heads,pocketsofthefuture,Howto & Style,3347,179,11
A_TFurziqX8,NEW DETAILS! 1000% PROOF LAS VEGAS SHOOTING IS A LIE! LAS VEGAS SHOOTING FALSE FLAG ATTACK!,MoneyGlitchGod,News & Politics,22837,178,164
HIorpdP9yDo,Rush Limbaugh Video Friday- January 26 2018,Tish Dixon - Rush Limbaugh,People & Blogs,13922,171,12
g227-gKjCoM,Jim Mattis: “No Evidence” Sarin Gas used by Assad Government,Jason Unruhe,News & Politics,1150,138,3
RxLfKsrY25o,US Grand Jury Indicts 13 Russian Individuals & 3 Companies,Jason Unruhe,News & Politics,977,112,1
YI6bI9kp0ho,President Donald Trump Presser On Gun Violence  Raises The Stakes  For Action | MTP Daily | MSNBC,MSNBC,News & Politics,15638,105,18
bKth6jdYaMc,Nancy Kerrigan Gets Back on the Ice with ET,Entertainment Tonight,Entertainment,26465,104,10
lMeUX_S-UtI,The Ultimate Random Showdown of Ultimate Destiny!,glancesherlock,Entertainment,13296,62,9
3Chjby091fs,Rouhani reiterates commitment to JCPOA,Jason Unruhe,News & Politics,372,43,0
4TAkmk2KF_E,Tom Horn 2017 Time Warning With John B Wells NOVEMBER 2017 End Of The World,Ysamo Eisse,News & Politics,2272,27,2
Ce6kb7uYoFc,grenfell east 5am close ups,mental_boost,People & Blogs,62,6,0
3rzt6U08gzM,Proof the Moon is Not 238900 miles away,RichieFromBoston,Science & Technology,1149484,,
BXlnrFpCu0c,My son was a Columbine shooter. This is my story | Sue Klebold,TED,People & Blogs,1809182,,
pxgbAfTaFE8,STALKERS CAUGHT ON TAPE,shane,People & Blogs,6230009,227032,1587
byA77xkQBEE,We Need To Talk About The Las Vegas Shooting...,Philip DeFranco,Entertainment,1933142,104762,3242
1O55kFMD_dc,Actors Who Were Never The Same After A Role,Looper,Entertainment,7453465,41167,3537
ct0StLPZI7Q,Illuminati compilation clips 100% real,justme1980,Education,8060029,30824,5713
wjbLODUTwko,5 Things You Didn t Know About Satan,Stuff They Don t Want You To Know - HowStuffWorks,Entertainment,3724748,29028,7431
0dLVivLINqw,Trump s Disturbing Week - Russia  Military Parade  Rob Porter: A Closer Look,Late Night with Seth Meyers,Comedy,2492290,21764,1288
-QhHkRFtDUM,Tony Robbins Warns  The Crash is Coming,Fox5NY,News & Politics,1799565,11156,1744
LTE2xyvHiwg,HEATED: Anderson Cooper almost Loses His Cool When Trump Lawyer Jay Sekulow Tries To Defend Trump,Jon Snow - The Viral Network,People & Blogs,2811235,8939,3237
WSR8Y61yt4Y,WATCH QUICKLY BEFORE They DELETE This VIDEO!,RichieFromBoston,People & Blogs,280717,8470,450
4fWbT0d9Qlc,Ratings for Late Night Liberals are Imploding!,Dr. Steve Turley,People & Blogs,191941,7833,646
PysduMqALwQ,Anderson s off-camera response to the  candle...,CNN,News & Politics,744638,7788,413
qgUVJdqufzQ,CNN’s Anderson Cooper LOSES IT After Alan Dershowitz Issues Bulletproof Defense of Trump [Video],To Tell The Truth,News & Politics,1012491,7539,1180
tUQAslWBRDY,FBI Rereleases 9/11 Pentagon Photos of American Airlines FLT 77 and Resulting Damage,Lionel Nation,News & Politics,268834,7504,407
49pS4o5KzQ0,Schrecklicher Fund in einer Zeitkapsel! Die schlimmsten Zeitkapsel Funde!,CreepyPastaPunch,Entertainment,166432,6735,207
upViHb8z4wY,The 1984 Documentary That Predicted Grenfell Tower,ArchAngel NetWork,Entertainment,527992,6174,251
vfcy0QPJ5-Q,Jimmy  Cousin Sal & Guillermo Prank Aunt Chippy at an Aura Shop,Jimmy Kimmel Live,Entertainment,280997,5706,132
FLqFtGSb9Tk,Does the UK control the US? (with Alltime Conspiracies),Stuff They Don t Want You To Know - HowStuffWorks,Entertainment,531958,4869,805
LWb5SazxeEs,Second Shooter? Footage Shows Las Vegas Gunfire Did Not Come from 32nd Story,GLOP GodlovesOurPassion,People & Blogs,1414019,4268,2080
K0h5CS-w778,The Gaia Hypothesis,Stuff They Don t Want You To Know - HowStuffWorks,Entertainment,367426,4006,241
W9V-54WZy7k,Miss Universe 2015: The Humiliation Ritual + MK-ULTRA Terror,The Black Child,People & Blogs,502824,3270,716
9CQ7LKL2LuY,Donald J. Trump FREEMASON HIGH PRIEST??,The Black Child,People & Blogs,466764,3097,1184
-BL0f4HrFfI,What Most Americans Get Wrong About The Gun Debate,The Young Turks,News & Politics,108757,2370,438
em0tQGq5HH8,Caitlyn Jenner/ Tucker,Bombard s Body Language,Entertainment,66264,2360,262
HhdzEgo9HGY,Body Language: C.E.R.N. Scientist,Bombard s Body Language,Entertainment,92773,2223,191
eHWkRj5JfMc,Carlos Arredondo - Boston Hero or NWO FRAUD?,Conspiracy Theorista,News & Politics,142145,2191,231
3oE4n73qDhk,Fire And Fury Against Both Parties From TYT Viewers,The Young Turks,News & Politics,82546,2096,109
ZP41g94RSRk,A VERY Frank Discussion About Guns & White Culture --Snowflakes Be Warned,ProfBlack HQ,People & Blogs,30999,1885,31
XZL_9WiZVtc,Lemon Demon - I AM BECOME CHRISTMAS (EP),Neil Cicierega,People & Blogs,116140,1375,47
sQr3qHz85mo,Numerous  fatalities in Florida high school shooting (GRAPHIC CONTENT),NOLA.com,News & Politics,343201,1272,202
ydnC9JERczw,The Bush Crime Family - Three Generations of Treason,American Patriot,News & Politics,99845,1088,72
uSoJ0IUnMcc,RUSSIA DEBATE: Kyle Kulinski vs Cenk Uygur,The Young Turks,News & Politics,39952,717,192
Xv0FUVeZbYA,PARIS TERROR ATTACK Illuminati FALSE FLAG Conspiracy! Friday 13th New World Order,Conspiracy Theories,Education,146703,674,223
GfpaznxWQjs,Jerome Corsi: Endgame Is Military Tribunal For Clinton And Obama,OpenMind,News & Politics,15183,668,10
cIyD7O_baYo,Friend of Elliot Rodger:  I knew immediately it was him.,HLN,News & Politics,219908,642,526
CvycogNtax8,The horror of Columbine echoes through 19 years of school shooting survivors,Washington Post,News & Politics,43739,577,50
VPd33gQrr7c,There Is No Apple  You Are In The Matrix - Isaac Weishaupt,Freeman Fly,News & Politics,28474,488,57
OfmK2vU2UeU,The fancy rich life of Hunger Games Killer Elliot Rodger captured from his Facebook page,NewsBall TV,Entertainment,233037,477,136
58LPStmHZn4,Video of Man Playing Arcade is Confirmed as Sandy Hook Shooter Adam Lanza,Inside Edition,Film & Animation,87557,471,127
mTyIC3UviBM,Sessions Calls For Immediate Review Of FBI - ALEX JONES INFOWARS,INFO WARS NEWS,Entertainment,6273,446,8
YlBUjPshzrw,Parkland Students:  How Many More Students Are Going To Have To Die?  | Meeting The Press | NBC News,NBC News,News & Politics,50640,413,864
9ckwCMf_a7k,*BUSTED!* LONDON ATTACKS 6/3/2017 ARE A FAKE STAGED FALSE-FLAG PSY-OP!!,Dg2k187,Education,74138,409,120
iUcxsu0uBsQ,"JEROME CORSI #QAnon ANALYSIS (2-21-18) (FULL) QAnon NEWS! - ALEX JONES INFOWARS",INFO WARS NEWS,Entertainment,5914,191,2
E8wcJjqQHjw,Obama s Presidential Portrait - Snake In The Garden?,Shaking My Head Productions,People & Blogs,5125,184,22
ABoTTlQ50Ng,Gene Rosen  Crisis Acting Audition Tape- Body Language Analysis,The Dialogue,Entertainment,9321,160,7
TcOnPrNWAPM,Lemon Demon - Reaganomics,Vicente Endres,Music,9425,132,2
3S4d6Ovdlpk,Florida School Attack  Multiple Shooters  Cruz Patsy  & Live Drills?,TOTALECLIPSE Page,News & Politics,1570,124,0
K9_S3FUT3yA,SpaceX Starman CGI Is Better In Space! Musk Gone Wild!,Shaking My Head Productions,People & Blogs,2219,113,8
5OH-zi9kVyc,YouTube  Facebook  Twitter Shutting Truthers Down  Fight Back ! Join Us On Bitchute  Steemit & Dtube,Victurus Libertas VL,People & Blogs,1295,110,3
LdFKCwfggKM,JSNIP4 Studying the FAKE FALSE FLAG of the Las Vegas Shooting,The News UNIT,Entertainment,10575,109,42
WIoeKxuGtdE,Dr Steve Pieczenik & ALEX JONES OCTOBER 13 2017| STORMY DEBATE BETWEEN Steve Pieczenik AND Rand Paul,Dr Steve Pieczenik 2017,Science & Technology,3936,97,5
VD_FJzio3wo,Panasonic Demos RFID Checkout - Amazon Go In Every Store!,Shaking My Head Productions,Science & Technology,1981,89,11
sZXlqWJwAN8,Russianvids - TRAPPIST1 And 7 New Planets NASA Hoax,Zack Greevey,News & Politics,1747,65,3
teUUeLWEs84,Russianvids - NASA  Water On Mars  Psyop Hoax,Zack Greevey,News & Politics,1849,61,0
8mDiQrFOMZg,False flag event may be planned for Super Bowl LII,Secret Wars,News & Politics,2278,61,3
mI2WzVYtwvk,Russianvids - Depeche Mode & President Of Hollywood,Zack Greevey,News & Politics,877,52,1
nqY1e17pRvw,Russianvids - 1986 Shuttle Challenger,Zack Greevey,News & Politics,987,51,0
IGUQnHGzMU0,Nancy Kerrigan - 1994 Ice Wars Fluff,GoldenAgeofFS,Sports,26712,47,15
FcinYOTPQjw,Russianvids - Reddit & Moonbumps,Zack Greevey,News & Politics,846,44,0
kq9sVG__KGo,As Devin Nunes Demands Answers Former President Obama Arrest is Certain!,MLordandGod,Film & Animation,270,30,0
D-PsL716o2I,Florida survivors at center of conspiracy theory,Newsy,News & Politics,1190,11,18
7mQ5pnBtJ4M,The Sorceress - Escape the Night S2 (Ep 10),Joey Graceffa,Entertainment,,,
h6PUK89Lx2E,POKEMON GO CONSPIRACY THEORIES,shane,People & Blogs,4697045,206285,1943
WtftZPL-k7Y,REAL CONVERSATIONS: There Are Only 2 Genders | Change My Mind,StevenCrowder,Comedy,3972468,167037,6415
eUd6Z_zyXZM,REAL CONVERSATIONS: I’m Pro-Life (2nd Edition) | Change My Mind,StevenCrowder,Comedy,861645,34021,884
lxtm5cW_YxE,The Jump that Changed Figure Skating Forever | Olympics on the Record,Olympic,Sports,3814778,21367,2721
8YaFGSPErKU,9/11 Incontrovertible Proof the Government is Lying,NanoThermite911,News & Politics,3665775,13675,1492
-KB5QbOS4s4,Lupita Nyong o - Why  Black Panther  Is a Different Kind of Superhero Movie: The Daily Show,The Daily Show with Trevor Noah,Comedy,125755,9020,177
ikAMNZa9U3Y,Anderson Cooper Gets ANGRY When Trump Aide Insults Him Insted Of Answering Questions,Jon Snow - The Viral Network,People & Blogs,2152822,8014,1385
ytbxl8BGhlQ,5 Reptilians Caught On Camera & Spotted In Real Life!,Top 5s Finest,Entertainment,1611094,7719,5051
xIYk_s3IPus,Zeitreisender aus dem Jahr 2030 besteht Lügendetektor-Test! Sagt Noah die Wahrheit?,CreepyPastaPunch,Entertainment,141535,6597,458
k79wCaFgU40,Debunked:  Socialism Has Never Worked,David Pakman Show,News & Politics,162615,6314,4264
demwqSeGL-o,Musical.ly Star Kristen Hancher wird bedroht! Was ist mit ihr passiert?,CreepyPastaPunch,Entertainment,84928,5626,102
vQsebwXKIBo,Nick Foles on Super Bowl Win & Future in Philadelphia,Jimmy Kimmel Live,Entertainment,412225,5430,138
op6Nx9KlnSk,Sam’s Club Closings  Walmart  FEMA SECRETS EXPOSED!,TruthUnveiled777,Science & Technology,258482,4545,368
z3lElikZD2Y,Neil Cicierega - Avril,NeilCicieregaMusic,Music,341498,4096,73
sELKjw_XhWk,Mars-Rover filmt seltsames Objekt auf dem Mars! Außerirdische auf dem Mars?,CreepyPastaPunch,Entertainment,71098,3807,90
aycOajISIHo,Welcome To Trump s Toll Road America!,The Young Turks,News & Politics,185668,3030,237
3m11sUIScPM,BREAKING: Florida Mass Shooting Suspect In Custody,The Young Turks,News & Politics,102878,2631,435
593zcfIWwmI,16-Year-Old Student Weeps as Florida Lawmakers Vote Down Assault Weapon Ban,Inside Edition,News & Politics,75906,2193,209
Ksal9o2DCIg,Body Language: Illuminati Wife,Bombard s Body Language,Entertainment,134160,2124,210
xLZc5-rvlV0,CALM BEFORE THE STORM: 10 DAYS OF DARKNESS (FIXED),James Munder,Autos & Vehicles,72957,2112,118
wfUUGIt3Evk,Elites Have found thier pathway to immortality.,RichieFromBoston,Science & Technology,51474,2001,73
YaYC0H0osfw,Body Language: Prince,Bombard s Body Language,Entertainment,74077,1879,52
ZgV9i5LCw70,LEXXTEX 526 - SANDY HOOK VIDEO THAT   WAS REMOVED FROM YOUTUBE     DO YOU WONDER WHY ???,LEXXTEX,News & Politics,530998,1620,296
rT52PqQ8_kU,Elliot Rodger s My Twisted World - Manifesto [Full Audio Book],Killer Manifesto Audio Archives,People & Blogs,191402,1446,197
S9KRdqwQcdo,One Nation  Overdosed: Documentary On The Deadliest Drug Crisis In American History (Full) | MSNBC,MSNBC,News & Politics,168875,1188,122
xs9rHYtAVN0,Boston Marathon Bombing True Lies (FULL VER),Peter Preswick,News & Politics,295309,1180,311
fpJLUpEs9pI,TRUMP DROPS MAJOR 9 11 TRUTH BOMB,Twisted Politix,News & Politics,243282,1063,237
wbUUphyZ_6s,Jeff & Prof James Fetzer - Las Vegas…The Searing Truth,Jeff Rense,News & Politics,76307,1032,136
2B1sY4NecnI,Christian Evangelist Billy Graham Dies At 99 | Morning Joe | MSNBC,MSNBC,News & Politics,100578,860,270
cu10jpAQq_Y,Las Vegas Doctor and Resident Analyze the Tragedy,Victurus Libertas VL,Entertainment,40093,811,63
1zpq3D9v8-s,Bono /Jesus/Trump..figure it out!!!,theJonathanKleck,Education,13250,670,89
VQEg7f7vmnI,Future of world being negotiated in next two weeks as Super Blood Moon approaches - Benjamin Fulford,Secret Wars,News & Politics,17892,423,36
CZHS8JRh0u0,Extremely Urgent Message To The Church!,Shaking My Head Productions,People & Blogs,4196,332,5
PU2Y8qkvMX0,Alex Jones (FULL SHOW) Thursday 2/1/18: News & Analysis  Mike Adams   Zach  Key Intel,Ron Gibson,News & Politics,25735,305,17
HwtN7YxHpVs,Bolton Gets It: ‘This Is The 1st Attempted Coup D’etat in America’s History’ …Who’s Behind It?,MLordandGod,Film & Animation,4536,298,3
PlCtRYW2mx0,"JEROME CORSI #QAnon ANALYSIS (2-20-18) (FULL) QAnon NEWS! - ALEX JONES INFOWARS",INFO WARS NEWS,Entertainment,8089,270,5
4tQhoqSFgos,The World Economy Is On Life Support!,Shaking My Head Productions,Education,5808,266,15
xwhU_ZIDqsM,Lemon Demon - Soft Fuzzy Man,WonderingAboutHowIDied,Music,32422,253,10
Gzo3djZBZ-Q,PEDOGATE - Bangor Maine Mystery Murder  Tim Hotham Wants Justice For His Brother  Roderick,Victurus Libertas VL,People & Blogs,6167,242,7
3PdahECDHys,Benjamin Fulford February 19th 2018 Financial mega-battle to escalate in late February  early March,Secret Wars,News & Politics,6715,228,7
ZsOEEj2FoUM,Waters Receding World Wiide From Super Moons - Earthquakes?,Shaking My Head Productions,People & Blogs,4293,197,10
eflJFnlfV4I,MICHAEL SAVAGE: CRAZY TIMES  DIS-ORDERS  EVERYONES GUILTY! - ALEX JONES INFOWARS,INFO WARS NEWS,Entertainment,2819,189,1
pI7-fPOJerI,Jerome Corsi QAnon Decode 02/23/18 | Hillary Email Killed US Spies In China In 2010,OpenMind,News & Politics,6750,187,13
Qbfn29VhlVg,Brain Computer Interface : They Want Us To Want This!,Shaking My Head Productions,Science & Technology,2614,186,14
u0odVU1dRok,Matthews: People Are Standing Up To The NRA | Hardball | MSNBC,MSNBC,News & Politics,12735,176,18
jLBDTVZ07CM,The Rich Man and Lazarus Short Movie - Luke 16:19-31,Shaking My Head Productions,People & Blogs,1875,174,3
iPOP7G1FiI0,Update  See Pinned Comment - CNN Article Posted February 1st  Mentions Parkland  Feb 14,Victurus Libertas VL,People & Blogs,1950,168,2
OTnN-8BDswI,Human Sacrifice Gone Wrong,William Tyndale,People & Blogs,9616,168,5
mZREYeRF7VA,Dualism - As Above So Below - Order Out of Chaos - Crash Course,Shaking My Head Productions,Education,2712,158,5
X8BVcLhEbKE,Dr. Steve Pieczenik About Cutting The Cable And White House Turmoil,OpenMind,News & Politics,1577,154,4
CMVM1Vh7uQ0,Changes Are Coming Soon 2018,Victurus Libertas VL,People & Blogs,2502,146,3
DQGiTJF0zMw,98 Breaking the Ice-Pt 3-Tonya Harding/Nancy Kerrigan,genuinecap,Sports,75980,141,20
jMamNc8r6Qo,CDC Team Lead & Responder To Ebola and Zika Viruses Goes Missing,Victurus Libertas VL,People & Blogs,1668,134,1
jT3EA3SeaIs,Florida School Shooting: What Really Happened? A Drill  Gun Control Hoax?,The Paulstal Service 6,People & Blogs,3437,133,7
7DGJKzH1jlc,Roger Stone 2/17/18 Alex Jones INFOWARS Februay 17  2018,Breaking News Alert,News & Politics,7357,133,6
WjqO8lHfSCY,Liberal Freakout: Congress Blindsides Obama Administration With Formal Investigation,MLordandGod,Film & Animation,3554,129,0
3e6AKdQDUtY,I battled with a Witch. Part 3 the finale.,Sage Wanderer,People & Blogs,1394,121,1
Jse6yN_xtBg,"JEROME CORSI #QAnon ANALYSIS (2-22-18) (pt-1) QAnon NEWS! - ALEX JONES INFOWARS",INFO WARS NEWS,Entertainment,3090,119,1
poEPsCORHmw,2001: A Space Odyssey 50th Anniversary - What Did Kubrick Know?,Shaking My Head Productions,People & Blogs,1597,107,6
mbJQxgHbh4g,US Embassy Moving To Jerusalem May 14  2018,Shaking My Head Productions,People & Blogs,1672,106,4
IBjfMNsZTeA,Florida Shooting was a Drill?,DTR89,Comedy,10307,90,7
-ZauDsBf6dw,Laura Loomer Confirms  Ezra Levant Defrauded The Rebel Media Audience - Mister Metoku,The Last Stand,News & Politics,2148,89,10
hPNpiHq4ew8,Japan Issues False Missile Warning Just Days After Unprecedented Hawaii False Alarm,Secret Wars,News & Politics,1746,75,3
iWnoJfIjfL8,Aaron Russo - Rockefeller me lo dijo... Nosotros financiamos el feminismo,Desmontando a Babylon,Science & Technology,3285,74,0
2rOx4XFvc6Y,Earthquake Warning: UK struck by 21 Quakes in 50 DAYS including biggest in 10 years,MLordandGod,Film & Animation,828,72,1
wGqTvJgAeSM,Will Antarctic German Space Program Reveal Itself & Release Advanced Technologies,Secret Wars,News & Politics,1085,65,4
ZxunDMlLoCc,Dana Loesch Says People at CNN Townhall Rushed Stage and Said  Burn Her  in Gun Control Conversation,iBankCoin.com,News & Politics,1420,64,1
k8XXgWlVkl0,Camile Plagia  historica feminista habla sin tapujos acerca del feminismo actual DaB Doblado Españo,Desmontando a Babylon,Science & Technology,2844,57,3
Rdmngp79aZs,Russianvids - Richard Pryor & Roddy Piper Price For Fame,Zack Greevey,News & Politics,966,54,1
L2HhM71Xoho,Russianvids - Our Scripted News & Nancy Kerrigan Hoax,Zack Greevey,News & Politics,894,53,1
Nwk8rdAMwb8,Parkland Student  David Hogg  Recounts Harrowing Events at School,iBankCoin.com,News & Politics,3302,52,27
643WKLPpxp0,India Outraged As Trudeau s Liberal Government Invites Known Sikh Terrorist To Dinner Party,Secret Wars,News & Politics,738,49,0
m5zIjlYOc2I,Sara Carter Reveals 2nd Anti-Trump Dossier has Deep State Terrified!,MLordandGod,Film & Animation,322,47,0
rVgN9yZLIDw,Obama-Loving Prince Harry CRUSHED As FAKE Letter with Powder Sent To Meghan Markle,MLordandGod,Film & Animation,1879,46,5
hnZe5cT2uF4,Análisis de expertos  Unanimidad CONTRA los Chemtrails  California DaB Doblado Esp,Desmontando a Babylon,Science & Technology,1161,39,0
QaYl9v-XiH0,Russianvids - Liars In Manchester,Zack Greevey,News & Politics,686,34,0
lR6I0f5zh84,CNN digs through trash in Russia after Mueller indictment of 13 Russians,iBankCoin.com,News & Politics,691,29,1
9x2lUITsAdM,El Calentamiento Global y una Nueva Edad de Hielo ACABARAN CON NOSOTROS,Desmontando a Babylon,Science & Technology,1608,25,2
MVJcNWwqDhk,INCREIBLES IMAGENES - Anomalías en los incendios forestales 2017.,Desmontando a Babylon,Science & Technology,951,24,1
c-CTmmk4sRg,Robert Mueller Set to Quit? - Gorka with Sean Hannity & Tom Fitton Point Out Why!,MLordandGod,News & Politics,190,19,0
l4a-0WQ_AFk,Isla Vista Shooting Survivor Sierra Swartz Shares Her Story,Victoria Sanchez,News & Politics,103223,,
aF0nRwgda2I,SCARIEST EXPERIMENTS EVER,shane,People & Blogs,4103958,177979,1404
9o-77YQ1Rcc,Politicians Blame Video Games for Parkland  Lebron s Shut Up And Dribble Controversy  & More,Philip DeFranco,Entertainment,1553000,72892,2768
Q0hPd2gMlGw,REAL CONVERSATIONS: Hate Speech Isn t Real | Change My Mind,StevenCrowder,Comedy,1532710,71675,1344
LrTh23RcdOU,10 Child Stars You Didn t Know Passed Away,TheRichest,Education,21009844,70918,24433
2uxtcy4FpN8,The Unfortunate Truth About Mother Teresa,Second Thought,Education,2073921,36021,7290
JzctBqtxa9g,Top 10 Cringiest Celebrity Interview Walkouts,WatchMojo.com,Entertainment,4230777,18837,8008
feLbC2a3ThQ,Deshalb solltet ihr heute Nacht nicht das Haus verlassen! Gruseliger Blutmond!,CreepyPastaPunch,Entertainment,256939,12069,1051
w4mI5z9ffaU,Die schreckliche Tide Pod Challenge! - Macht sie nicht nach!,CreepyPastaPunch,Entertainment,163724,10256,260
hgp5mNby4V8,These Are the Victims of the Manchester Terror Attack,Inside Edition,News & Politics,700135,7569,244
MdBlDNzB6Ds,VW s grausame Experimente an Affen! Die schrecklichsten Tierexperimente!,CreepyPastaPunch,Entertainment,105480,6990,288
39CdpEsuyxk,Zeitreisender aus 2118 machte ein Foto in der Zukunft! Ist dies der Beweis für Zeitreisen?,CreepyPastaPunch,Entertainment,121871,5573,374
EU8_H7x0KwA,The Truth About The Stock Market Crisis. Prepare Yourself.,Stefan Molyneux,News & Politics,196556,5496,272
kBqnjw7hAy8,Body Language: Corey Feldman Campaign,Bombard s Body Language,Entertainment,173126,5377,799
5XTIOs4YK_c,Columbine Shooting: 10 Years Later,usnewsandworldreport,News & Politics,1136284,5324,253
iyD2BUnQEU4,Liberal Senator Tries To BAIT Jordan Peterson  Regrets It Terribly,Conservatism,People & Blogs,338070,5025,203
3FMqw039Q-k,Die gruselige Geschichte von dem Astronauten im Tesla!,CreepyPastaPunch,Entertainment,80555,4297,228
LXZzwwUVpWk,PROOF: CNN caught staging FAKE NEWS SCENE (London Attacks  June 3rd 2017),Information Warfare,Education,282456,3949,528
pFBjYARrVXA,Donald Trump s interview with Anderson Cooper (Part 1),CNN,News & Politics,712096,3294,1793
m7dyKsOzWw0,Las Vegas - Why are there so many contradicting stories?,Leak Project,News & Politics,372729,3233,732
CujG1VHaIuw,Paris attacks: a survivor of the Bataclan concert attack narrates his dreadful ordeal,FRANCE 24 English,News & Politics,733468,3218,228
WmNSXN4gqqU,MELANIA TRUMP: HIGH LEVEL ILLUMINATI MK-ULTRA/Monarch BETA Slave,The Black Child,People & Blogs,703362,3171,1613
EgK6Cu8MguA,Trump s  Caring About Dead Kids  Cheat Sheet Exposed,The Young Turks,News & Politics,108505,2751,173
b8_jcbzQ04M,Body Language: VP Mike Pence,Bombard s Body Language,Entertainment,100701,2535,198
DfEn9Dz1_j0,*Rare* 1967 Record Exposes the illuminati,Light of Life Productions,Entertainment,73135,2270,72
aXy23tH_Z4c,Paris Attack | Bataclan Hostages Leave,Sky News,News & Politics,3009007,2176,409
50Lx4A7fWSc,Frantic Evacuation Footage Threatens Lone Gunman Theory - Las Vegas Shooting - Part 54,Blackstone Intelligence Network,People & Blogs,64884,2117,61
NLsvuvAUdoY,Body Language: Neil Degrasse Tyson,Bombard s Body Language,Entertainment,94375,2108,348
-6yJIU3nTgI,"DON T DRAIN THE SWAMP  MESSAGE SENT TO TRUMP #PARKLAND",James Munder,Education,45226,1797,39
v6NSMo4h7fM,Young Pharaoh vs Brother POLIGHT : Metaphysics and African Liberation Pre Trial,iAmBrotherPOLIGHT,Education,120171,1732,283
gVpqXGV2EY0,Black Child Meets CNN s ANDERSON COOPER|STORYTIME,The Black Child,People & Blogs,97413,1650,203
0gpVZkEXSsI,Local Reveals Details About Las Vegas Shooting and Gambling Scene - Part 18,Blackstone Intelligence Network,People & Blogs,93739,1564,173
YarIJ_xfkts,9/11: Ted & Barbara Olson / Fake Victim Mysteries,PronStarKiIIuminati,Education,430588,1463,346
36Gg4um5cwE,Father Of Parkland Victim: My House Is Forever Changed | Morning Joe | MSNBC,MSNBC,News & Politics,71159,1298,65
F4ihlWZYMlE,Artificial Intelligence PsyOps Tyler and Q Anon with Quinn Michaels,Jason Goodman,News & Politics,44225,1031,112
XkHmFBxEHMI,Trump s note card for shooting discussion:  I hear you,CNN,News & Politics,145355,948,351
FyirlX3tra8,NRA spokesperson: Many in media love mass shootings,CNN,News & Politics,105705,743,994
UL99fhDt4wM,Joe: Assault-Style Weapons Not Your God-Given Right | Morning Joe | MSNBC,MSNBC,News & Politics,54829,730,100
U5u2sk3Fbnc,Black Paradise & Battling Over Macedonia: VICE News Tonight Full Episode (HBO),VICE News,News & Politics,83112,717,1797
8lNxtjD3Onw,The New Witches of Salem: Feminist  Empowered and Anti-Trump | NBC Left Field,NBC Left Field,News & Politics,167671,621,518
Uxio1dTtlO4,Inside Information & Chilling Details Reveal Serious Trouble On the Horizon!,Lyn Leahz,News & Politics,22893,571,54
y7koICOmR2U,Meet Mama Cat  the Chef Saving St. Louis With Spaghetti | NBC Left Field,NBC Left Field,News & Politics,100175,496,66
dcHKdNPuDU0,The Holy Grail of Who Runs and Controls All; Part I MUST SEE and Share,aplaintruth.info,News & Politics,6660,402,24
T8hhexYNnjA,Sandy Hook  What Happened? RICHPLANET.NET Discussion with Dr. Kollerstrom Richard D Hall,Doc Casull,News & Politics,68237,398,44
a-hVvXKUcb8,CNN Knew About February 14th on February 1st,Victurus Libertas VL,People & Blogs,8112,386,9
L5Jq-LjF3vY,Russianvids SpaceX CRS 11 & F9 Landing & NASA ISS Exposed Elon Musk s Connection To Crowley Fl,NASA IS DEAD,People & Blogs,16349,365,35
xk6R8dQp6r8,Poll: Support For Gun Control Hits A Record High | Morning Joe | MSNBC,MSNBC,News & Politics,45114,306,86
y_bnwntWmDA,Grenfell Tower: Baby Leena buried with parents and sister,5 News,News & Politics,65665,297,26
Howvq42LRMk,Benjamin Fulford Full Report February 12th 2018,Secret Wars,News & Politics,5040,276,8
43Se_lIqPDs,BREAKING False Flag Las Vegas Shooting Near Mandalay Bay Casino Kills 50,The Event Is coming soon,Education,33290,242,56
wl5UwPyPcL8,The Phoenix Rising At The Super Bowl - Winter Olympics = Times Up!,Shaking My Head Productions,People & Blogs,5184,233,7
zE0OT5od9DA,Medical Examiner FULL Press Conference - Sandy Hook School Mass Shooting,LeakSourceNews,News & Politics,164239,215,101
-NXxScL_qwQ,Manchester Bombing HOAX - Crisis Actress Lip Syncs Her Co-star,TheConspiracyFact2,Education,21286,152,44
YTBsf7LArxU,Days Of The Week - Months Names Pagan Origins,Shaking My Head Productions,People & Blogs,2125,145,4
NHqbGUwcBcE,Parable of the Ten Virgins - Always Be Ready!,Shaking My Head Productions,People & Blogs,1880,143,4
wS_Rk-c-IwE,Las Vegas Sheriff Lombardo Interview-Nov 1st  2017,Patrick Hostis,News & Politics,42270,135,74
WUY0usYXSIA,John Kerry Funneled Millions from State Dept. to Daughter’s Pockets… The Police is on Her,MLordandGod,News & Politics,1655,131,1
SYQoa09xeJ4,Parkland Student Says CNN Townhall Meeting Scripted,iBankCoin.com,News & Politics,2637,121,2
LIdx9bM5Cg4,Are You Mentally Fit To Own A Firearm? These Changes Are Coming Soon,Victurus Libertas VL,People & Blogs,1255,111,0
9R7Sz603ePI,The Right Already Uses Identity Politics - Why Do They Discourage Their Largest Group From Using It?,The Last Stand,News & Politics,676,105,10
qnrVPMl-Utk,Three solutions to stop school violence.,Sage Wanderer,Autos & Vehicles,685,83,2
NF5xQVi3jeI,Tonya Harding & Nancy Kerrigan: Access Looks Back At The Infamous Rivalry | Access Hollywood,Access,Entertainment,24548,75,12
ArstMxEZjj8,Paris  France Staged Terror Attack Exposed - False Flag Conspiracy Hoax,Young Philosopher,News & Politics,23346,74,18
kvR8rcx971U,Russianvids - South Carolina (33),Zack Greevey,News & Politics,1447,65,0
nTGcK1TgKXE,Astrology! Coffee talk,Sage Wanderer,Autos & Vehicles,756,65,0
Hkr2ks0jyIY,Email me!,Sage Wanderer,People & Blogs,737,63,0
DCsyJ_v9SXw,RAW FALSE Flag? Witnesses @ Florida Shooting say Multiple shooters FBI alerted February 16 2018,u2bheavenbound,News & Politics,1920,61,3
h35FXe0zG5g,Parkland Survivor Tells Tucker Carlson CNN Scripted Townhall,iBankCoin.com,News & Politics,854,61,3
WvxyHl-plXk,The Truth About Christianity - Astrotheology  Evidence  and Magic Mushrooms,Truth Center,Education,3910,58,22
bD2BORwTO2g,Neil Degrasse Tyson Meltdown On JRE (Mirror),Zack Greevey,News & Politics,1166,49,9
T0k1t0s8h0w,La Geoingeniería y El Experimento de Asch,Desmontando a Babylon,Science & Technology,1580,41,1
edoVI74CJBs,Parkland School SHOOTING an ACTIVE SHOOTER DRILL gone LIVE! Govt COVER UP EXPOSED!,Classic II,News & Politics,1200,39,2
eo-wntHf3bo,Peekay - Next News Network Jakarta Coverage,Zack Greevey,News & Politics,457,39,2
UDqUvJtpeFs,Loved ones say goodbye to 4 victims killed in Parkland school shooting,WPLG | Local 10 Miami,People & Blogs,7287,36,4
IYGBmV63Iow,President Bill Clinton - Duping delight,MrVictor555,Science & Technology,7850,34,2
K_C4q8hyl6U,FL Silent Film,Zack Greevey,News & Politics,670,33,1
xlpTP-j3k-w,The suspicious case of David Hoggs,Media Bias,People & Blogs,2734,24,7
o5W2cc7hoXU,The Meaning of Confession - Benefits to Our Bodies and Souls! Real-Life Experiences!,MLordandGod,Science & Technology,335,23,2
nIoYGSWQqc4,Two More School Shooting Victims Laid To Rest,CBS Miami,News & Politics,3318,21,2
H-UAp5UISOQ,Florida Shooting False Flag,ScryLite -,News & Politics,1649,19,1
CAYgky7ICkA,Climatólogo- Dr Don Easterbrook  para el Comité del Senado sobre el Cambio Climático 2013. Parte 1ª,Desmontando a Babylon,Science & Technology,1513,18,0
9uJlo-RuG6I,Comité del Senado sobre el Cambio Climático- 2013. Dr Don Easterbrook. Parte 2ª,Desmontando a Babylon,Science & Technology,555,16,0
AcO3wr6-1Vc,Dr Pieczenik Gives Alex Jones Advice On How to Fight Media Censorship,iBankCoin.com,News & Politics,158,13,0
uZvaB1JtA6Q,Dr Easterbrook  Comité del Senado sobre el Cambio Climático. 2013 - 5ª Parte,Desmontando a Babylon,Science & Technology,339,11,0
hbuXPFVD0xY,President Trump Announces Plan to Ban Bump Stocks,iBankCoin.com,News & Politics,471,8,21
3MEJ_Pn0VkQ,Gundlach: Market Mood Seems to be Driven by Bitcoin,iBankCoin.com,News & Politics,281,6,0
cjR22DiNPVA,La Pasta se la quedo DaB - Gorka Otxoa  Igelak en La Alhóndiga de Bilbao  Diciembre 2016,Desmontando a Babylon,Science & Technology,315,6,0
3JYkOjCDS10,Sons Of Magdalene - Move To Pain - full album (2014),PB Chanel 1,Music,4,1,0
igDQ0typDew,Danny Wolfers - Unfolding The Future With Amateur Space Jazz - full album (2017),PB Chanel 1,Music,14,1,0
VsXwSBIqzhw,Mt. Mountain - Dust - full album (2017),PB Chanel 1,Music,10,1,0
T1zb81iPcpw,Knife City - Precious Jewel - full EP (2014),PB Chanel 1,Music,5,0,0
SdfURsA1b1s,88 Ultra x Qreepz - Beheld - full album (2016),PB Chanel 1,Music,2,0,0
EEmg97rUHMQ,Emefe - Emefe - full album (2015),PB Chanel 1,Music,13,0,0
C9XGzNtUglw,Vektroid - Re. Set - full EP (2016),PB Chanel 1,Music,3,0,0
J6TjFfj8sHE,Christian Fitness - I am scared of everything that isn t me - full album (2014),PB Chanel 1,Music,2,0,0
6ECL2dxNlgg,Ghetto Funk Presents - Megan Hamilton & The Bermudas - full EP (2015),PB Chanel 1,Music,13,0,0
CNaR0aqblXg,Mr.L: Why The Cover Up In Las Vegas?,mrltavern,News & Politics,48137,,
wD9itmIrn10,SCARY TEENAGE MYTHS,shane,People & Blogs,4193873,212410,1807
ksXwtOCYrfU,ARE WE A SIMULATION? - CONSPIRACY THEORY,shane,People & Blogs,3369682,200817,2793
o8LhoKAvf2E,SCARIEST CATFISHES EVER,shane,People & Blogs,4764725,191957,1156
Xbp6umQT58A,The Story of Your Enslavement,Stefan Molyneux,News & Politics,6487396,104482,8773
aBb0hyuIfYQ,Star Trek: Discovery is Truly God Awful (Spoilers),The Dave Cullen Show,Entertainment,527863,19396,18737
W_xraXv-r6k,Between the Scenes: Trevor Responds to  Black Panther  Haters - The Daily Show,The Daily Show with Trevor Noah,Comedy,382838,13628,151
n67hcWV6a9A,Why I Was Wrong About Nationalism,Stefan Molyneux,News & Politics,271557,10904,718
w7H-pxcWL5g,STANLEY KUBRICK TOLD US THE TRUTH,SGTreport,News & Politics,503608,8338,903
ujUv5OhUr-M,OPRAH IS COMING,Stefan Molyneux,News & Politics,179330,7913,353
epvCORHGrL4,Strange Events in America! (2018),Jason A,News & Politics,376978,7309,384
4FJc8izQOxA,I met an MK ULTRA trainer. The End Game. Long version,Sage Wanderer,People & Blogs,413700,6393,417
wwJyc5tzXYg,Why do people disappear in national parks?,Stuff They Don t Want You To Know - HowStuffWorks,Entertainment,608725,5985,1140
PtjtHLj1Frg,What to Do About Problematic Statues - The Daily Show,The Daily Show with Trevor Noah,Comedy,337394,5620,359
Vgfi1QZILxk,The Secret Life of Timothy McVeigh,corbettreport,News & Politics,595525,5362,367
I_ipojKjtO4,MUST WATCH : They do NOT want you to hear this.,RichieFromBoston,People & Blogs,79006,4704,167
eAsZ2P0AV1s,STARTLING Things They ve Planned for You in Wake of the Fla.  EVENT,HighImpactFlix,Entertainment,53263,4390,62
e5gWl8suYuY,Gowdy: FBI agents should explain ‘secret society’ text,CNN,News & Politics,633974,2749,1109
xyyLdfH6XBA,The secret world of female Freemasons - BBC News,BBC News,News & Politics,561074,2659,1259
lSjY4dLRGTc,FBI destroying evidence of Las Vegas massacre,TheHealthRanger,News & Politics,46371,2222,58
GzkBhGOM6eM,ORLANDO SHOOTING EYEWITNESSES at Florida Pulse Nightclub,ABC News,News & Politics,956085,2006,717
DUvGuArbXOs,Patreon: Amanda Knox,Bombard s Body Language,Entertainment,107600,1960,129
5yh0j6zMWCI,The Wild Route - Leaving Work And Home For A Forest Life | NBC Left Field,NBC Left Field,News & Politics,262219,1654,330
r0aVxEFuNxg,HALLOWEEN  SUMMIT : Obama  Michelle  Prince Harry GATHER IN CHICAGO.,The Black Child,People & Blogs,73740,1650,139
fLRZ7mSPrE8,EVERYTHING’s About To Change: You’ll Be Shocked By What The Bankers Have Planned—Insider Tells All,Lisa Haven,News & Politics,89092,1647,119
6cV1MwzLcEA,Body Language: French Debate,Bombard s Body Language,Entertainment,32533,1404,141
MlHve3JhtJ4,Grenfell Tower Inferno Local Speaks Out on Social Cleansing!,T Rex,Music,118350,1260,111
4v3MaAUlpw0,CIA killed Marshall for leaking 9-11 secrets,911TruthNOW,Education,210462,1162,121
RYc7D6NGPHI,How to Build Your Credit and Eliminate Debt,iAmBrotherPOLIGHT,Education,41504,1118,60
UlBATOkZL6Q,San Bernardino Psyop EXPOSED: Freemason Hoax - False Flag,ExplorerOne,Education,117317,821,183
Ffx_lHt9WzQ,Time to Address the Sick People in Our Community HOLISTIC HEALTH DRILL,iAmBrotherPOLIGHT,Education,29642,668,316
Tp2mqudjMO8,Brussels Attack False Flag Theories Explored with Sibel Edmonds & Kevin Barrett,Enter The Buzzsaw,News & Politics,52831,611,46
dO09aMGMizM,Hawaii s Communication Breakdown and How Going Ham Could Save Us | NBC Left Field,NBC Left Field,News & Politics,182067,598,106
-oywWDRMB7Y,Were Crisis Actors Used in Sandy Hook Massacre?,The Alex Jones Channel,News & Politics,59819,579,69
4hyc5QlnInQ,Emma Gonzalez  a student at the Parkland  Florida high school to Trump,Acul Newbieto,Science & Technology,24065,544,72
N4VPm3qFGsU,Government Conspiracy: The Truth Behind the Missing Black Women In D.C,iAmBrotherPOLIGHT,Education,26943,539,113
SNlUgMyg8R8,Most New Year s Resolutions Fail  So Why Do We Make Them? | NBC Left Field,NBC Left Field,News & Politics,233969,456,221
wTe3IYoITGY,Student On Shooting: I Don’t Know How I’m Ever Going To Get Past This | Velshi & Ruhle | MSNBC,MSNBC,News & Politics,52413,445,64
ADGdGaZbsmU,Saving Migrants on the Risky Mexico Border Crossing | NBC Left Field,NBC Left Field,News & Politics,123908,405,143
JTH25EZFNTQ,California Trump Voters Reflect on the State of the Nation | NBC Left Field,NBC Left Field,News & Politics,77690,361,185
RFonl7q-i-0,The Kansas Teacher Who Buries Treasure in Every Student s Desk | NBC Left Field,NBC Left Field,News & Politics,47563,306,23
8KazMqt4OQY,G-u-n Control Rant - Needs to be said,Jason Unruhe,News & Politics,2799,250,16
b5VCY75c9yE,How to Feed the Homeless With Mama Cat for $3.42 | NBC Left Field,NBC Left Field,News & Politics,26808,244,14
A0tW_huofMc,Colombia s Cash Crop: Flowers for Valentine s Day | NBC Left Field,NBC Left Field,News & Politics,58973,225,45
k8np_WijU5s,Choose NBC Left Field s next story. Welcome to Tag!,NBC Left Field,News & Politics,129720,193,79
CS_2B4VWBp8,How America s Love of Watching Sports Created Superhuman Athletes | NBC Left Field,NBC Left Field,News & Politics,108930,190,88
2ZOMn8-SELE,Dr Steve Pieczenik & ALEX JONES infowars October 15 2017,Dr Steve Pieczenik 2017,Science & Technology,6813,168,12
88cMiXcDllA,Second Memo Released  Carter Page The Patsy Interview  Adam Schiff Family Ties With Soros,TOTALECLIPSE Page,News & Politics,1638,155,1
--2ifRm-O6s,Why Millennials Not Getting Married May Be a Good Thing | NBC Left Field,NBC Left Field,News & Politics,56274,154,75
H_QwOmQ2TQE,Trump Warns Globalists At Davos To Respect National Interests/ New WH Leaks,TOTALECLIPSE Page,News & Politics,1215,153,1
PooRA-9CAG4,What Do Tarot Cards Have in Store for America?,NBC Left Field,News & Politics,44799,150,140
OaGDTFPyvXI,Barbara Bush. MAN,Apostle Laura Lee - Church of Philadelphia,Education,4183,135,13
mbNKJEnu_wQ,Lemon Demon - Everybody Loves Raymond,Ben Simon,Music,10028,127,5
ryknxjj_vKY,Luciferianism in the Music business. Hidden in plain sight.,Sage Wanderer,Autos & Vehicles,1345,91,2
M_aT--CZw8k,Full Episode- The Basics of the Flat Earth Debate,Agent S,News & Politics,4317,86,12
QXPHrIHHXII,Waco S01E01 - Visions and Omens,The Last Stand,News & Politics,3768,70,2
PDdEsuvKtZw,Ladies & Gentlemen...Meet The Cast,Zack Greevey,News & Politics,559,51,1
c6t3jn4tGAY,Stoneman Douglas High School Student Reveals Officer Hid Outside and  Did Nothing  While Students Di,iBankCoin.com,News & Politics,362,45,0
MjJNllkmaso,John Podesta Flustered When Asked How Russian Operatives Outsmarted Him During Elections,iBankCoin.com,News & Politics,615,40,1
EBCQIRI6Hc4,CNN Visits Woman s Home and Badgers Her About Working with Russians on Pro Trump Facebook Page,iBankCoin.com,News & Politics,463,29,5
u1BozZcCkIU,Father of Slain Daughter at Parkland Makes Impassioned to Trump for School Safety,iBankCoin.com,News & Politics,296,27,3
M6p8qew6fAA,Ted Cruz Discusses 2nd Amendment  Disses Chris Cuomo at CPAC,iBankCoin.com,News & Politics,454,25,0
l5_XG3o0Uuk,Trump Talks About Arming Teachers,iBankCoin.com,News & Politics,259,22,1
dkqcfDSU0t4,President Trump s Full Speech CPAC 2018 - Part 2 of 2,MLordandGod,News & Politics,274,20,1
LfV7-lUs1HM,Comité del Senado sobre el Cambio Climático 2013 - Dr Don Easterbrook  Parte 3ª,Desmontando a Babylon,Science & Technology,559,18,0
cFUB6Q90VWg,Two Suns PROOF - Puesta de dos SOLes en México D. F. y Hawaii - 2018,Desmontando a Babylon,Science & Technology,317,16,1
HiHocHlfeyc,DaB Radio Radio Rasta: Entrevista Patxo Tellería y Gorka Otxoa de Igelak  Bilbao,Desmontando a Babylon,Science & Technology,426,15,1
1JFbHg7yuQM,False Flag At Florida Douglas High School Shooting.School Ran Active Shooter Drill hours before,Freddy Colon,People & Blogs,1243,14,11
NBGJcgYab3E,CBS: The White House Still Trying to Figure Out Where Trump s Heart is On Gun Control,iBankCoin.com,News & Politics,160,2,0
ti1WBSq7A4E,Baby Registry Must-Haves,CBS Los Angeles,News & Politics,19,2,0
0gCWHHBeQzs,Vektroid - Big Danger - full album (2016),PB Chanel 1,Music,10,0,0
iPrTlDNcDoE,Lauren Mann - Dearestly - full album (2016),PB Chanel 1,Music,4,0,0
6LNFsUu_iYE,Metamatics - Bodypop - full album (2016),PB Chanel 1,Music,3,0,0
A8KFwHrmg5o,The Way Out by Cosmic Compositions full album,PB Chanel 1,Music,13,0,0
5saklm7CL4k,False Flags FLORIDA HIGH SCHOOL SHOOTING live tonight,bill1224601,News & Politics,133,,
oJ5AyqwHqQQ,Former Neighbor of Stephen Paddock Was Set Up Must Hear!,Honest News Network,Education,461599,,
g1m5JP7L6ck,When history Replay s itself,bill1224601,News & Politics,211,,
Y9ebAMzt-oA,Another Top 10 Conspiracy Theories of All Time,WatchMojo.com,News & Politics,14869529,62084,6337
ON3EjK5DXPk,Anderson Cooper s Brilliant Reaction To Trump s Statements - EXPOSES His Bad Leadership,Jon Snow - The Viral Network,People & Blogs,2733032,23604,6805
9m8FW9s8Jsg,What the Media Won t Tell You About Saudi Arabia,reallygraceful,Entertainment,634045,11106,2805
YQBlv7sZGVE,Retired Expert Pilot John Lear - No Planes Hit the Towers on 9/11,911PlanesHoax,Science & Technology,2359936,10372,2435
VnLmKJNmIqQ,Between the Scenes - The Problem With Blaming Gun Violence on Video Games: The Daily Show,The Daily Show with Trevor Noah,Comedy,285156,9763,69
8rEwELgwC2k,Ariana Grande Reacts To Manchester Terrorist Attack,HollywoodLife,Entertainment,2101829,9154,1600
dZbu5qGfBf4,Between the Scenes - The Parkland Survivors Want to See the Manager: The Daily Show,The Daily Show with Trevor Noah,Comedy,180647,7449,58
BOKhPbi131I,What Really Happened In Texas - FEMA And Hurricane Harvey,Dane Calloway,Education,190579,4221,240
lhMNNaTwsyM,Redondo Beach Lifeguard Power-trip on 17 y/o,David Hogg,Travel & Events,741966,3976,1383
jt7-rZ0TQvs,10 Crazy Conspiracies That Turned Out to be True,TopTenz,Entertainment,125901,3204,179
4ZhYpuJgj4E,Body Language: Wiretap Hearing,Bombard s Body Language,Entertainment,67930,3100,91
Cm9huZL_oxU,Kip Kinkel  The Killer At Thurston High  Documentary,confused network,People & Blogs,753062,3020,333
CgECr4wo14c,Las Vegas Shooting is BULLSHIT,RichieFromBoston,People & Blogs,65318,2841,198
39ZsrG1rGz0,Body Language: Mika and Joe,Bombard s Body Language,Entertainment,61123,2839,165
HCqlUiKHyOI,Zuckerberg Has Unveiled the latest Demonic Doorway,RichieFromBoston,Science & Technology,66624,2751,100
LN6hCjE9lFk,FREEMASON RITUAL MURDERS/Blood Sacrifice 2017 UPDATE,The Black Child,People & Blogs,142569,2457,108
DACZqBlY78I,4 Unexplained UFO Sightings,Stuff They Don t Want You To Know - HowStuffWorks,Entertainment,215665,2423,162
mOGJ2MPy_lk,Body Language: Jeff Sessions Senate Hearing,Bombard s Body Language,Entertainment,65704,2412,236
OqIpmFEqaeM,ESPN Holds SLAVE AUCTION ON LIVE TV!!!,The Black Child,People & Blogs,87668,2278,258
OQaKDLZvDD0,Examining the Facts of the Las Vegas Massacre,Israeli News Live,News & Politics,121234,1932,174
djwCJAR_svA,BANNED FROM GOFUNDME FOR FREE SPEECH LAWSUIT VS. GOOGLE,Elliott Marxx,News & Politics,14952,1874,21
udBA-YIJ3JM,World Leaders Are Preparing For Something HUGE!!! WORLD ECONOMIC FORUM 2018 EXPOSED!,TruthUnveiled777,Science & Technology,60759,1549,66
3MlGkXf1hS4,Bill Nelson: AR-15 rifles are for killing  not for hunting,CNN,News & Politics,111738,1487,500
T2Pu9qkIo9w,911 Perpetrators Revealed,American Intelligence Media,News & Politics,40460,1427,49
BdPBvtpfN08,Orlando Shooter s Calls with Police Released,ABC News,News & Politics,194670,1064,296
XvPxbe8UdG8,Ingraham: Celebs rush in to fix democracy,Fox News,News & Politics,29205,943,96
yCEJdXv9_sQ,NICHOLSON1968 AND R.F.B. W/Anthony Patch,RichieFromBoston,Science & Technology,28725,868,35
3ECzKeqsVv0,"Terroranschlag von Berlin: Opfer des Anschlags hatten ein Casting!? #crisisactors #breitscheidplatz",Don R. Wetter,News & Politics,203078,854,288
pBJlgx87Fp0,Suspect in Florida high school shooting in custody,ABC News,News & Politics,182623,785,66
1hpqkk4uN0s,Americans Rally For Gun Safety With Donald Trump  GOP The Only Obstacle | Rachel Maddow | MSNBC,MSNBC,News & Politics,74716,743,36
89ckXmsoNf0,HOW TO READ THE LEFT EYE TO FIND DISEASE IN THE BODY,iAmBrotherPOLIGHT,Education,30218,675,69
WZe0GrE7cXg,Kate Steinle Protest in DC  Build Kate s Wall  - Alt Right w/ Richard Spencer  Enoch  Heimbach,The Last Stand,News & Politics,8313,674,19
O5o2-bB-Ipg,Do Not Let the Internet Trolls Steer You in the Wrong Direction / Pseudocide or Metaphysics,iAmBrotherPOLIGHT,Education,27571,592,385
2kX7eQukq3g,Directo // ¿La tierra Gira?,Iru Landucci // Nur para todos // Tierra Plana,Science & Technology,19346,562,60
McoRtDzt6UQ,Eddie Bravo on Flat Earth- FULL DELETED INTERVIEW!,Agent S,News & Politics,70412,557,112
XgMa6RI4qmE,FBI-CIA COUP  SHUT DOWN! MATT BRACKEN 12/7/17 ALEX JONES INFOWAR,INFO WARS NEWS,Entertainment,14911,520,11
NDEiNvCPink,Bro. POLIGHT presents Yada Free Living Program and the Land for our People to Detox,iAmBrotherPOLIGHT,Education,23209,501,332
vM78ncJGUDk,Temas Varios / El papa y la Iss  simbologia SpiderMan / Fallos en la Iss / Realidad Simulada  etc,Iru Landucci // Nur para todos // Tierra Plana,Science & Technology,16026,466,35
9f3v9xQkLzk,Is the Moon Transparent? Nikon P900 Footage of Moon and Stars!,Agent S,News & Politics,38485,449,128
BK_vMNSGrn8,Kilroy Free Speech Event - Based Mama & The Pro Censorship Skeptic Community - aka Kill Joy,The Last Stand,News & Politics,13475,448,28
o1llmsERzgo,Q 2-14 Best of the Boards Watch The Water Response Forthcoming,Hooliganmonsoon,People & Blogs,18303,432,4
yCBlVLBPxU0,Elliot Rodger rampage: Security footage shows moment killer struck at Santa Barbara deli,TomoNews US,News & Politics,260320,430,116
Gz3M2iE_M5E,Why  Black  Leaders Don t Unite and Why So Many  Pro Black  People Struggle?,iAmBrotherPOLIGHT,Education,21485,429,53
bOEYkivHBmQ,The Return Of Ben Swann,Press For Truth,News & Politics,5294,399,4
snTnE0Tbdmw,Lucian Wintrich  It s OK to be White  Speech at University of Connecticut,The Last Stand,News & Politics,51968,361,39
4uhWXRXgTb0,Two shooters Witness spoke with shooting suspect,911TruthNOW,Science & Technology,33321,353,32
G_rp01NfR9o,Haitian Vegan Food  Magic Djon Djon  that Cured POLIGHT of Diabetes with Vyktoria,iAmBrotherPOLIGHT,Education,16707,352,43
_O9pp98YEJw,The Untold Truth Of Donald Trump Jr,Nicki Swift,Entertainment,31822,337,107
9JtjiW9MZ-8,Pedogate Coverup - Tim Hotham Seeks to Resolve Brother s Death by Members of the Deep State,Victurus Libertas VL,Entertainment,5106,266,1
TcpT6PhS_Ok,MILO: PRESCRIPTION KILLERS? - ALEX JONES INFOWARS,INFO WARS NEWS,Entertainment,3726,232,7
SzVxBIn_i-A,GOD S CHOSEN .. part 1 .. A Cause for Concern,Wardo Rants-1,News & Politics,7233,231,18
SFBcAfRgsbY,FISA Memo Release A Warning: The Analysis/ More Memos To Come/ Coup D’Etat Exposed,TOTALECLIPSE Page,News & Politics,1629,171,3
FbMQW8nGuS8,The Tonya Harding and Nancy Kerrigan Saga  Part 2,3Axel1996,News & Politics,174797,169,24
XkeYJ3IpNhA,LIONEL: SMILE TIME! - ALEX JONES INFOWARS,INFO WARS NEWS,Entertainment,1975,166,2
ddzvsHOARuE,Las Vegas Shooting Exposed - 100% False Flag - NEW 2017,The Real Mr.Homicide,News & Politics,19418,162,37
S8nHohxBWoc,Antifa Attacks Kate Steinle Vigil & Anti-Sanctuary City Protest in Austin Texas,The Last Stand,News & Politics,3291,160,3
7GO1jRnmh68,Robbie Parker Full  Smiling  Q&A 12/15/12,Insanemedia,Education,30779,141,10
p3kTHdRPpJE,London Attack at Oxford Circus on Black Friday - 11/24/2017,The Last Stand,News & Politics,52940,135,48
CZPnSLpbMt0,False Flag: Las Vegas Shooter Conspiracy Unfolding!,The Money GPS,News & Politics,20722,135,16
r309pwoZtWY,Did sheriff help spread Sandy Hook conspiracy theory?,CNN,News & Politics,35915,134,611
6qwQiQ-MKvc,TYT - 02.12.18: Teacher Fired  NYPD Tweet  American Hero In Wast Virginia  and DLCC Retreat,TYT Shows,News & Politics,7243,133,10
OmTxOsvm9K0,Fake and Staged Super Bowl 51 Spot on ISS?,Agent S,News & Politics,2876,113,5
shKlaC06oJU,TYT - 02.15.18: Parkland Shooting Update  Gun Control  Fake News  and Trump On Shooting,TYT Shows,News & Politics,4518,101,25
sp1uVry-Y2c,Thoughts & Prayers  and Doing Something™,DeflatingAtheism,People & Blogs,1052,99,17
d5oeY2MUYms,Identifying Liars: Duping Delight and The Importance of Establishing A Baseline,TheREADSystem,People & Blogs,24113,95,8
XmlXLWLnVVI,NASA Discovers  Earth-Like  Planets? What Do You Believe?,Agent S,News & Politics,2533,93,12
KWuUru3TTK0,Russianvids - Masonic Funeral,Zack Greevey,News & Politics,3235,91,0
mIW-TBUdGI8,Cardi B s Being Used to Hide FUKUSHIMA By Making So-Called  Rival  Gangs Fight!!!,Your Radical Home Sista,Education,1552,91,8
sp9U8xzrOP8,PARIS ATTACKS FALSE FLAG HOAX,ConspiracyFiles YouTube,News & Politics,35691,86,55
VtfJ7CYBnFk,London Attack at Oxford Circus  Customer Incident  Current Information,The Last Stand,News & Politics,45815,86,34
iaFUgPg_RTo,Jacob Israel is NOT a Shill!!!,Agent S,News & Politics,2517,76,24
WaEYhqE40_Y,David Hogg Yearbook,David Davidson,People & Blogs,8478,72,23
0eW_wmIlGOc,More NASA Lies with Their  Composite Images,Agent S,News & Politics,1368,69,5
KuPYLBwhISk,Waco S01E02 - The Strangers Across the Street,The Last Stand,News & Politics,1400,52,2
C5j7nQpKer8,Dinosaurchestra Part 3 - Lemon Demon,SpongeMonkeyX1,Music,4747,52,1
DGxOfrcUJGI,Liberalistism - A Collectivist Ideology for Autists. (Bonus: Vee s Baby Giggle),The Last Stand,News & Politics,425,42,3
pm15bAaM9bQ,Parkland  Florida shooting was fake  you say?,Donald Trump,People & Blogs,1207,22,1
5YZJaaoh4pY,Church of England has ‘DEALT WITH’ Meghan Markle’s DIVORCE ahead of Royal Wedding,MLordandGod,Film & Animation,548,21,6
R2Kd89MLCfo,Waco S01E04 - Of Milk and Men,The Last Stand,News & Politics,278,19,1
2JrPyEcZQQU,V. Sinclair - Marguerite: Impressions And Interludes In Eight Movements,Vincent Glandier,People & Blogs,218,19,0
Xf4WoLaVL7o,German Army - More Bitter Fruit [Discrepant],Vincent Glandier,People & Blogs,346,19,0
xEO1TCNIi5c,Sheriff Says Deputy At Parkland School Did Not Go Inside To Confront Shooter | NBC Nightly News,NBC News,News & Politics,2762,17,12
MJmSGHxrXNo,Judge Nap Says Gen Flynn Might ve Plead Guilty for Reasons Other Than Guilt,iBankCoin.com,News & Politics,233,16,0
Y1SPcx-gGW0,Florida High school shooting False Flag,The World Is a LIE,Entertainment,660,15,4
UdUHxxvS8rs,Comité del Senado sobre el Cambio Climático - Dr Don Easterbrook. Parte 4ª,Desmontando a Babylon,Science & Technology,347,15,0
x1QqkziI83Q,Waco S01E05 - Stalling for Time,The Last Stand,News & Politics,505,14,4
o7ewzLOLn24,Astor - Celestial Railroad [Penultimate Press],Vincent Glandier,People & Blogs,166,10,0
0LE_wTIl47Q,Dedekind Cut - Tahoe (Full Album),Vincent Glandier,People & Blogs,72,8,0
oh9uWlFhaLQ,Nick Klein - Peña Adobe [ALTER],Vincent Glandier,People & Blogs,78,6,0
JzgGsk7SUcI,HAU - The Trap s Closure [DVNTT],Vincent Glandier,People & Blogs,213,6,0
61yIM9l2-Bk,Sen Jim Risch Says Trump Willing to Cause Mass Casualities in N Korea   the likes the world has ne,iBankCoin.com,News & Politics,268,5,7
_txhU_c4r3M,Nick Klein - Burning Mattresses [ALTER],Vincent Glandier,People & Blogs,52,3,0
2HNVlfpqbLA,False Flag/Hoax Event Victims - 9/11 Victim same as Virginia Tech Victim,Conflagration2100,Nonprofits & Activism,96334,,
4vPezR9gad8,CIA Whistle Blower Susan Lindauer Reveals False Flag Operation,Empire of Lies,Education,21106,,
Z6Zem0i3GW8,A Message To Steve hoca,bill1224601,News & Politics,247,,
7RWALze_ul0,Go fund ME reversed donations,bill1224601,News & Politics,181,,
vRjqozHrjE0,POP CULTURE CONSPIRACY THEORIES,shane,People & Blogs,4271108,227806,1238
WKBggK7SjMM,SCARY CELEBRITY HOAXES!,shane,People & Blogs,6469849,225442,1348
GX6eRvP3o-k,HIGH SCHOOL YOU VS. CHILD YOU: RELATIONSHIPS,MyLifeAsEva,Howto & Style,5384311,193502,3879
gVvhxwtFsnE,Lemon Demon - Toy Food,Neil Cicierega,Music,1682878,21745,679
lm1cuHMCMIg,South African President Jacob Zuma & The Panama Papers: The Daily Show,The Daily Show with Trevor Noah,Comedy,3197050,20531,796
jpMzkIR1ymw,George W Bush Practically Admits 9/11 was a  Conspiracy  Plot,ianmylesmck,News & Politics,4841253,15806,3419
MKF2twerqvY,No Regrets: How a Trump Supporter May Have Voted to Destroy His Own Career - The Daily Show,The Daily Show with Trevor Noah,Comedy,966030,15546,569
eqceHviNBC4,Why the poorest county in West Virginia has faith in Donald Trump | Anywhere but Washington,The Guardian,News & Politics,1842101,13849,2823
IOS2o1gTvHE,Watch CNN Accidentally Explain How They re Fake News!,Redacted Tonight,News & Politics,557390,10643,1531
I8Aol2QGUOc,CP Time: Unsung Black Heroes of Politics - The Daily Show,The Daily Show with Trevor Noah,Comedy,308370,7309,110
5KTdrWsFBRE,EX ILLUMINATI MEMBER TELLS ALL OBAMA  SPACE FLIGHTS  JFK ASSASSINATION,The Event Is coming soon,Education,656977,6974,1090
ZQei9cy8RF8,CNN FAKE NEWS COMPILATION pt 1 - EXPOSING their lies  fabrications  half truths  and bias,Dissenter,News & Politics,476101,6948,430
zVQZjXyCRUk,Las Vegas Shooter s Brother Arrested For Child Pornography,Stefan Molyneux,News & Politics,176515,5894,355
wAts-l8C7UE,Body Language: Trump Putin Meeting G20,Bombard s Body Language,Entertainment,170357,5240,380
8Z6qyIicBk8,Body Language: Linda Sarsour,Bombard s Body Language,Entertainment,129808,4647,267
gdXRRQou4qk,Extra point: Dale Hansen on school shootings,WFAA,People & Blogs,238755,4587,210
GaDZmAFFDJU,Update from Seth Rich s Neighbor; Cameras & Footage Confirmed,Sheila Allen,News & Politics,202136,4350,105
XuYTH8RNBJs,Slaughterbots are the LOCUSTS from the pit.,RichiefromBoston II,Science & Technology,81790,3505,125
2_lVe3Cbv_s,4 Serial Killers on the Loose,Stuff They Don t Want You To Know - HowStuffWorks,Entertainment,235081,3068,136
v12Yuz_9VBg,Sandy Hook Satanic Illuminati  Sacrifice  Revealed!!,TheScariestMovieEver,Education,477442,2861,422
P98Z0Nf3x2A,4 Bizarre Unsolved Crimes,Stuff They Don t Want You To Know - HowStuffWorks,Entertainment,243989,2750,224
TkX52VSPYsc,What do Californians think of Trump s first year in office?,Fox News,News & Politics,228479,2524,1615
14R9QB7cJ1M,Body Language: NASA Planet X  Dr. Steven Greer  Corey Goode,Bombard s Body Language,Entertainment,100055,2519,91
nXYyafFwv_w,MARC LAMONT HILL & The BOULE/Black  Greek Fraternities / Negro ILLUMINATi EXPOSED!!,The Black Child,People & Blogs,104616,2432,129
pr-CJ2X0lcs,HOW TO BE A ILLUMINATI/FREEMASON  NEWS REPORTER !!!,The Black Child,People & Blogs,204348,2354,291
AvKNnuSp2Gw,Prepare to Get Freaked Out: Wetware  5G Radiation Death  Panopticon Surveillance and Sex Trafficking,Lionel Nation,News & Politics,54063,2338,48
n9NWK7VOLig,Musician Akala: People died in London fire  because they were poor’,Channel 4 News,News & Politics,198146,2142,345
ARTX8O59V10,Corey Feldman s Abusers Have Just Been Named We Have The Names Here,LiamXmaiL Revolution -X-,News & Politics,170947,1778,218
aMHc6-qe6Rs,Is Rose McGowan Having an Mk Ultra Breakdown?,pocketsofthefuture,Howto & Style,107685,1399,272
kEqyp5KKmhE,Bill Clinton BUSTED by Hillary Staring at Ivanka Trump,Agent S,News & Politics,841980,1287,286
TYSTtqvR85A,Mark Cuban Debates Tucker Carlson on President Donald Trump Foreign Work Visas,Tucker Carlson Trump,People & Blogs,661520,1224,673
yoJViMOYKDc,Allison Janney on I  Tonya Oscar Nomination and Meeting William & Kate,Jimmy Kimmel Live,Entertainment,97110,1187,25
iI_KlU3rGoE,Parents of Manchester Bombing Victims Describe the Hours After the Attack | Good Morning Britain,Good Morning Britain,Entertainment,166375,1091,341
Ill5kufXUuI,BOMBSHELL! ZACH  INSIDER INFO  JAILED CALLER - ALEX JONES INFOWARS,INFO WARS NEWS,Entertainment,27325,945,16
lkxCNrlHRjU,Las Vegas Police Corruption - Interview with Filmmaker Ramsey Denison,Blackstone Intelligence Network,People & Blogs,18315,894,26
oa35FpF_KrA,THE Most Important Thing To Know About The Classified FISA Memo,Press For Truth,News & Politics,27671,868,257
ftAVaSmpXsA,Bill Clinton is a Rapist and Other Triggers - Freeman Fly,Freeman Fly,News & Politics,40596,856,50
xYnjPkWbp_A,As Shootings Become Epidemic  Is Now The Time For Change? | Morning Joe | MSNBC,MSNBC,News & Politics,75684,842,81
I2qBBBvYQOA,Friend of Alleged Santa Barbara Shooter Discusses Warning Signs,ABC News,News & Politics,257882,773,207
GhpULdRRAxI,What David Seaman Doesn t Want You To Know,Sheila Allen,People & Blogs,20360,752,315
-Wvq1kt2Vpk,Joe: Yesterday  The White House Got It Right By Listening | Morning Joe | MSNBC,MSNBC,News & Politics,68370,746,207
_3tIK4eMCrU,Muller indictment proves no Trump collusion,Mike Cernovich,News & Politics,4836,725,17
RYRIiz3qfKA,Let s Go Confront The Prime Minister! Behind The Scenes With PFT,Press For Truth,News & Politics,6762,656,13
qv3XJ6Qi4PA,Sandy Hook Aunt Of Emilie Parker Confused?,NAUresistance,News & Politics,768257,640,205
fqXUNWD98kQ,Sandy Hook: The best-kept delusion,Yoryevrah,News & Politics,34332,432,24
pPVHsiYfr3k,Real Estate and Day Trading 1O1,iAmBrotherPOLIGHT,Education,12139,389,121
A90gczyEZe8,PARIS ATTACK - An Inside Job  False Flag? Weird Footage Brings More Questions,Elite NWO Agenda,Entertainment,179807,349,197
iBw3z-N40o8,Attorneys for the alleged Parkland school shooter plead to avoid the death penalty,ABC News,News & Politics,31946,339,42
5WVgXp8V34k,Governments Are Shaking In Their Boots  Mike Maloney On Blockchain Tech,Press For Truth,News & Politics,4798,311,15
b7cTvWHidYY,Jerome Corsi QAnon Decode 02/21/18 Morning: TRUMP COUNTERATTACK on TWITTER Begins,OpenMind,News & Politics,16488,307,12
9bHfSDCS6mQ,Florida School Shooting Suspect Nikolas Cruz Makes Court Appearance | NBC News,NBC News,News & Politics,95166,285,42
6Yno8R0NsSY,Isla Vista Shooter s Childhood Friend:  The Guy I Knew Wouldn t Say A Word,CBS Los Angeles,News & Politics,77434,282,41
j483x9Q8G0M,Sandy Hook - 1 Hour NBC Special Produced and Aired 12/14/12,Insanemedia,Education,95604,260,97
GMKtnLAXAuo,Disease or Dis‐Ease How to Alleviate Sickness and Poverty with Fitness Hall of Famer Nate Dilworth,iAmBrotherPOLIGHT,Education,7476,229,18
E280s6NpdYg,Lemon Demon - I Earn My Life,WonderingAboutHowIDied,Music,24451,213,6
bimmXBRI_5U,VIDEO: Grenfell Tower fire survivors describe horrors trying to escape: Part 1,ABC News,News & Politics,29298,203,14
2RyIXIllGIM,Two Months After Orlando Massacre  Still Trying to Move Forward,ABC News,News & Politics,21795,187,83
oyBXHOq9vqQ,We Don t Need A Government  We Need A Protectorate  - G. Edward Griffin,Press For Truth,News & Politics,1984,185,4
pjjd9RIgbio,Owen Shroyer Learns What  Minorities  Think About Whites and Why They ll Never Change,The Last Stand,News & Politics,3247,182,5
PoJbdxz7Xg4,The USD Is In Trouble! It s Time To Hedge Your Assets With Tangibles Before It s Too Late!,Press For Truth,News & Politics,5615,168,34
f9R-L_jNjLk,Trump Channels Bane in His Inauguration Speech!,Agent S,News & Politics,3048,138,3
Sw_6SW40WoM,Democrats FISA Memo Vote /Adam Schiff Little Liar & Blackmails/ Amtrak Collision/Westminster Masons,TOTALECLIPSE Page,News & Politics,1023,134,1
rR7gMJdkxFM,Trump slams FBI over Florida school shooting suspect,Fox Business,News & Politics,11223,133,104
2Z28w8P5Bug,Guarito da Autismo | Preghiera Guarigione _sub ita,Alpha Resch,People & Blogs,22135,132,20
ZqEvaeFIMUw,Donald Trump Knows About Human Trafficking & This Could Be HUGE,The Last Stand,News & Politics,1141,118,3
VedxrjkkadI,The Skeptic Community Finally Discovers Youtube Censorship,The Last Stand,News & Politics,1247,118,14
C4-PN2AunPg,Otto Warmbier Death Hoax  2 months 3 days before Total Solar Eclipse,Johnny Supertramp 3,News & Politics,7895,103,36
5IplUFy2Nw4,Everything you need to know about the Grenfell Tower London Fire Disaster,TV7 Live News and Buzz,Entertainment,54077,101,32
Q1EbbjgPxZw,Are THEY Predicting What Will Happen on January 20th?,Agent S,News & Politics,2351,97,2
kf2USSwkxWE,Earth Curvature Tests- Pics and Video!,Agent S,News & Politics,2078,89,9
TDDL-HmIfpI,Questions About the Moonlight and Clouds,Agent S,News & Politics,1663,81,4
-9v-wKICCN8,Venus in Aries - Beyond The Veil of the Flesh (The CronenBorg Body Horror Mix),Psyklon Industries,Music,2457,70,1
umzb1m0ZaMo,The Lebanese  Civil War  - Brigitte Gabriel Discusses Christian Lebanon,The Last Stand,News & Politics,954,64,4
T1n5AYc1Ta0,Mandela Effect: Live With Lone: New Earth,Lone Eagle,People & Blogs,845,60,1
bl5mHNrC2RM,What is This HUGE Shadow Above the ISS?,Agent S,News & Politics,2107,59,5
xmfXBdEz2PQ,Chainreactor - The Powers,Psyklon Industries,Music,1806,57,2
ZBiWGFGoyng,Top 7 Signs of a False Flag (revised/re-uploaded),Lily Marie,News & Politics,2416,55,2
C_acwTWOG48,Russianvids - What Joel Osteen John Hagee Carter Colon And The Churches Won t Tell You,Zack Greevey,News & Politics,1944,55,1
YV7kkBmNE7U,David Wheeler debunking the debunkers,TruthMagnet P,News & Politics,7344,54,18
vWnNT7dMjhU,Mandela Effect: New Earth Series: Canyonlands National Park: Part 3,Lone Eagle,People & Blogs,1114,49,3
itvYjPNr7Xk,Venus In Aries - Justice,Psyklon Industries,Music,1564,42,0
MoYdIDKlF4w,The Grenfell Aluminum On Fire That No One Can Explain,mental_boost,People & Blogs,8561,40,20
sGlY7wzA4F0,Youtube Under Fire For Top Trending Video Claiming David Hogg is a Crisis Actor,iBankCoin.com,News & Politics,1427,38,3
YKk71vDG9VM,Shadow System - Absorbed By Shadows,Psyklon Industries,Music,1328,38,2
9Cu1vlfrywE,Las Vegas ISIS Attack FBI CIA Cover Up False Flag Former CIA Robert David Steele Speaks Out,TEXAS LIBERTY ADVOCATE NETWORK ACTION,News & Politics,1832,36,4
nDyDpii9HeU,Waco S01E03 - Operation Showtime,The Last Stand,News & Politics,2431,34,2
g3d6WBSzvyg,Mandela Effect: New Earth Series: Arches National Park: Part 5,Lone Eagle,People & Blogs,713,34,1
wdtkTLyEw5Y,Ruined Conflict - Farewell ( Turn Away Remix ),Psyklon Industries,Music,764,33,2
IP2eK_eYUTM,Must watch: Piers Morgan spot on about Grenfell Tower,Demo4Social,People & Blogs,1907,29,0
Y3AgygQJX-o,Lucidstatic - Deception (ft Sumibraxis of Toothgnasher),Psyklon Industries,Music,513,26,0
e8_VAeOa8RQ,Trolls wear mask hide behind their computers I come with truth! Channel being taken down!,GLOP GodlovesOurPassion,People & Blogs,167,24,2
rR_Jckm20pY,HAU - Conclusion [DVNTT],Vincent Glandier,People & Blogs,402,23,0
Mq_QUc_d9ME,Medical Examiner: This is the worst I ve seen,CNN,News & Politics,21346,22,51
oXZh_EVy7go,Fake news and TROLLS!!,GLOP GodlovesOurPassion,People & Blogs,157,19,0
9qTkkqg6TZQ,End Gun Violence  walkout held at Olympic Heights High School in West Boca Raton,WPTV News | West Palm Beach Florida,News & Politics,978,16,4
lZfUd_-buIs,Amelia Arsenic - Architects Of Death,Psyklon Industries,Music,149,12,0
I8O4U7tZA18,3 Local Kids Pen A Letter To President Carter -- And He Writes Back,CBS Los Angeles,News & Politics,140,10,0
UytZhfO09XY,Marjory Stoneman Douglas High School shooting 2/14/18 - MSD = DSM - MUST WATCH,Kat Westwood,People & Blogs,748,9,11
RqpTDf4Hj9M,HAU - Become Like Them [DVNTT],Vincent Glandier,People & Blogs,175,8,0
1MSYo-TX1TI,Spotting Fake News stories! Starts at 7:08... Live Streamed.,ObeLines,People & Blogs,154,8,0
5k6uZpvGLbA,Nikon D3300 Cinematic Video Test,LionWarrior28,Entertainment,404,6,1
qYHJZ2lmWoI,bill1224601 Live Stream,bill1224601,News & Politics,172,5,2
nbie7oMQaPw,Julia Lans Nowak & Loke Rahbek - The Translator [Posh Isolation],Vincent Glandier,People & Blogs,46,4,0
jauoTnQnTgs,How to spot a Catfish Online,LionWarrior28,People & Blogs,422,4,0
m2FnzrmNBa8,Made In Hollywood (Feb. 24),CBS Los Angeles,News & Politics,25,2,0
o3a3uO4UNv0,Running The LA Marathon Next Month? Tips On How To Prepare,CBS Los Angeles,News & Politics,33,1,0
Iw7Iblf4lds,Three dead in shooting at Walmart in Thornton COL,bill1224601,News & Politics,153,,
f4l34S8JNTI,Bill and Jerry live tonight,bill1224601,News & Politics,60,,
_6SejFuIWiA,TFL ers MGTOW here it is womens replacement,bill1224601,News & Politics,619,,
3BssofYBpdo,live tonight with Bill & Jerry 7 pm CST,bill1224601,News & Politics,27,,
i0ZAIzqHktg,Monday Night TFL MRA MGTOW live Streem A Women will Be joning our show,bill1224601,News & Politics,136,,
OC6TyP28pjE,Happy New Years MGTOW MRA TFL ers,bill1224601,News & Politics,342,,
kRxi2KCKUds,Flat Earth: Predictions for 2018,Jake The Asshole,People & Blogs,12755,,
EqaWWpbdw-c,Moment Of Explosion Inside Ariana Grande Manchester Concert Terrorist Attack,MITCHELL WIGGS,Music,2563555,,
GooVUDM0XyI,SCARY DISNEY MYTHS!,shane,People & Blogs,5717985,217938,1379
wR7QKyQ33q8,NYC Terror Attack happened in front of my Apartment,CaseyNeistat,People & Blogs,2651459,124152,4367
4w0uLxnWIus,You Are Getting Ofended By The Facts  - Ben Shapiro Educates College Snowflake,The Right Perspective,News & Politics,4146016,51864,3947
1gqYcQTpq_c,After Watching This You ll Never Trust The Corporate News Again.,End Times Productions,Entertainment,1679063,30447,3444
K0on8UHKB6k,Anderson Cooper Humiliates Anti-Gay Rep. On CNN,The Young Turks,News & Politics,1570621,19666,1246
H_p92dECEpQ,1 DAY BEFORE 911 WTC Attacks  An Amazing Thing Happened,projectbojinka,News & Politics,11490859,16605,1924
Sbp8MmSc2kQ,15-Year-Old Florida Shooting Victim Peter Wang Buried With Military Honors,Inside Edition,News & Politics,404681,10582,292
FVRJ0UuyHMo,Body Language: Ashton Kutcher,Bombard s Body Language,Entertainment,333426,6216,930
lHFr7JnW36w,Military contractors told to prepare for DOMESTIC deployment,TheHealthRanger,News & Politics,404990,5384,605
M8JWuSWQtrY,CERN admits thier real Mission THE STAIRWAY TO HEAVEN,RichieFromBoston,People & Blogs,344294,5273,688
xiS6rSvxl-M,10 More Famous Men EXPOSED After The Harvey Weinstein Scandal,TheTalko,Entertainment,963919,4476,1711
5PqsnejBLNA,I VE HAD ENOUGH OF THIS BULLS**T...,A Call For An Uprising,People & Blogs,83728,4464,149
eeUqpRxkzX0,Buzz Aldrin Finally Tweets: Apollo 11 Moon Landing Was Faked! Our Earth is Flat!,Vincent Rhodes,Entertainment,276357,3879,858
D-ivwrdrJTU,Body Language: Berkeley Victim,Bombard s Body Language,Entertainment,77913,3630,94
gRR_u3oooHw,Smart  Meters - MUST SEE!!,Rick D. Hallbeck (Trick D),Travel & Events,176084,3208,145
W7k4Q15PHws,Three Complete Strangers Receive the Same Alarming Warning From God!,Lyn Leahz,News & Politics,53263,2424,86
0T_Ydub3NEc,Global Citizen Festival: ILLUMINATi United Nations AGENDA 2030  Sustainable Development  EXPOSED!!!,The Black Child,People & Blogs,89962,2300,95
lh8HNs1ETHE,Roger Stone Talks Trump Poisoning/Schiller Resignation & More,The Alex Jones Channel,News & Politics,85514,2049,136
RJk7CBgrC-g,EPIC!!! This Matt Lauer Thing Gets Creepier and Weirder!!!,pocketsofthefuture,Howto & Style,158507,1906,348
0n8SPRmdgbQ,FΟRΕNSICS: 7 VEGAS SHOOΤERS COΝFIRMED (NEAR HOOTERS  EXCALIBUR  TROPICANA AND MGM),Godrules,Entertainment,178479,1576,218
rKEGUKvo4vk,Genocide Treaty - Deborah Tavares,StopTheCrime.net NEW,Education,33973,1346,24
HgXVEieU1hI,Rob Porter s ex-wife: I don t think he s changed,CNN,News & Politics,123785,1332,190
6s0lAqIZ5b4,Elite Cloning Egyptian Pharaohs DNA  Global Influence Occult Media  Mind Control Tactics -Freeman,Leak Project,News & Politics,121349,1309,138
NJPTmbO443A,You re Already in the Machine - You are Food for the World Wide Web,Leak Project,News & Politics,54626,1142,96
scXw-Gjqnig,Elliot Rodger s BMW 2016 (Found in Junkyard),A Cruel Society,People & Blogs,111133,1128,131
q5iBhgDf5D4,Robert David Steele: JFK Files  Uranium One  False Flags  Washington DC Swamp - Part 1,Sarah Westall,News & Politics,44792,1118,70
q5swHSN-VrY,Is London Bridge Terror Attack A False Flag?,The Alex Jones Channel,News & Politics,83105,1092,250
2yxyk2eiEW0,Ronan Farrow on exposing Harvey Weinstein,CBS Sunday Morning,News & Politics,124394,1025,41
rm9wEndRPoQ,Columbine victim advises Florida shooting survivors to deal with grief early on,CBC News,News & Politics,83178,926,37
FXH-TaZEPq0,The Demolition of Truth: Psychologists Examine 9/11 - Broadcast Version,Colorado Public Television,Film & Animation,84507,834,65
_4QqAAikFCM,ROGER STONE: ARREST THEM!! - ALEX JONES INFOWARS,INFO WARS NEWS,Entertainment,17061,686,9
WJkBqOICK6M,Actualidad Espacial - Vacunas - Cultivos Organicos - Falsa Bandera en Londres // Analema 36,Iru Landucci // Nur para todos // Tierra Plana,People & Blogs,15955,619,33
ifETrmUn4es,((BREAKING)) INSIDER FIELD McCONNELL   PADDOCK WHAT S REALLY GOING ON!!,Hear The Watchmen Journey,Education,32431,591,28
GHc63Xgc0-8,Obsolete By 2030 - Humans Need Not Apply!,Shaking My Head Productions,People & Blogs,42377,556,46
IPj8MU1YMI4,Wie verdient ist MIKE SINGERS Hate? | Deja Vu - Album (Reaction),levlonog,Entertainment,7193,475,26
woZWhQUAwyc,LONDON FIRE - VIDEO FROM THE GROUND grenfelltower london,UNIROCK,Entertainment,164571,455,83
TyQ905SV1sY,Directo con Gaston Vargas // Medicina Germanica // H.I.V. // HELIOCENTRISMO,Iru Landucci // Nur para todos // Tierra Plana,Science & Technology,10511,408,33
maDx_XMvj7w,TYT - 01.22.18: Ryan Bribe  Income Inequality  Restaurant CEO  and Minimum Wage,TYT Shows,News & Politics,36993,399,27
i7yylq4DIig,PhÜckt@rds R Us,pocketsofthefuture,Howto & Style,8309,384,19
SqmpmtJxWdU,Lemon Demon -  Damn Skippy  (2005),2Neil2Cicierega,Music,40933,357,5
g0uZnSfLPUE,Why I m Suing Medium for Civil Rights Violations (Unruh Act),Mike Cernovich,News & Politics,2413,314,5
un9oPPMHOUE,Student hangs from a shelf and hides in cabinet to stay safe during shooting,WPTV News | West Palm Beach Florida,News & Politics,45978,293,49
ZbMgD3pqFh8,Rothschild s/Israeli Agenda for the middle East,Wardo Rants-1,News & Politics,8934,253,14
hfzbtrSvJBw,Vegas Shooting Looks & Sounds False Flag Fishy,Lashara Pinckney,People & Blogs,16285,229,30
Dhtb9k0W3KY,Florida school shooter MK Ultra?,Sage Wanderer,Autos & Vehicles,8574,224,14
6EGaoUxiD-E,TYT - 02.06.18: Trump/Mueller  John Kelly  Puerto Rica Exploitation  and Edwin Jackson,TYT Shows,News & Politics,17879,193,20
t5VkUI8J500,Shooting Survivors Seek Solutions Out Of Sorrow | Morning Joe | MSNBC,MSNBC,News & Politics,19080,186,18
qbdJFccLNOg,So kann ich nicht weiter machen. | Wie der Spaß an YouTube verloren gegangen ist..,levlonog,Entertainment,1665,186,8
2pvL6hkOE6k,"Das YOUTUBER-MERKEL-INTERVIEW | Wie peinlich war es wirklich? ||#DeineWahl",levlonog,Entertainment,2324,184,12
fFrLhmpPNFw,Höre ich auf? - Das endgültige Statement,levlonog,Entertainment,1204,184,4
3yNPZpkB30g,Warum mich der Concrafter-Beef EXTREM aufregt...,levlonog,Entertainment,1321,168,9
AGNLuOdLp9E,Wenn deine Privatsphäre komplett zerstört wird.. | Der unterschätzte Tanzverbot-Skandal,levlonog,Entertainment,1606,166,11
biLHDFrZPPY,Shaking Things Up At Anarchapulco,Press For Truth,News & Politics,2787,164,13
1ZjJidtfiy8,Warum sind deine Videos so langweilig?,levlonog,Entertainment,1168,162,4
CD940tq7KCI,Ich bin dann mal weg..,levlonog,Entertainment,1530,155,2
yfLoF4g51_o,Hillary Clinton Body Count Documentary Serial Killer for President!,Character Driven,People & Blogs,7338,155,6
A2zmL5Oidy0,Mandela Effect. Coffee Talk,Sage Wanderer,People & Blogs,2821,149,4
ALPkhByua90,Cern and demonic invasion  Coffee Talk,Sage Wanderer,People & Blogs,3299,147,5
9cQnP4OVi1Y,Carter Page NOT FBI Undercover Agent/FISA Secrets/ Deep State Attacks Syria  SpaceX Starman & Q Anon,TOTALECLIPSE Page,News & Politics,1120,143,0
2e-pFuA4Vqk,Lemon Demon - Man Made Object,WonderingAboutHowIDied,Music,16422,128,3
GdsJxJvx2uA,Dieser Tag entscheidet alles..,levlonog,Entertainment,932,126,6
cxT_i5Egqaw,Warum ich meine Videos lösche...,levlonog,Entertainment,856,105,4
gfaLoqrHdbs,Is the Illuminati Planning a Mega False Flag Event in Multiple Cities? Don t Miss This!,Nebulous1982,Entertainment,13728,101,24
VkHPwUmntzI,100 Terrifying Headlines Of Fukushima Nuclear Meltdowns,BeautifulGirlByDana,News & Politics,984,101,38
KvwcNvwR4-U,ICH treffe THOMAS GOTTSCHALK! | Ich war extrem nervös!! (Storytime),levlonog,Entertainment,1099,97,1
iPd9AB_gk-U,Billy Graham Dead Jesuit CoAdjutor In Hell,OPBC Online,Education,1579,88,10
Vo4R8oYzx6A,Pastor Cooley...In JAIL...,OPBC Online,Education,1608,83,10
9DrMKZyDXOQ,Parkland Father speaks out  Get the Feds out of our schools!  (School budget  Gun Laws  DOJ  etc),AcesWildMMA,News & Politics,1222,82,2
KjEgGVRmfJc,You got Trumped. Trump is Establishment,OPBC Online,Education,856,78,7
1GSlEQ37bqk,Russianvids vs Joe Rogan & Mick West Flat Earth vs Ball Earth & Evolution,NASA IS DEAD,People & Blogs,2283,78,3
lZKJCUg9gik,Kate Steinle Murderer Found Not Guilty in the Communist Stronghold of San Francisco  CA,The Last Stand,News & Politics,1190,77,10
ztryGw-0MmY,CERN | Aprendo l Inferno _sub ita,Alpha Resch,People & Blogs,15881,76,16
hx11N9zR4gg,Dr Steve Pieczenik September 22 2017 | Dr Steve Pieczenik on Alex Jones 09 22 2017,Dr Steve Pieczenik 2017,Science & Technology,4767,67,4
ugbonyl9nrM,Codici nella Bibbia |  Yahshua è il mio nome  _sub ita,Alpha Resch,People & Blogs,3209,65,3
BVrwz0Qt3Ig,Victoria Derbyshire covers town meeting with housing minister with angry grenfell survivors,Beeflynews,News & Politics,11360,65,43
19_ZWduUdfs,Trump Psyop Continues Planned Parenthood fully funded,OPBC Online,Education,685,64,4
BaaTYJSw_R4,"#MeToo Man Hating Feminist Movement",OPBC Online,Education,706,57,2
oyteB3fD70s,Musulmano incontra Gesù in sogno e viene marcato con un segno per il resto della vita _sub ita,Alpha Resch,People & Blogs,5795,50,3
SYJnWH-ULvs,Should Christian Women Wear Pants?,OPBC Online,Education,1411,46,9
hNofO4Uza5Y,Biblical Modesty: Origin & Language Of Clothing,OPBC Online,Education,792,45,3
KnbL_7xmqWw,Lucifer s Thoughts: From Son of The Morning to Satan,OPBC Online,Education,1075,42,2
cVJZS4o1PwM,Biblical Guidelines For Modest Clothing - What Should I Wear?,OPBC Online,Education,781,37,3
wrrqHIKDVUc,Terra Piatta | Luna Fredda _sub ita,Alpha Resch,People & Blogs,988,36,7
-FyKtVjEnuo,RARE: Billy Stewart f/ Payday Monsanto 😂,PAYDAY MONSANTO,Nonprofits & Activism,392,34,2
jqGFKlDyaJ4,SATAN THE PRESIDENT OF HOLLYWOOD . TOM AND JERRY EXPOSE SATAN WORSHIP!,ConspiracyFiles YouTube,Education,1530,33,2
BUQEldLtjg4,What is the real truth behind the lies were seeing in the media,GLOP GodlovesOurPassion,People & Blogs,176,29,1
rxZS292PHOU,S.K.E.T. - New Dawn,Psyklon Industries,Music,1445,29,1
id-6TnkBfHk,New Earth Series: LITTLE GRAND CANYON!!! Part 4,Lone Eagle,People & Blogs,502,29,1
MunswLOp-Lk,Battlefield Not A Playground: Spiritual Conditioning,OPBC Online,Education,431,26,0
SF9KTqpUxNY,The Dangers Of Conditional Surrender,OPBC Online,Education,551,24,0
-rHvLw4vaQ0,Contentment In The Christian LIfe,OPBC Online,Education,492,21,0
P_XKe3T8d5Q,Canzone Terra Piatta 😂  Puppet Show  | Flat Earth Man _sub ita,Alpha Resch,People & Blogs,293,20,2
UdnibrcgXVQ,Bible Numeric s: The Number 40 & The Christian s Life,OPBC Online,Education,443,19,0
amAK-Sjj81A,Fraternity Trashes Airbnb Home In Westminster,CBS Los Angeles,News & Politics,418,19,1
tOa6ADvh7EY,An Old Testament Autobiography Of Christ,OPBC Online,Education,359,18,0
hx6qLtk3Pac,When the LORD tells you to do something YOU DO IT!!,GLOP GodlovesOurPassion,Autos & Vehicles,104,17,0
eDZLCU4g7ZA,The Dangers Of Flattering God,OPBC Online,Education,293,17,0
mFpHxVb32xc,Lemon Demon - Touch Tone Telephone (1 hr loop),Rovi,Music,964,17,1
r9HY5y_WU5A,Well I Pissed Off You Tube and Here is How!,GLOP GodlovesOurPassion,People & Blogs,152,16,0
r1r9JpiTCF0,BioHacking Mind  Body  and Soul The Corruption of ALL Flesh!,GLOP GodlovesOurPassion,People & Blogs,113,16,0
kv1DiETq148,At the hospital for my uncle please keep him in your prayers!,GLOP GodlovesOurPassion,Autos & Vehicles,59,16,0
cqvbHOVqUq8,How The Saints Make Satan Scatter,OPBC Online,Education,391,16,0
htqY9JQgPnU,My Birthday Trip to Little River!,GLOP GodlovesOurPassion,People & Blogs,82,15,0
ZqPBOHKmULI,ObeLive: Chatting with The UK Resistance aka Amazing Grace,ObeLines,People & Blogs,295,13,2
2znJTUzFUds,Philippians 1:20 BOLDNESS! Isn t that what we are to be!,GLOP GodlovesOurPassion,People & Blogs,73,13,0
rLw0X34JSpI,Fervent Charity - Hotter Than Hell,OPBC Online,Education,348,12,0
GjaJJyv8UMk,Stench Of Death Or Smell Of Life - Paradox Of Preaching,OPBC Online,Education,199,11,0
iTLNn2w6tK0,Neonsol - Heat (Hotter Than Hell Remix By ESA),Psyklon Industries,Music,383,11,2
B5JedwFzvRc,Grillo: L incidente...... il Britannia...... i Cinque stelle,Alpha Resch,People & Blogs,201,10,3
lM6ObsYXBpk,Guarigione Parkinson nel nome di Gesù | John Mellor _sub ita,Alpha Resch,People & Blogs,648,10,2
7wu6qrn5bc4,Billy Graham Dies at 99 at His Home,GLOP GodlovesOurPassion,People & Blogs,165,9,1
kbrqJYaAH68,New Channel: Amazing Grace  formerly The UK Resistance,ObeLines,Education,270,9,0
vALpUFIa3ws,Wild Winds Bring Chill To Southern California,CBS Los Angeles,News & Politics,168,8,1
9q4i4_A7fPA,Jake Dog Tricks,LionWarrior28,Entertainment,153,8,4
nRKGSVE0_Fg,Markina Brown s Weather Forecast (Feb. 24),CBS Los Angeles,News & Politics,138,4,0
wynOg1yCf9E,In The Garden (Feb. 24),CBS Los Angeles,News & Politics,32,3,0
Fx0IaOaQ5AE,Evelyn Taft s Weather Forecast (Feb. 23),CBS Los Angeles,News & Politics,236,2,1
ys_q1YEv3l8,CBS On The Go – AM Edition (Feb. 24),CBS Los Angeles,News & Politics,31,2,0
eczwrX7YNeY,School Shooting Survivor Cameron Kasky Likens Marco Rubio to Crazed Killer Nikolas Cruz,News Now TV,News & Politics,69,1,1
OVxq2U00EuQ,Kid Lib & Friends - The Tow Truck LP - full LP,PB Chanel 1,Music,1,0,0
PyayX6YGMMo,RE Montagraph,bill1224601,News & Politics,2880,,
cKp2DQIpvkI,sending the wrong message to men in the dating scene,bill1224601,News & Politics,139,,
YNaq2FeFWgE,RE AMERICAN KRATOM ASSOCIATION,bill1224601,News & Politics,145,,
BNTAc5mV4BQ,My Farewell To The Flat Earth,Jake The Asshole,People & Blogs,24523,,
xK840ShaiSc,TAYLOR SWIFT THEORIES & CELEBRITY SECRETS,shane,People & Blogs,4061557,229800,1992
H-Ar93KL2V0,The Enigmatic Death of the Isdal Woman,BuzzFeedBlue,People & Blogs,2347688,78915,684
v0LnS6zfV9Y,Dan and Phil’s Tour Bus Tour (Bonus),AmazingPhil,Entertainment,812812,77450,234
-XgdtHewGR0,Why  Democratic  Socialism Doesn t Work,StevenCrowder,Entertainment,2042266,59415,25690
5rjtKMcvqwA,Dave Chappelle Updates His  Give Trump A Chance  Statement,The Late Show with Stephen Colbert,Entertainment,4973816,37145,3604
VKd1eCS4Rbs,The Daily Show  Host Trevor Noah Meets Ellen,TheEllenShow,Entertainment,3603948,25767,579
mqRl4kxkd0A,Cloverfield Paradox: How All 3 Movies Are Connected,ScreenCrush,Film & Animation,1427058,24787,1038
TkMsszuIzWg,THEY CONTROL EVERYTHING,Justin Beers,People & Blogs,1805447,17068,2244
En_VzgtI64U,Comedian Dennis Miller reacts to Robert De Niro,Fox Business,News & Politics,681389,8791,613
1bNaupemo1g,What the Media Won t Tell You About the USA,reallygraceful,Entertainment,163900,8053,244
439H1rHfpj8,Being An Idiot Doesn t Make You A Gun Expert!  Ben Shapiro DESTROY Chelsea Handler,Conservative Network,News & Politics,664438,6818,296
2T-ll1liWDY,Why is Everyone Ignoring This Video?!,Jason A,News & Politics,458771,6231,690
HutuyKMH3Zs,The Greatest Deception Ever! (2018-2019),Jason A,News & Politics,219904,5627,376
FFqn8gTmEQw,Dancing in the car  Elliot Rodger style,Elliot Rodger,People & Blogs,1036360,5558,3930
Gmziyaj1G9I,Charlie Sheen: Illuminati SATANIC RITUAL ABUSER,The Black Child,People & Blogs,1045176,4892,593
v4za9OSalz4,Smoking Gun Evidence That 9/11 was an Inside Job,The Alex Jones Channel,News & Politics,555176,4343,566
8S4H3uh99J0,The Great Awakening Has Begun,American Intelligence Media,News & Politics,95811,4253,120
w0Ey5nwbvvU,Best Reptilian Celebrity Eye Anomalies 2016,kinninigan,Education,982679,3692,1373
VGYVcOnrr5w,MASSIVE COVER UP! VIDEO: EMT/AMBULANCE PULLS VICTIMS OUT OF HOOTERS,The Alex Jones Channel,News & Politics,200698,3656,185
yjxfew4FE_Q,MANDALAY BAY SHOOTER WAS UNDERCOVER FBI GUN RUNNING FOR SAUDI S AND ISIS,April LaJune,News & Politics,72451,3366,86
_xT6i-vKom8,The Rise of Slender Man,Stuff They Don t Want You To Know - HowStuffWorks,Entertainment,219019,3169,316
eXheG7TDtGA,The TRUTH About D-WAVE QUANTUM COMPUTERS and the FUTURE A.I. Artificial Intelligence Mandela Effect,Affected Collective,Education,220355,2548,1346
YmS-F2wipxw,The View  Co-hosts React To Orlando Shooting | The View,The View,News & Politics,406044,2389,362
9TnyyhEP13I,GEOSTORM Disclosure through HOLLYWOOD Spellcasting,RichieFromBoston,Science & Technology,43877,2154,52
5os8ekKi0ZQ,Eddie Bravo on Joe rogan being confronted 2018,Before Its Too Late,People & Blogs,367437,2109,560
od8S5gXwgf4,Body Language: Joel Osteen,Bombard s Body Language,Entertainment,84237,2091,141
faj6T7loQHI,Boston Bombing Day 5 | Never-Before-Heard 911 Call That Ended It All,ABC News,News & Politics,262619,1941,101
pbw9iUUMNQA,Freemason Ritual Murders: The  PATSY,The Black Child,People & Blogs,162163,1839,108
GTOjccby-L4,Exposing the Brutal Facts: Lionel Interviews Richard Gage of Architects & Engineers for 9/11 Truth,Lionel Nation,News & Politics,28697,1761,38
HOlixvIkAk0,Field McConnell on Atlanta Airport Shutdown / Washington Train Wreck - False Flag Averted?,Jason Goodman,News & Politics,83504,1634,90
herdz48jNx4,Listen to the Las Vegas Police Dept. as the mass shooting unfolded,The Boston Globe,News & Politics,455689,1553,155
Zb_yE4kycQI,5G Small Cell Towers; Checkmate Humanity,aplanetruth.info,Science & Technology,43502,1440,42
-yjrmIIpgo0,Bitcoin/Cryptocurrency is a Government Conspiracy (2017),Do You See What I See Productions,News & Politics,331319,1200,558
tqIDx3NlDyI,KJ S WHAT HAPPENED? (Nov 24 thru Dec 1),TheScariestMovieEver,People & Blogs,35914,1163,78
MxSTmcwP4QI,Exposing the Dark Agenda Behind the  Resource-Based Economy,corbettreport,News & Politics,87868,1152,416
QKR2BsFbupQ,"Debunking Chemtrails - Contrail vs. Chemtrail – #2",Myles Power,Science & Technology,18067,996,73
uOO_zYYMtd8,Media Falls For Fake News,The Red Elephants,People & Blogs,10152,974,25
PtreZpjyFoo,Full Show: Clinton Foundation Crumbling,Real News with David Knight,People & Blogs,78702,958,57
9p0mQJz6LJw,America s Ministry of Truth - the Global Engagement Center,American Intelligence Media,News & Politics,20799,888,21
WH6jQQlUrw0,CNN FAKE NEWS: Live From Ferguson!!,The Black Child,People & Blogs,110069,873,48
bTeClDYzFGw,Kids Stage Photo Shoot Inspired by ‘Black Panther’ Movie,Inside Edition,News & Politics,25334,689,41
MAew3toSK0Y,BAD - ¿LA TIERRA ES PLANA? – IRU LANDUCCI – INVESTIGADOR INDEPENDIENTE,Infocielo,News & Politics,38961,680,168
bbRuJdaCC34,Community Rages After Megachurch Pastor Spotted Driving A Bentley,TYT Nation,News & Politics,19931,665,21
b4Y_VZExPNw,TYT - 01.05.18: Bannon Denies  BWolff Responds  Sam Nunberg  and Alex Jones Meltdown,TYT Shows,News & Politics,91120,605,100
CRFfDkC2OMo,Are Reptilians Real? - Sandra Fecht,Freeman Fly,News & Politics,46590,599,46
SUbZAnKtUU4,Orlando Pulse Shooting- POLICE ARE LYING 100% PROOF - Kevlar Helmet Evidence [fake hoax],TruthWillSetUFree832,People & Blogs,43354,525,69
IvxJXzVBZrs,JFK  TRUTH,Watchman Of The Harvest,People & Blogs,48842,505,34
d9QFmffmt54,HUGE DAY  JEROME CORSI QANON REPORT (2-22-18) Q ANON  ALEX JONES INFOWARS,INFO WARS NEWS,Entertainment,6698,457,7
lCn0K36u1hM,Over 130 Trump officials can t get security clearances,Mike Cernovich,News & Politics,4208,449,17
UK6gBfQ51iI,Nancy Kerrigan  (i feel like a woman),santamoris,Entertainment,100605,425,112
BDh13Iwe9CA,Stephen Paddock - A Patsy,OpenMind,News & Politics,19042,397,23
A50AB2jXK1s,Coast To Coast AM - February 18  2018 Owls & Alien Contact with George Knapp,Conflict Radio Official,Education,34469,352,37
7xRrJ5ZXN4U,LA TIERRA PLANA A DEBATE  DESCONSPIRANDO AL PLANETA,En Busca de La Verdad y Misterio,People & Blogs,12786,347,80
9paDR05Umig,TYT - 01.18.18: Trump Lawyer  John Kelly  CHIP  and Prosperity Preacher,TYT Shows,News & Politics,59088,323,63
nrYz3Ms3-9A,Documenting The Roots Of Fascism In The 21st Century,Press For Truth,News & Politics,5138,291,55
PXvSa01qvQo,Osama & 911 was False Flag (Part1) - Dr. Steve Pieczenik - Alex Jones,acfacts,Nonprofits & Activism,26350,238,9
E1nzY7IsQ-0,So Called  White People ? Cry Me An Opioid River   Cause We KEEP Crying a River Over What U DO!!!,Your Radical Home Sista,Education,1802,197,8
f43sBFKFnqk,We do have a right to go to school and not fear for our lives   say Florida shooting survivors,PBS NewsHour,News & Politics,11912,186,88
-YwlNHE6HkU,Parkland s vice mayor calls President Trump s response to shooting  hypocritical,Washington Post,News & Politics,9533,177,47
2KhfwqUFT5Y,Payday Monsanto & the Wide Awake Band -They Gotta Be Crazy (cute cats and dizzy drunks version),PAYDAY MONSANTO,Nonprofits & Activism,3196,175,3
634xSlgs2Pc,Red Ice?  Kangz of Wakanda   Huh? Nope. It s  Peons of FOREVER ... smh - What Idiots...,Your Radical Home Sista,Education,3578,172,39
-XAwIcqeZAQ,Ich hab s versucht.. | Weihnachtskekse DIY (oder so...),levlonog,Entertainment,953,160,1
9x0zhnsnjHo,Trump Drains US Milt Globalist Swamp/ Gen. Kelly Is Next/ The Rape Of Europa / NSA Attack,TOTALECLIPSE Page,News & Politics,1355,159,2
1QUsVFrVsBE,War das wirklich die richtige Entscheidung?.. |Q&A,levlonog,Entertainment,1401,157,2
ZHQjqkGFnUg,ROGER STONE: Why the Left Recycles Failed Narratives - ALEX JONES INFOWARS,INFO WARS NEWS,Entertainment,1899,156,2
BKaKOXhShbU,Nunes FISA Memo: FBI Director Blackmailed  GOP Train Derailed A HIT / Q Anon,TOTALECLIPSE Page,News & Politics,1817,156,7
UxGeoekkRtU,Oxfam Caught In Haiti Child Sex Prostitution Ring & Clinton Connection/ Cover Up Exposed,TOTALECLIPSE Page,News & Politics,1843,153,2
XFU6j11JyM4,Das YouTube-Geld-Drama.. & Horror-Hurricane sorgt für große Angst!,levlonog,Entertainment,1030,147,4
PCRtQAowPLs,FBI Whistleblower Sibel Edmonds - Deep State Corruption and Lies,The INFOWAR Armory,News & Politics,4821,146,4
J0V63Xjjfy0,Las Vegas Mass Shooting Psyop & Civil War In Spain: Globalist Attacks As EU/Deep State Crumble,TOTALECLIPSE Page,News & Politics,6288,145,11
U46RdF9h_JI,(False Flag)Angry Mother Exposes Dead Daughter s Pic Being Used In Manchester Event(DAHBOO77),GMSBenjamin Israelite,People & Blogs,14510,140,15
7QHKaPhAMKo,The Las Vegas Shooting Was A Mind Control Hoax. Proof you must see!,Vincent Rhodes,Entertainment,12893,137,22
y0PETPhRHU8,Japan Not Safe For 2020 Tokyo Olympics Due To Fukushima Nuclear Meltdowns & Vicious Pro Nuke Savages,BeautifulGirlByDana,News & Politics,1105,133,12
-ZYVnDvYHVc,North Korea Calls For Reunification  Afrin Crisis Explained  Trump s Strategy/ Russia Lie Infects UK,TOTALECLIPSE Page,News & Politics,1279,130,1
NR0bhAatngU,This is Hard to Share With You  But WHY?,Your Radical Home Sista,Education,1509,128,6
4GbCGubeuiA,Deep State US Milt Defectors  Turkish Forces In Manbij  Trump  DACA  North Korea  & Cointelpros,TOTALECLIPSE Page,News & Politics,1275,124,1
uhyzzEELJvU,Horrifying !! 28 Million Japan Visitors Poisoned By Fukushima Radiated Food Water Air Last Year,BeautifulGirlByDana,News & Politics,1199,124,60
Ha16pEvEBko,Dr Steve Pieczenik NOVEMBER 11 2017 SHOW CURRENT EVENT IN THE ROUND|Alex Jones Infowars,Dr Steve Pieczenik 2017,Science & Technology,5987,117,3
bTi-olvx2LQ,Who Cares About Africa? They re a Bunch of Coons  Anyway!,Your Radical Home Sista,Education,1751,116,6
r4UKTcKP_4k,Dr Steve Pieczenik & ALEX JONES The Infowar November 14 2017 | WORLDWIDE BROADCAST,Dr Steve Pieczenik 2017,Science & Technology,5817,113,3
oo2zdj-985Y,I Lost Weight  But What s That Got to Do With Black YOU?,Your Radical Home Sista,Education,1078,110,3
EF3TZcoz0ac,Mueller Russian Indictments A Hoax Based On Another Steele Dossier? Why Mueller Did It/ Putin  Trump,TOTALECLIPSE Page,News & Politics,984,104,2
1hxheJ4nylg,Pbs Frontline Raising Adam Lanza 540p,francesco810fi,People & Blogs,28658,100,43
XT7h09377qk,Mueller Indictments & Florida Shooting Connection/ Second Amendment In Danger/ Afrin Conflict,TOTALECLIPSE Page,News & Politics,1030,90,2
tvW1Cakk1vA,President Trump Says Armed Florida Sheriff ‘Did A Poor Job’ By Not Confronting Shooter | NBC News,NBC News,News & Politics,3057,84,16
lVuun6RJzRQ,Orlando shooting survivor: I thought I was going to die,CNN,News & Politics,11621,80,165
iEcBFdYNPCg,S-M-A-L-L T-E-E-N-Y T-I-N-Y CHINESE CONDOMS Irk Zimbabwean MEN! BWAHAHAHAHAHAA!!!!!,Your Radical Home Sista,Education,716,76,1
WUt-qvfGN5A,NASA EXPOSED: USING GREEN SCREEN TO FAKE ISS FOOTAGE,ConspiracyFiles YouTube,Education,2290,74,7
9dgwpwcfbjo,Eartha Pond on Grenfell Death Toll  The Maths Doesn t Add Up  | Good Morning Britain,Good Morning Britain,Entertainment,21050,71,53
ahXc4DrMTIU,Press Secretary Sanders Holds First Briefing Since Parkland  Florida School Shooting | TIME,TIME,News & Politics,15443,69,55
KwyQJjOL2BQ,At The End of the Day (Freedom & Love),PAYDAY MONSANTO,Nonprofits & Activism,727,69,0
FyMVDLn3hpU,Grenfell Tower Demolition Filing 3 years before Fire! (Enchanted Lifepath TV),Johnny Supertramp 3,News & Politics,2547,65,17
G_5eK9hQkdY,Fast Recognizing of Morgellons Disease,Suzan Fravel,Howto & Style,11110,64,39
bfl0_fQupcw,Russianvids - Cinema Of Mass Persuation & The 33,Zack Greevey,News & Politics,1980,61,0
6He67rbQRSg,CRISIS ACTORS IN ACTION,Against the Grain,Science & Technology,1420,61,6
ZgBncp1UxPo,Y I Dumped Every non-Black Man in The World 4 My Triple Black KING!!!!,Your Radical Home Sista,Education,900,60,10
O_6eoJirIdE,ANOTHER ASÉ!!!! RIP Brother Chyskillz!!! HEART ATTACK WAY TOO YOUNG!!!,Your Radical Home Sista,Education,800,58,1
xRY8WnNGF4Q,THE TRUTH ABOUT BIRTH CERTIFICATE,ConspiracyFiles YouTube,Education,903,52,0
1vsAMQN1nKQ,Merry Christmas - Drifters f/ Payday Monsanto,PAYDAY MONSANTO,Nonprofits & Activism,588,50,2
EgGMAw1oJ1o,Voodoo Murders & Other Horrors  BUT? Does  Black On Black  Crime Justify Our Oppression?,Your Radical Home Sista,Education,770,49,4
0rLhm-jmxps,Parkland  FL: Students Report Multiple Shooters  Live Shooting DRILL  Other Oddities,Jason Liberty,People & Blogs,1469,44,2
a5ePVsMHwsw,THE CONTROLLED SCRIPTED MAINSTREAM MEDIA!,ConspiracyFiles YouTube,Education,1030,37,3
Q8wKMRG2NQQ,COG - Draconians: The Reptilians are Amongst Us 𝐈𝐗 (13th Zodiac is OPHIUCHUS: Serpent Holder),Citizen of Gotham,Education,1125,36,0
Rh3g0lXXEys,KEEP YOUR KIDS AWAY FROM THESE 5 CANCER CAUSING SNACKS!!,ConspiracyFiles YouTube,Education,1000,36,1
K2sfHmiejY8,Satellites  the Biggest Lie (Not) on Earth,ObeLines,Education,495,34,0
VwaXAdx6Ms4,JULIAN ASSANGE WIKILEAKS: RELEASES VAULT-7 FILES SHOWING CIA COULD HACK CARS TO ASSASSINATE DRIVERS!,ConspiracyFiles YouTube,Education,699,28,0
vmQMDXZT7sk,Frankie Grande Milks Manchester M.E.N  Attack  for Publicity,ObeLines,People & Blogs,465,26,6
Hi5P8t9eC9o,Dana of  BeautifulGirlByDana  vs Arnie of  Fairewinds Energy  & The Winner Is,Your Radical Home Sista,Education,317,25,1
_2SqAPprwjU,NWO n°2 | Versione Orientale,Alpha Resch,People & Blogs,478,22,2
U3NbcET7i2o,COG - The Reptilians Are Amongst Us 𝐗𝐈 (Aztec  Mayan  Annunaki  Sumerian  & Egyptian Connection),Citizen of Gotham,Education,367,21,1
yp41pKRUM8w,109 anni veterano segreti di lunga vita _sub ita,Alpha Resch,People & Blogs,291,21,0
TozPiQ4ZoFc,COG -  Hendricus G Loos : Inventor & EMF Patenter (Satanism/Draconians),Citizen of Gotham,Education,594,21,1
b63KmHdddQY,Look People This is The END of Free Speech on You Tube,GLOP GodlovesOurPassion,People & Blogs,108,20,0
oG6KzEmDB9U,Perfect Example of Fake News  Found in The Metro,ObeLines,Education,273,20,0
Z70j7_aZSHw,Il BuonOmetro | Grazia,Alpha Resch,People & Blogs,310,16,1
U_PsB9ulaKo,COG - Gematria: Significant Dates in 2017 & 2018 UPDATED (Mirror from COG⼆),Citizen of Gotham,Education,223,15,1
GPLRPyAHe7w,Fake news and TROLLS!! Part 2 let try this again!,GLOP GodlovesOurPassion,People & Blogs,76,12,0
8lVv3JGLJ5Q,Former NFL Player Questioned By Police After Threatening Social Media Post | NBC Nightly News,NBC News,News & Politics,524,11,1
6_XR6-u8_AU,Why I Accept Genesis  Account of Creation,ObeLines,Education,178,11,0
6ywLBrbxljY,Fake News And Trolls!,GLOP GodlovesOurPassion,People & Blogs,61,8,2
mipmvgXlJEE,This World Is Not What We ve Been Told.The Sun IS Actually IN the Clouds. Time To Wake Up..,JONNYY 5,People & Blogs,488,8,0
5--xZA_N26Q,Patrice Evra Kung Fuax Kick is Fake News,ObeLines,Education,171,8,1
Q7Z6gIuaKi0,Can we question the Salford House Fire and Katie Rough Official Stories,ObeLines,Education,178,7,1
DVfJdEAZn9U,Armed Deputy Should Have Gone Inside Parkland School  Sheriff Says | NBC Nightly News,NBC News,News & Politics,685,5,3
Jd3NTn4z57M,My Bobby Zines channel,ObeLines,Education,71,4,0
MCkdaa72ajw,Hacker Drops Seth Rich Bombshell  Could Blow Case Wide Open,News Now TV,News & Politics,46,4,0
Wk6CLHYbaOI,Jason Youth Sands of Time,LionWarrior28,Entertainment,49,3,0
QU4gCynpnhs,bill1224601 Live Stream,bill1224601,News & Politics,102,2,6
dTd6DGP1HEM,FL Shooting Survivor’s Dad Drops BOMB On Live TV  Reveals What CNN Didn’t Want You To Know,News Now TV,News & Politics,24,1,0
3lmobRk5B0Y,HUGE UFO CREEPS BY DOWNTOWN HIGH-RISES   FLYs THROUGH POWER LINES AND IS SILENT,JONNYY 5,People & Blogs,295,1,1
xAPEddU9UwA,Jason Youth What Matters,LionWarrior28,Entertainment,43,1,1
SJiJUYcJb9Q,SOMETHING MINDBENDING IS REFLECTING OFF THE CLOUDS. THIS WORLD IS NOT WHAT WE VE BEEN TOLD (2),JONNYY 5,People & Blogs,56,1,0
fg-jzibbTf4,President Trump Delivered 30-Day Eviction Notice To Obama’s Most Loved Legacy  You’ll Cheer,News Now TV,News & Politics,11,1,0
pr6lg6auh_o,BACKLASH! CNN’s Ratings This Week Drop to an ALL TIME LOW,News Now TV,News & Politics,4,0,0
mrIZM4_XZko,Protester Crashes Trump’s Speech By Throwing Russian Flags — Trump Spanks Him With 4 Words,News Now TV,News & Politics,17,0,0
qB_jnEOJ-1s,Robert Mueller Was Hiding An Explosive Secret That Just Changed Everything,News Now TV,News & Politics,15,0,0
1kxKlzdJmcs,Julian Assange Just Used Hillary Clinton’s Past To Ruin Her,News Now TV,News & Politics,12,0,0
0rY-r7CdcVY,ACTIVE Threat Underway Now Where Trump Is Speaking Live – Prominent Person Responsible,News Now TV,News & Politics,18,0,0
HU97lxVXTLg,Someone Still thinks He’s President. Barack Obama Just Released A Statement [Breaking],News Now TV,News & Politics,8,0,0
S_vxk5rtEck,A Doctor speaks out about Vaccine Danage to kids and parents who take them,Raise a Little AL,People & Blogs,21,0,0
lB2tBnl-lF0,But I am Scared I may Get Hurt or Die,bill1224601,News & Politics,196,,
yGG1QMUzlUM,Who s Raytheon Boots on the ground,bill1224601,News & Politics,306,,
BNLhA7rG-Po,Fukushima - Shock As Japans Mainichi Newspapaer Fakes Reporters On Top Melted MOX Reactor 3,BeautifulGirlByDana,News & Politics,912,,
G8QmKOV8rOY,Is this Neil deGrasse Tyson in Disguise?,Jake The Asshole,People & Blogs,15104,,
38SCCkySwVI,The Calm Before The Storm - QAnon is The Real Deal!,Santilli Broadcasting Network,News & Politics,213484,,
oJxOSJMWI-A,Hilfe  mir wächst ein PEN**! 🍌 | Thorben.,Thorben.,People & Blogs,52066,,
NOeEMFfeunE,CELEBRITY DEATHS CONSPIRACY THEORIES,shane,People & Blogs,4660725,192519,1424
2KiiSiGbSc0,SCARIEST CATFISHES EVER 2,shane,People & Blogs,3947894,163723,941
nV5fXPVeZoQ,Fox News Has a Hard Time Processing the Las Vegas Shooting: The Daily Show,The Daily Show with Trevor Noah,Comedy,5348612,71446,4468
rx7d1oVWqs8,COLLEGE KIDS REACT TO TRY NOT TO LOOK AWAY CHALLENGE,FBE,Entertainment,3667212,60154,2188
OCSZYJywQPM,REAL CONVERSATIONS: I’m Pro-Life | Change My Mind,StevenCrowder,Comedy,1439326,40512,2464
AHO1a1kvZGo,The Daily Show - Spot the Africa,Comedy Central,Comedy,5261304,33429,945
ruvoFC1H4rY,The State Of Black America Under President Trump (1st Year),SGT Dunson,Nonprofits & Activism,237264,18022,523
T0622bg-FQY,12 Actors Who Treat Fellow Cast Members Like Trash,Looper,Entertainment,5269524,16032,3147
7md2QzNsAe4,Flight Attendant sheds new light on 9/11.,MrChrillemannen,Education,1919611,15392,2308
DYAbn0AkDOI,CNN: President Obama caught on open mic,CNN,Shows,8547545,12951,4604
ZZ-Kwr0VFUE,The Power of Putin - Documentary 2018  BBC Documentary,Astrobum,News & Politics,2691510,12379,7321
psigRG_JJwA,Anderson Cooper kicks Woman off Show,CNN,News & Politics,3306372,12125,1939
mWDkMnRopWo,SHOCK: An Alter to Lucifer is in a Baptist Church,On Point Preparedness,News & Politics,529247,8479,883
MHAtdhFcrrU,Shane Dawson  MIND BLOWING CONSPIRACY THEORIES  REACTION!!!,Dwayne N Jazz,Entertainment,156462,8250,83
WYLaswCC-D8,Ana Kasparian Is Not A True Armenian - TYT s Genocide Denial,Glink,News & Politics,185483,7090,1139
KcqFDUJsBE0,Neil deGrasse Tyson Exposed | Hollywood Actor ▶️️,ODD Reality,Education,400497,6394,5455
iYhmj8g4zhw,Inside a Flat Earth convention  where nearly everyone believes Earth isn t round,ABC News,News & Politics,670510,5264,1532
ppdFJFjAnJ8,5 Things You Didn t Know About Jinn,Stuff They Don t Want You To Know - HowStuffWorks,Entertainment,338230,5162,383
MrCM_P0hZGI,Next 911 is coming  Still think its all A theory.,RichiefromBoston II,Science & Technology,129239,5009,175
0PDisLoTKYY,The Young Turks are Morons of the Highest Calibre,Myles Power,Science & Technology,81026,4558,590
aoEXj4eP-Z0,Body Language: How to Disengage Crazy,Bombard s Body Language,Entertainment,126223,4537,200
MLfF5tJuSBU,Jordan Peterson: Milo is a walking Contradiction and He Can t be Stopped,Conservatism,People & Blogs,222657,3918,178
D2-NaTaWnRw,Nor Cal Fires Aftermath ~ Proof Agenda 21 Plans Are Being Implemented,aplaintruth.info,Science & Technology,251850,3733,243
YUqNb3z-g1Q,Kathy Griffin Press Conference,Bombard s Body Language,Entertainment,64495,3175,187
5rfLrAwelwY,Targeted Individual  heres how they do it.,RichiefromBoston II,Science & Technology,63658,2593,85
xDIYC0TeCjI,What Really Happened on 9/11 and Why It s Still a Secret,Lionel Nation,Film & Animation,188730,2579,674
aBBpRMvxMuM,The Port Arthur Massacre - Australia s Worst Shooting Spree in History (Crime Documentary),ViewMore,People & Blogs,747940,2277,407
92zjcKmisdk,Hero describes chasing alleged Texas church shooter,ABC News,News & Politics,223990,1836,166
r9jjlkFYliQ,Anderson Cooper Loses His Cool With Trump Supporter On-Air,tpmtv,News & Politics,666898,1836,331
XwtIl71-W8o,DOUG HAGMANN  DAMN  WE GOT EM!! - ALEX JONES INFOWARS,INFO WARS NEWS,Entertainment,49374,1812,32
ZlyQeIMdKRM,Is PizzaGate Real? Peter Pan s Dark Truth!,Mr. Gunk,Entertainment,74197,1766,80
ccuxKY5ySv8,Proof that the Government is Setting up Brother POLIGHT,iAmBrotherPOLIGHT,Education,114284,1684,355
XabLHq4NuyA,CBS Publishes a Video That Implied I Was Promoting MMS,Myles Power,Science & Technology,13079,1598,12
ByUdh6WUnJ4,Trevor Noah s INCREDIBLE Break down On The Donald Trump & James Comey,Daily Trump News,News & Politics,241490,1442,164
8-veJufKDS4,Breaking-Many Elite Headed to Prison-Liz Crokin on the CSS,The Common Sense Show,Education,51032,1292,32
CsWa3XkXTqY,"Debunking Chemtrails – Introduction – #1",Myles Power,Science & Technology,20477,1238,64
_rSLOYCHNdw,Revealed: Sandy Hook Truth Exposed,The Alex Jones Channel,News & Politics,195501,1219,82
s-IBmEpwvbM,Uri Geller s Mind-Power Kit - Myles Reviews,Myles Power,Science & Technology,9342,1009,10
d3WVIMbZxJs,Ozone Therapy Debunked – Part 3,Myles Power,Science & Technology,8341,895,14
dvvPhwH1X1U,Ozone Therapy Debunked – Part 2,Myles Power,Science & Technology,13054,826,36
XAIvIDTuZ0Y,Sen. Ted Cruz Says Celebrities are Hypocrites on Gun Control | TMZ,TMZ,Entertainment,47617,806,137
bmIqedomcbw,GOP candidate defends AR-15 rifle giveaway,CNN,News & Politics,77183,803,302
zP2zdJ6jK-s,Directo / Geo Ingenieria / Fema / Terremotos / Espiritualidad / Temas Varios / Parte 1/2,Iru Landucci // Nur para todos // Tierra Plana,Science & Technology,24824,783,73
hha2YPtv8dA,The Untold Truth Of Barbara Bush,The List,Entertainment,219995,735,257
lKcMgq7qCrw,Alex Jones: Not who he says he is,Justin Beers,People & Blogs,58416,730,264
vYiUfehw6YA,The BIGGEST Problem is American Gun Culture,David Pakman Show,News & Politics,15117,684,54
79BVMgKj-Do,Sleepy Jeff Sessions,Mike Cernovich,People & Blogs,4669,625,4
mnLDqyYdirI,The Secret of Life  Manifestation  and Consciousness POLIGHT in Toronto  Canada,iAmBrotherPOLIGHT,Education,36232,617,74
o_PrR8UUMGY,Can You Handle The Truth?,Watchman Of The Harvest,People & Blogs,38903,599,46
lVpIEIj-C74,PROOF: Boston Bombing Suspects Were FBI Patsy Operatives  Then Executed,Reptilian Resistance,News & Politics,177432,573,124
jrYlUgBBnmQ,Proving The Earth Is Flat (2018),Jake The Asshole,People & Blogs,20219,546,278
SVxg9JDUV0k,Childhood friend of suspected Orlando nightclub shooter Omar Mateen speaks,CBSN,News & Politics,243355,503,408
naGwcnyuNKU,Trump: If “Sicko Shooter” Knows Teachers Are Armed  They Won’t Attack | Velshi & Ruhle | MSNBC,MSNBC,News & Politics,42604,469,58
UuwhVygT4c8,Trump blasts the FBI over Florida school shooting and Russia investigation,ABC News,News & Politics,57604,383,331
rf-u5HToe4I,Looking Omar Mateen In The Eyes | Orlando Nightclub Shooting | The New York Times,The New York Times,News & Politics,46443,363,217
AFke6hiEw6E,Las Vegas shooting survivor:  I think I ve been shot in the head,CBC News,News & Politics,121884,362,564
gjq_4Y3hZEc,Sleep is the Real Red Pill,Mike Cernovich,People & Blogs,4554,348,24
O7R4QxDBKFw,Mueller Grand Jury Indicts 13 Russian Nationals. What does it mean? | Mike Cernovich Periscope,Mike Cernovich,News & Politics,4800,335,9
umi2r-N4w3g,RICHIE FROM BOSTON LIVE THIS IS HUGE MOST PEOPLE R TOTALLY CLUELESS IT IS WHAT IT IS,BROTHERDARYL,News & Politics,23044,314,88
e8Dr5ucSNlE,WATCH: High Schooler SHAME Trump for LACK of Twitter MATURITY,aDDmoreJuice,News & Politics,11259,280,17
eOp2Hq466_U,False Flag Alien Invasion and UFO Disclosure - Richard Dolan,Freeman Fly,News & Politics,23608,273,43
MvY7yvVBuuw,Scott Adams the worst arguments about guns and why racism comes from the news not candidates,OpenMind,News & Politics,11749,271,47
hbRzWoqB--U,Students Report Multiple Shooters & Mass Shooting Drill at Florida High School,Studio News,People & Blogs,12487,261,22
Aea1Qkod7NM,[CONSPIRACY THEORY] | West London Fire: Grenfell Tower WAS PLANNED?!,MERCY,People & Blogs,32316,253,82
ZJ7d-7C_Fe4,Roger Stone About RussiaGate Collapse  Sessions In Coma  Matt Gaetz And Adam Schiff,OpenMind,News & Politics,6563,252,6
iHDjVUD0HiE,Parkland Survivors Transform The Gun Debate | All In | MSNBC,MSNBC,News & Politics,12783,235,30
a4CBXwe5iC0,Dr Steve Pieczenik & ALEX JONES AWAN  WASSERMAN October 29 2017,Dr Steve Pieczenik 2017,Science & Technology,7201,195,7
2hPEXI4ysmo,Game Of Thrones & Clones: Trans Hollywood.,Apostle Laura Lee - Church of Philadelphia,Education,11190,193,44
NNUWbOaUlnQ,GrenFell Tower: This is What Throwing a Baby from a 10 Story Window Looks Like!,Johnny Supertramp 3,Entertainment,16550,187,89
i11yuo97SoI,Fukushima Rocked By Earthquake & Nuclear News Jan 26th 2018 - Nuclear is In Free fall !,BeautifulGirlByDana,News & Politics,1805,170,24
RN_aQeJy90s,Another False Flag Shooting in Las Vegas (Martial law is coming),GMS BABYLON IS DONE 144,People & Blogs,67514,164,81
98pu1ztdHoE,Goodman Call  MontagraphThreats  Roasted Defango | def vlog 6,Defango,People & Blogs,2410,160,20
Jw-vRNH5bko,Melania Trump Had WH Exorcised  Clinton Haiti Ops  Gen. Kelly The Traitor  Q Anon & Red October,TOTALECLIPSE Page,News & Politics,1312,156,0
zczOO9bGCFc,Cernovich Suing Medium | Highlights from Livestream,Mike Cernovich,News & Politics,1536,156,0
xfAL_g-PhkE,Death Of Pacific Ocean - BAN Tokyo 2020 Olympic And All Japanese Products,BeautifulGirlByDana,News & Politics,1197,148,57
KEqrNuY3TvY,FBI Deputy Director McCabe Resigns As House Intel Votes To Release FISA Memo/ FBI Director Betrayed?,TOTALECLIPSE Page,News & Politics,1399,147,1
d1XaVGM4rMw,FISA Memo Mystery  Pedophile AI Chatbot Cleverbot Lures 7 yr Old  Russia Probe  Q Anon  Tyler The AI,TOTALECLIPSE Page,News & Politics,1753,146,1
KcgQK7_ynng,FISA Abuse Memo  Pentagon Funding Child Abuse In Afghanistan  Save The Children Attacked  CIA Fronts,TOTALECLIPSE Page,News & Politics,1151,141,1
xdiI4751LrQ,Las Vegas shooting hoax how to spot one,Jack Moore,People & Blogs,9020,140,46
h245M-GsOYg,Nuke News & Fukushima Meltdowns - 1st they Faked Reactor 4 Now Fake Reactor 3 - Feb 1st 2018,BeautifulGirlByDana,News & Politics,1412,130,19
x2EJlkA7ZTY,CROWDSTRIKE Warning : The Defango Curse In Detail | Montagraph Meltdown,Defango,People & Blogs,1843,127,28
md1cvmwSi_Y,Las Vegas Shooting Hoax. Fake  Edited  Vics Pics.Multiple Suns and Guns.,Ziggy Kelleher,People & Blogs,9734,125,16
VpX41vu-bSE,The Q Anon Debate  North Korea CIA False Flag Prevented  Russian Plane Crash Mystery  Q Is An AI,TOTALECLIPSE Page,News & Politics,1413,121,3
Uto3X6yLvjw,How Fukushima Nuclear fallout Contaminated Canadians   Sea Food & British Columbia,BeautifulGirlByDana,News & Politics,1121,121,27
2rJKlYJWi_k,TYT - 02.22.18: Dana Loesch  Scared Democrats  and Wayne LaPierre,TYT Shows,News & Politics,6230,120,11
FHvluhu1Oew,New Poll: Highest Level Of Support For Gun Control Ever | All In | MSNBC,MSNBC,News & Politics,6138,113,88
OC0XRm6xP_M,Roy Potter LARP + Shadily = Season 3 Starts | Def Vlog 2,Defango,People & Blogs,2024,106,15
L5i-J_H00Ac,Dr Steve Pieczenik ❤ ALEX JONES SHOW INFOWARS| November 25 2017,Dr Steve Pieczenik 2017,Science & Technology,6749,106,8
DoOj06DTlek,$1 000 00 Challenge - Cough It Up DEFANGO - Trolling Montagraph,Defango,People & Blogs,1768,105,31
NrkelEicvrw,Shock !! Fukushima Deadly Food Sold To Hong Kong Taiwan Thailand Malaysia Indonesia Bangkok,BeautifulGirlByDana,News & Politics,718,103,52
gZj_-tjxtcw,MILO: AID WORKERS  TWITTER LOCK-DOWN! - ALEX JONES INFOWARS,INFO WARS NEWS,Entertainment,1375,100,3
E3DLcpEZt1s,Creepy Media Faking Fukushima Reactor 3 Fuel Pool A Desperate Deadly Trend For Tokyo 2020 Olympics,BeautifulGirlByDana,News & Politics,591,91,71
51xuPwTElJg,"#fukushimafrauds Why Japanese Food Is Deadly For A Million Years & Ban 2020 Tokyo Olympics",BeautifulGirlByDana,News & Politics,738,89,55
6KePcxhCqxs,Incriminating evidence in Police hands | Prime Minister Benjamin Netanyahu Indictments Qanon,Defango,People & Blogs,1414,86,12
dfe2-HBh8JU,9/11 Fake-Witness Actor Gary Welz Reveals More Secrets,WizardofOunces,News & Politics,32329,81,15
msuBZViZ-7w,Father s Lament (impromptu),PAYDAY MONSANTO,Nonprofits & Activism,886,81,3
CM_JrPZPTvA,Fears Taiwanese Eating Fukushima Radiated Food Daily Could Turn Into Super Human Race,BeautifulGirlByDana,News & Politics,843,79,63
ww7wr-yUx8g,Russianvids - Moon Landing  The Occult and Satanism,Zack Greevey,News & Politics,1570,65,0
lzJFy8FKsoU,Hey Jimi (snippet),PAYDAY MONSANTO,Nonprofits & Activism,495,61,4
hYO2k4n54k8,Fire alarm?,Defango,People & Blogs,1340,59,10
8z4VEi4h1Po,Assassin Creed origins Cicada 3301? First nation,Defango,People & Blogs,1141,57,6
gTQyKjasg_E,Dirt Poor? Doing 4 Self is Dirt CHEAP If  U Get WORMS to Make You DIRT RICH!!!!,Your Radical Home Sista,Education,580,53,0
0grxxYGrE44,Sandy Hook Actor,Dogeffa,News & Politics,21550,50,5
iuh8OVMv0kM,New Evidence Further Reveals Tonya Harding s Involvement in Kerrigan Attack,Wochit Entertainment,Nonprofits & Activism,21601,44,26
qnju7TczIEo,MonteCrypto: The Bitcoin Enigma Win 1 BTC,Defango,People & Blogs,5741,43,9
zdOtE14bE4w,Russianvids - Fake News + Fake Celebrities + Fake Heroes = Fake World,Zack Greevey,News & Politics,1176,33,1
rRH_ykBSvxg,PYRAMID LIKE STRUCTURES FOUND IN ANTARCTICA!,ConspiracyFiles YouTube,Education,2163,28,1
MGekxq-smE4,IF I WERE THE DEVIL! PAUL HARVEY S 1965 WARNING TO AMERICA HAS COME TRUE!,ConspiracyFiles YouTube,Education,841,26,1
71W4_oPs6vQ,COG - Draconians: The Reptilians are Amongst Us 𝐗 (130 Mill. Year old Discovery in China+OPHIUCHUS,Citizen of Gotham,Education,387,26,4
F5D0nqGy4RM,COG - U.S. Lost 33 000 Jobs; Unemployment Rate Dips to 4 2% (Freemason/Scottish Rite Tribute),Citizen of Gotham,Education,342,25,2
1-_2mDJGmXA,Fed-Up Newtown Dad Praises Parkland Students As ‘Force To Be Reckoned With’ | NBC News,NBC News,News & Politics,1038,24,5
oRLZK780VDQ,Prager U is suing YouTube over free speech!,GLOP GodlovesOurPassion,People & Blogs,113,19,0
Vc0Vuqk94tM,COG - The Mandela Effect (J2/J3AI/SkyNet  DWAVE Quantum Computing  & Transhumanism),Citizen of Gotham,Education,347,17,3
jAR43sxRolo,How To Know You Are in a Toxic Relationship (And What to do about it),LionWarrior28,Entertainment,187,11,0
gSZ8-1llHMA,NEWS REPORTER ACCIDENTALLY EXPOSES NEXT FALSE FLAG!!! *WTC ATTACK*,Possibility Is Key,People & Blogs,1377,10,5
CmbHuAlIY5U,COG - Christine Lagarde’s Numerology of 7/7 (An Occultic Study),Citizen of Gotham,Education,167,10,0
ZelaymII3N8,Trump at CPAC: Schools’ Gun-Free Designation Puts Students ‘In Far More Danger’ | NBC News,NBC News,News & Politics,573,8,4
8W72qIi1FgY,UFO EJECTING ORBS OVER SAN ANTONIO,JONNYY 5,People & Blogs,413,7,1
h2RcpRSHm40,Jason Youth Trust No One,LionWarrior28,Entertainment,93,7,1
l8_pV_hDZhw,Syrian Government Intensifies Bombing Campaign On Damascus Suburb | NBC Nightly News,NBC News,News & Politics,527,6,8
bhGeOLED6S4,INSANE. SUN CREATES STRANGE CLOUD VORTEX AROUND IT WHILE BLEEDING/MOVING FROM CLOUD TO CLOUD,JONNYY 5,People & Blogs,215,5,1
Vml0iM6OqBM,Rep. Matt Caldwell dodges CNN host s questions about gun control,TP Clips,News & Politics,4046,5,0
juAOkRdUbKg,Quak Activity in Yellowstone and Ring of Fire,Kill The State Live Free,Education,51,3,0
O4bDwkjOJrA,From Freedom to Imprisonment for Private Debt,Kill The State Live Free,Education,28,2,0
xBjQeoubehU,SELF ILLUMINATED (ILLUMINATI) SHAPE-SHIFTING UFOs SWARM SAN ANTONIO AGAIN. ✓ OUT THE BLUE ONE..,JONNYY 5,People & Blogs,92,2,2
QPLpuCkokxk,Pulled over for Driving Safely,Kill The State Live Free,Education,15,2,0
ipPWUyNHAjM,The Cult of Obedience,Kill The State Live Free,Education,22,2,0
ikoKe1pLIfE,Steele: Republican Party has a racism problem,TP Clips,News & Politics,130,1,0
sHu9THcKq6k,Flu Ravaging America and Avian Flu Transmitted from Bird to Human,Kill The State Live Free,Education,27,1,0
1FDCdtJ5KsM,The 10 worst countries to date a woman 2017 ranking,bill1224601,News & Politics,296,,
YFag3L40k7c,Ban 2020 Tokyo Olympics After Idiot Japan Claims No Radiation Found In 60 millions Bags Of Rice,BeautifulGirlByDana,News & Politics,805,,
IPvgFbRGvuM,UFOs OVER SAN ANTONIO INTERNATIONAL AIRPORT 2018 PART. 1,JONNYY 5,People & Blogs,128,,
6vtN_rjlRw8,Fukushima Meltdowns Spawned Nuclear Cyclone Gita Updates & Nuclear News For Feb 14th 2018,BeautifulGirlByDana,News & Politics,777,,
9SfL8Ux--V8,Fukushima Super Cell Nuclear Storms - Cyclone Gita 200 MPH + Levels Tonga - Nuke News 02/13/2018,BeautifulGirlByDana,News & Politics,1278,,
KQ-RuYENsfA,Wine Test for Morgellons is a Hoax in My Opinion - Morgellons is real. This test is not.,Conspiracy Mystic,People & Blogs,11669,,
pni_kDv9BsU,Former CIA Officer Will Teach You How to Spot a Lie l Digiday,Digiday,News & Politics,3630224,28042,2904
ZDK1aCqqZkQ,ACTUAL SCIENTIST:  Climate Change is a Scam!,StevenCrowder,Comedy,820324,23270,5943
xRpPtuymV24,10 Shocking Conspiracies About 9/11,Alltime10s,Education,2441115,21779,2248
972ETepp4GI,4409 -- (Unseen Footage) Tower 7 blasted into rubble from NEW angle!,RP4409,Nonprofits & Activism,19679561,20406,7148
s9IwamztdqA,Ben Shapiro: Trump  Trans  Religion  Abortion  and Tax Cuts,The Rubin Report,News & Politics,745545,19676,885
axQtAFtmtVA,PROOF! Boston Marathon Bombing is Staged Terror Attack,The Alex Jones Channel,News & Politics,3087605,17082,4802
uL_mA9nZBDc,Corey Feldman Opens Up About His Plan To Expose Hollywood Pedophiles | TODAY,TODAY,News & Politics,1331020,12930,1020
nFklhWu3d3E,RUSSIAN MILLENNIALS SPEAK OPENLY ABOUT AMERICA,Natasha Lance Rogoff,People & Blogs,2145359,8717,5710
x3qeVK8l14c,Conan: Trump s comments are irrelevant,CNN,News & Politics,618574,8559,1412
9NEInALvba8,Walmart s Future Plans - How BIG is This? This Fall at Distribution Centers?,Godrules,Entertainment,1190179,7114,1127
HhouNyO68c8,What Pisses Me Off About The New York City Terrorist Attack,Stefan Molyneux,News & Politics,129056,6820,334
RGcvkAGCwFM,from 2011! Agenda 21 Plans to Burn Up Northern CA,aplaintruth.info,Science & Technology,330724,5940,175
Pvnfb_SPwFQ,Body Language: Elon Musk,Bombard s Body Language,Entertainment,333425,5931,441
jmjqawzgB7A,WATCH: Florida Survivor TAKE DOWN Fox News Tomi Lahren,aDDmoreJuice,News & Politics,437859,3588,717
q8yGgysHUSE,Police Practice Active Shooting Drill at Colorado High School,ABC News,News & Politics,595003,3512,222
QQtMaJJUvZY,What is Gnosticism? | Stuff They Don t Want You to Know,Stuff They Don t Want You To Know - HowStuffWorks,Entertainment,244825,3405,266
olSsgkfLziQ,School shooting victim called her mom before she died,CNN,News & Politics,521410,3346,285
bHhalz3iy7g,Did Osama bin Laden really die in 2011?,Stuff They Don t Want You To Know - HowStuffWorks,Entertainment,315541,3214,228
EGITecuBEHQ,Who Profits from the Opioid Crisis? Meet the Secretive Sackler Family Making Billions from OxyContin,Democracy Now!,News & Politics,184237,3201,162
9uo8nXh23dE,Incredible Must See Video Documents Multiple Shooters In Vegas Massacre,The Alex Jones Channel,News & Politics,125171,3168,210
dZTKfIviRLE,Body Language: Evelyn Farkas,Bombard s Body Language,Entertainment,110932,3126,90
nuv6IyQDjME,Warning From Man Who Designed RFID Microchip,Shaking My Head Productions,People & Blogs,116921,2416,124
ak9yQ0roFXY,Jesuit Illuminati - The BLACK NOBILITY,The Black Child,People & Blogs,181641,2378,297
rzLN2QDCXR0,Joe Rogan on The Texas Church Tragedy,Joe Rogan Fan Page,People & Blogs,421554,2368,1067
y-rAy_yvk_s,Body Language: Valerie Jarrett,Bombard s Body Language,Entertainment,62345,2185,39
OP-cXZbHOv0,Flat earth,Bombard s Body Language,Entertainment,46384,2179,890
ZEEXNJI-K5g,RULES VIOLATION: Rapper Blac Yungsta  DETAINED  after UNAUTHORIZED WITHDRAWAL,The Black Child,People & Blogs,90227,1553,83
oqGEz9IqOrE,Caravan To Midnight - Episode 309 Jade Helm Decoded,John B. Wells The ONLY Official CTM Channel,People & Blogs,179778,1421,112
rN9EpeJXwZc,"Sister Rania Ibrham Filming From InsideThe #GrenfellTower 23rd floor.","O.S.C.C #DAWAH",Education,235795,1296,167
VNB73QlvkRY,Full Show - Governments Plan To Poison Population In Sick Social Engineering Experiment - 11/17/2017,The Alex Jones Channel,News & Politics,55528,1257,199
XSzEOzKlVfY,Just Got Back From Sutherland Springs  My Impression & Experience,Leak Project,News & Politics,35544,1240,94
6Xw0Fy6-uok,RFB Live W/FaceLikeTheSun,RichieFromBoston,People & Blogs,28720,1214,58
gC5RUh6Z-iw,A Veritas Special Report on the Las Vegas 10/1 Event with former CIA Officer Robert David Steele,Veritas Radio,News & Politics,72972,1159,145
LU7nPiplZBs,Los Angeles Residents OPPOSE Funding Attorneys for Illegal Immigrants,Sheila Allen,News & Politics,20070,1128,26
at7HeeKU-y4,"Agent Orange – Introduction - #1",Myles Power,Science & Technology,14206,1096,10
MMIW4mS5QpI,"Debunking Chemtrails - Depopulation & the Space Preservation Act – #3",Myles Power,Science & Technology,14567,1090,29
7ZU7OL5MRHI,Exposed: Fake Ugandan Red Cross Medical Trial That Fed People Bleach,Myles Power,Science & Technology,12671,1011,20
YmXcOpPIubU,Donald Trump Jr.  likes  tweet attacking Florida student survivor | The View,The View,News & Politics,96209,854,110
adwHY6bNaqo,Is There Any Idea More Stupid Than Arming Teachers?,David Pakman Show,News & Politics,17030,813,58
Zedj29jlFlg,Las Vegas: Conclusions,HDRCFX Cornwall,Entertainment,28404,784,48
_fnwaDpVHsU,Possible terror attack leaves at least 8 dead in NYC according to Officials,ABC News,News & Politics,145342,770,191
bmH7nHnTfPk,"Agent Orange – Corrections – #2.5",Myles Power,Science & Technology,6483,680,5
UOiAL-vIvK8,12-year-old Paris attack survivor speaks,CNN,News & Politics,215296,667,627
hRGoXy1ohwY,Will GMOs Kill Us All? - Skeptics in the Pub Talk,Myles Power,Science & Technology,8460,657,17
MX-mhrwT1cI,CNN S CHRIS CUOMO PUSHES FALSE STORY THEN LIES ABOUT IT,James Munder,Education,7844,616,4
hQWctUXzDAM,WTF is this??? SpaceX Rocket? Project Blue Beam? UFO or Alien Technology?,Jake The Asshole,People & Blogs,24100,604,458
U9PNYHUdOBM,The Rothschild Banking System & Antarctic Treaty Connections (Illuminati Exposed),Jake The Asshole,People & Blogs,9725,602,173
00w7bZZU7PU,Orlando Shooter Scenario False Flag Agenda Afoot,Jim T,Nonprofits & Activism,127339,563,166
Nj15LarDqVc,Starman Driving in Space | Calling All Truthers  Flat Earthers & Skeptics,Jake The Asshole,Science & Technology,15909,558,322
-RQxpceTPPg,An Electrifying Investigation of White House Lies: Seymour Hersh,The Film Archives,Education,59662,547,61
hpHnpAUFo4g,Vanessa Amara - Like All Mornings (Full Album) [Posh Isolation],Vincent Glandier,People & Blogs,17457,531,1
t56kF-TyImM,Financial war may escalate into massive EMP attacks as final showdown looms Benjamin Fulford Jan 8,Secret Wars,News & Politics,98868,502,96
yKNU2UsRoIY,No  2nd Amendment Doesn t Protect Assault Weapons,David Pakman Show,News & Politics,9651,489,56
sVzfXWYYGew,Public Testimonies Exposing DCFS/CPS Fraud & Misconduct,Sheila Allen,Nonprofits & Activism,14276,448,4
Bw4OfwnfPgg,"Thousands of journalists caught sharing #FakeNewsweek article!",Mike Cernovich,News & Politics,2202,418,2
lsEiCEOi5Qg,Grenfell Tower: Survivor  16  sits exam day after fire erupts,5 News,News & Politics,49809,412,41
gPtSazEShrI,Do Not Update Snapchat,CrimsonStudios,Comedy,13816,407,49
fQCcCymweWM,Tensions rise between Bloodlines and Illuminati as final showdown looms Benjamin Fulford Jan 15 2018,Secret Wars,News & Politics,9167,388,12
3RKZn2Sf7bo,Trump blames video games  movies for violence,CNN,News & Politics,44138,374,908
9sZfEHAnfCU,Was the Orlando Nightclub Shooting a False Flag to divert attention?,Leak Project,News & Politics,59673,363,109
mSyCG8ysimE,Foster Care Corruption in L.A.  Children Given to Illegal Immigrants,Sheila Allen,News & Politics,6388,359,14
aoRgVI8c90U,YouTube Partner Program Terms - Monetization 2018,CrimsonStudios,Comedy,2953,345,10
zrQdHebBmW4,Bill Burr: Conspiracy Compilation,Cult Comedy,Comedy,28788,345,24
33aKwchC2X0,Film Theorists Complete Ignorance On Economics,Jason Unruhe,News & Politics,2373,336,15
t1bgjKHd_Tk,Clarence Thomas: Supreme Court Too Mean to Gun Makers,David Pakman Show,News & Politics,10733,335,40
03jhZHNXIeA,Chemtrail Paradise | 5G Microwaves Your Mind | Illuminati Family Tree,Jake The Asshole,Entertainment,5174,330,56
4hd_VHwVicU,"#CodySnodgres Discussing Florida False Flag and Deep State Mind Control",SNAFU radio,News & Politics,5455,319,7
XT0xKfwFCnw,Why did the $20 million a year Podesta Group Shut down suddenly?,Mike Cernovich,People & Blogs,2817,310,2
5ivf_Y7cjKA,Florida Republicans Vote Down Assault Weapons Ban,David Pakman Show,News & Politics,5596,293,35
cm4q2ld9exY,North Korea Hits Own City,CrimsonStudios,Comedy,7260,287,7
LIeo5q_hiCw,Benjamin Fulford Full Report February 5 2018,Secret Wars,News & Politics,4460,278,6
7lZ0LX4rTX8,Oprah Run For President - Oprah Times Up Movement,CrimsonStudios,Comedy,2727,272,7
eCEr5_8KMPw,Net Neutrality Is Over - How It Affects You,CrimsonStudios,Comedy,3048,256,6
lr1fGNlyeIY,The Next YouTube - The Solution To The YouTube Problem,CrimsonStudios,Comedy,1952,255,7
4lNwwyhXST4,Winter Celebrations Around The World 2017,CrimsonStudios,Comedy,3107,249,4
DTbKXBcAq2I,Facebook News Feed 2018,CrimsonStudios,Comedy,1935,249,5
p5DMUIvYpn8,The Problem With Apple 2018 - Apple Going Bad In China,CrimsonStudios,Comedy,2462,248,1
j2YKxapcRUQ,UFO Sighting During Blue Blood Moon Eclipse Live Stream? 1/31/2018,Sheila Allen,News & Politics,96622,247,32
7cP-HZqf_LI,FLAT EARTH | APOLLO LANDING FULLY EXPOSED! (MUST SEE),theTRUman,Education,29743,239,38
FPU_4lx8Dbo,Bitcoin Crash Coming In 2018,CrimsonStudios,Comedy,3668,237,17
AMj7oNMZ-eY,Mandela Effect: EVERY Mandela AFFECTED needs TO SEE THIS!!! Mandela Metaphor: Cocoon,Lone Eagle,People & Blogs,3054,225,13
RYhE8Y731v8,Pyeongchang Winter Olympics 2018,CrimsonStudios,Comedy,2168,223,1
RR2cUPGGKWc,Moon Gravity Proves NASA Fakery | White Astronauts Can t Jump | Freemasons Exposed 2018,Jake The Asshole,Science & Technology,5631,209,156
twUFrJaC5PU,Black Dot UFO Inspects Kite - Los Angeles  CA - May 19  2017,Sheila Allen,Entertainment,4694,207,32
TJzb4UYr8FA,Shipments Of Green Laver Seaweed From Fukushima Resumes !!,BeautifulGirlByDana,News & Politics,1301,193,60
z2aCDQHc67g,Benjamin Fulford Q&A - February 2018,Secret Wars,News & Politics,3425,177,14
7RYNahOy_MI,Russia suggests US had role in Drone attack on Russian base in Syria,Secret Wars,News & Politics,33530,175,19
6tKbxvhOhJk,Mandela Effect: The Sphynx: iBACK: CHOOSE WITH LOVE: New Earth  Ancient Civilization  Native Ways!!!,Lone Eagle,People & Blogs,2752,175,6
FxIivFSbok8,Deadly Mass Shooting in Las Vegas - FAKE NEWS vs REAL NEWS | What s Trending Now!,What s Trending,Entertainment,32479,173,125
ckisAqOsdtE,Benjamin Fulford January 29th 2018 - East-West lines drawn will it be make love instead of make war?,Secret Wars,People & Blogs,3333,164,6
9ajQVKTltAI,TYT - 02.19.18: FBI Parkland Survivors Fight Back  Anti-Gun Republican  Black Panther  and...,TYT Shows,News & Politics,10396,160,20
hpo7QRJEIhE,Grenfell Tower fire: Witnesses describe terrifying scenes,ITV News,News & Politics,74640,146,14
7JjZKqT8FXo,PAUL JOSEPH WATSON & MILO - ALEX JONES INFOWARS,INFO WARS NEWS,Entertainment,2231,145,1
05l2gSY3cZs,Trump State Of The Union Speech/ Cardinal Pell Child Abuse Trial Witness Dies/ Two FISA Secret Memos,TOTALECLIPSE Page,News & Politics,1355,144,0
YhVcb6JsV78,Carrie Underwood. Nothing Much To See Here.,Apostle Laura Lee - Church of Philadelphia,Education,11057,132,31
2kS8XJY2_-c,Mandela Effect: New Weather: Thundersnow: THUNDER + LIGHTNING + SNOW???,Lone Eagle,People & Blogs,2571,132,8
td1yBi5C7AE,Dr Steve Pieczenik & ALEX JONES September 29 2017 | DISCUSSES THE TAKE DOWN OF THE GLOBALISTS,Dr Steve Pieczenik 2017,Science & Technology,6436,127,8
V6T5cdKfoV8,Rabbis Urge Trump to Murder Goyim on a Mass Scale or Face Another 911,PAYDAY MONSANTO,Nonprofits & Activism,2024,126,3
rs2pLGwiZ4U,"#FakeNewsweek and Nina Burleigh Owe Mike Cernovich an Apology!",Mike Cernovich,News & Politics,1168,126,3
GCk_cG58Vo4,Israeli Police Say Netanyahu Should be Charged With Bribery and Fraud,Jason Unruhe,News & Politics,1121,121,5
wNiwoLt8KS8,False US Narrative on Iran Protests Exposed,Jason Unruhe,News & Politics,1106,114,8
3w0DYRA6BUg,SANDY HOOK CREATING REALITY Sofia Smallstorm Presentation,Obee Wan,People & Blogs,9345,113,8
o9DpfCh0KBs,Goy vs Goy: The Balkanization of Sovereign Nations and the Coming Jewish Wars fought by Gentiles,PAYDAY MONSANTO,Nonprofits & Activism,1587,113,2
CFUOLJSfzmo,Mandela Effect: New Earth Series: Prelude: Upheaval Dome: Part 1,Lone Eagle,People & Blogs,1335,100,1
MvM2GuKcp20,Mandela Effect: Tech Before Its Time: 3D in...1800 s!!! Matrix Style!!!,Lone Eagle,People & Blogs,1392,98,5
K-ddvmKPcPg,Pbs Frontline 2013 Raising Adam Lanza 540p,saruky11,People & Blogs,28551,95,31
-naoiWzZtLg,Duper s Delight - That Smirk That Says So Much...,Thomas Sheridan,Entertainment,10436,94,0
cWqwH3rvLqA,Operation Mockingbird - Collectively Mocking the Goyim: ALL JOKING ASSAD (This is SYRIA S Business),PAYDAY MONSANTO,Nonprofits & Activism,1203,90,1
WnHsCPkn3_Q,Sandy Hook  100% Proof Gene Rosen is an Actor,PanhandleExit,Entertainment,22187,86,18
Cm8J6cbC4EA,Grenfell Fire Investigation Evidence of Fire INSIDE the Building at 1 AM,mental_boost,People & Blogs,28907,83,55
P3Jkb6qyJBA,London GrenFell Fire a Satanic Ritual 69 Days Before Black Hole Sun,Johnny Supertramp 3,News & Politics,3667,80,9
etEOoaxoVLE,United States hits North Korea with  largest ever  sanctions,Jason Unruhe,News & Politics,534,77,1
w_4OEA8DqHA,Are Stephen Paddock and Gene Rosen from Sandy Hook the same person?,Mephistopheles Lux,People & Blogs,8088,73,12
QnBBSTiFheg,San Bernardino shooting hoax duping delight..,Anthony 2 b.,People & Blogs,9841,72,12
K56LnPNE0QU,Into The Abyss - Cracking Talmudic Porticos: Striking the Root vs Pruning Trees of Evil,PAYDAY MONSANTO,Nonprofits & Activism,827,71,1
1NG_DObu0zE,Russian fighter jet  shot down  in Syria s by Militants Over Idlib province,Secret Wars,News & Politics,13460,70,36
H-AtS-KQYqU,Vegas Shooting  Project Camelot  Steve Pieczenik,superJohnwild,News & Politics,5891,68,7
uAmYJhLq_2Y,Mandela Effect: Live With Lone & Angela: Tech Before Its Time!!! SPY CAMERAS...IN...1888!!!,Lone Eagle,People & Blogs,977,66,4
BXBZHYpROTI,Mandela Effect: Live With Lone & NoblenessDee: East AND West COAST Discoveries!!! NEW!!!,Lone Eagle,People & Blogs,886,65,4
3RwuIvsnGfI,Mandela Effect: Live With Lone: CUBA: Leaving Pain Behind,Lone Eagle,People & Blogs,654,59,5
MWvkycuOK2Y,First Look Montecrypto: The Bitcoin Enigma,Defango,People & Blogs,2939,56,16
zra2JYSJTz8,Mandela Effect: Live With Lone: Pacific Ocean Island AND CAUGHT AMERICA & AUSTRALIA MOVING!!!,Lone Eagle,People & Blogs,705,51,4
6qYuwLlL_ow,Mandela Effect: Live With Lone: NEW Ancient SITES Next TO Petra!!! Ruins of Jerash! Temple of Zues!,Lone Eagle,People & Blogs,828,51,2
YSmN_vTpsk8,Jordan Peterson Avoids Question on Aleksandr Solzhenitsyns Two Hundred Years Together and Holodomor,Secret Wars,Education,991,50,6
wotS7vSn4b8,Putin Celebrates Epiphany with The Great Sanctification of the Water ritual,Secret Wars,News & Politics,942,49,2
ijHXdOzoyAE,Florida School Shooting: Judge Takes Issue With Sealing Nikolas Cruz Case Records,CBS Miami,News & Politics,10601,48,14
y-FS92kH7Xk,Bruce Lee s Curse - The Boxer Rebellion and His Fight With Wong Jack Man,Secret Wars,Education,846,43,0
EKdmuTKAuAo,Mandela Effect: Live With Lone: Ancient Civilizations: PETRA HAS CHANGED...NOW BIGGER!!!,Lone Eagle,People & Blogs,740,41,3
YG5R0RKjY7c,Grenfell Tower Fire Progression Analysis: First Hour,mental_boost,People & Blogs,9006,41,5
eNMcO3U1NJ8,Mandela Effect: Live With Lone,Lone Eagle,People & Blogs,453,37,4
zAfFYPCjRTs,MASS CASUALTY DRILL/AMTRAK DERAILMENT!!,LacyBC71,People & Blogs,205,27,20
X7D-I7MKVXM,A Day Of Mourning As More School Shooting Victims Laid To Rest,CBS Miami,News & Politics,3117,24,5
Hv35dBnlpBs,Healing Yourself From The Past,LionWarrior28,Education,433,19,3
ck1r-WAYfAk,My Crazy Ex Argentinian Girlfriend,LionWarrior28,Entertainment,927,17,3
IOZzStQcVLk,Alter to Lucifer at Second Baptist Church in Houston Texas? [2017] MIRROR 🌹🍁🌻,In His Grace,Education,1031,12,3
HRKaxiod-O4,Sandy Hook Hoax Mattioli Spills the Beans,anonymous legion,People & Blogs,3315,11,4
Zd3X2FUHxTw,COG - Trump & JFK: November 8th  November 18th  November 28th (2017),Citizen of Gotham,Education,323,11,1
kvaHfFawzyc,RIP Christina Grimmie & Gun Control Laws,LionWarrior28,People & Blogs,165,10,2
JOlnpAYfB1c,Importance of Security at Concerts: Christina Grimmie & Pantera,LionWarrior28,People & Blogs,287,10,1
ipq7pVONIR4,Example of Duping Delight: The Deluded Gunman Story,Digital Broadcasts,People & Blogs,900,6,1
RV6w2-3ILQI,Meet John Astley and his Phantom4 drone,ReinhardvonHolst,Travel & Events,120,6,0
XG2KCfUluaw,1 UFO BECOMES 2 ORBS THEN SHAPESHIFTS INTO AN AIRPLANE RIGHT INFO ON ME,JONNYY 5,People & Blogs,188,5,2
OiFzVCoEZss,The Raid 2: Kitchen Fight Scene (Jason Youth Remix),LionWarrior28,Entertainment,1349,5,1
zGtFhP_qPe0,Beautiful rainbow and Red tailed Kite,ReinhardvonHolst,Nonprofits & Activism,236,5,0
z2c2JTsLt9U,A walk in the woods with my drone and camping gear.,ReinhardvonHolst,Nonprofits & Activism,156,4,0
Rkxsqf9lZKs,Kansas Republican Tyler Tannahill defends AR-15 giveaway,TP Clips,News & Politics,2640,3,0
vVeYxtUY_o8,DIAMOND SHAPE UFO BRIGHT AS A STAR GLIDES OVER STRIP-MALL IN TEXAS,JONNYY 5,People & Blogs,105,3,0
b7J3ImbyTok,Lazerpunk - VHS Horror (2018),PB Chanel 1,Music,37,3,0
caTr7jMfRuA,Catfish Girl Book (Exposing Catfish Online),LionWarrior28,Entertainment,542,3,0
5pr5z5l7mGs,THE SKY IS DEFINITELY FALLING!! LIKE MAGIC MIDGE HELICOPTER TURNS INTO CHEMTRAILING AIRPLANE 🔜🌎🔚,JONNYY 5,People & Blogs,63,3,0
9nNIJyo_OTA,Jason Youth Beyond,LionWarrior28,Entertainment,32,3,1
9F9PRhE3EwU,Elite Bloodline Family Worship,KudosThere ?,People & Blogs,42,3,0
iijN4dP-JZs,Unedited Video of 2017 for public knowledge & Educational purposes,Raise a Little AL,People & Blogs,53,3,0
UE8GKexD9lE,ISS - S/T - full EP (2018),PB Chanel 1,Music,23,2,0
kyGJ1MKabuo,Hogan Gidley defense of the Russians,TP Clips,News & Politics,1144,2,5
j3xi1cVh9UM,Vaccines not tested since 1929,Raise a Little AL,People & Blogs,42,1,0
FUO5rU77zA0,School Exclusion Day for the Unvaccinated,Kill The State Live Free,Education,13,1,0
uE-ri0ky-fA,Parkland shooting survivor:  No one is paying us to,TP Clips,News & Politics,252,0,1
OFVQl5OrkDQ,Health McNease - Who Knows  Who Cares - full EP (2016),PB Chanel 1,Music,10,0,0
8wRHtu9Dras,Siddiq & Vektroid - Midnight Run - full album (2016),PB Chanel 1,Music,3,0,0
X6cPtP9hUqE,Wrekonize & Sharpsound - Sunny Winter 2 - full EP (2016),PB Chanel 1,Music,9,0,0
Z8qYiI8zJn0,Eric Trump addresses brother s trip to India,TP Clips,News & Politics,424,0,0
99Wlf_cSpBY,Copyright Infringement Episode 1: Nico & Vinz Vs. Mr Probz Robin Schulz,LionWarrior28,Entertainment,51,0,0
3gtXVz77Q8Y,Trump thinks it s too hard to get a security clearance,TP Clips,News & Politics,33,0,0
KnMFWpELB_I,Symbolism the double headed Eagle,Raise a Little AL,People & Blogs,19,0,0
LcXdOGKGses,Targted indivudal Exposing Serpent symbolism for everyone,Raise a Little AL,People & Blogs,14,0,0
abdDFJe3s2o,RED UFO ROCKETS PAST ANOTHER & UFO WEAVES BETWEEN POWERLINES,JONNYY 5,People & Blogs,137,,
xwv0hYyGPXI,TFL topics live stream with Bill and Anna on 02/ 12 /18,bill1224601,News & Politics,108,,
EYOREpwtFMU,Serpents - Resistance (Pyrroline Remix),Sanary Twink,Music,66,,
eZifxkdKCnk,Dive - Where Were You,Sanary Twink,Music,57,,
SR6u9MkZvjg,Plastic Noise Experience - Field Of Force,Sanary Twink,Music,55,,
BGiQO9I1XA8,Section 25 - Microgroove (Absolute Body Control Remix),Sanary Twink,Music,59,,
L-jLsxrya30,Mind Resuscitate - Devoted Ego,Sanary Twink,Music,28,,
K4xEVEKR0y0,UCNX - Sketches of Pain (Tears For Fears Cover),Sanary Twink,Music,7,,
P57Zim_dGsI,VANISHING CHEMPLANE DROPPING HIS LOAD AFTER FREEZING IN MIDAIR,JONNYY 5,People & Blogs,117,,
6ZHM3ZIw4OA,Portion Control - Hardman,Sanary Twink,Music,71,,
cGE-_NjgytY,UFOs OVER SAN ANTONIO INTERNATIONAL AIRPORT 2018 PART. 2,JONNYY 5,People & Blogs,90,,
QDvg8cYv_0E,Debunking The Controlled Flat Earth Disinformation,Jake The Asshole,People & Blogs,14145,,
_TyJNzeni38,Synths Versus Me - Aimless Device (Boy Harsher Flesh Mix),Sanary Twink,Music,74,,
T0Azly-mTRw,Future Lied To Us - Lost [FACT 3312],Sanary Twink,Music,267,,
Jt6KqjCdBSQ,Section 25 - Looking From A Hilltop (Buena Vista Mix),Sanary Twink,Music,70,,
CFzRFrIfv2M,McCanns..body talk 2,MrNotbornyesterday1,News & Politics,357148,,
9MGn6oFJ4Po,The Memo is Out. A special edition of the Dan Bongino Show.,Dan Bongino,News & Politics,16484,,
Uki1czS3tRg,Trevor Noah Turns Donald Trump s Words into a Bad Reggae Song,The Tonight Show Starring Jimmy Fallon,Comedy,2238988,47716,1306
JTlyCcL_5pU,The Truth About the London Bridge Attack,Paul Joseph Watson,News & Politics,729942,38893,1008
GiiAW5ItPhI,MANCHESTER ARENA ATTACK  MY STORY,DayDreamer Rachel,People & Blogs,989349,22502,1814
HmH0D4sdlJ4,"Proud Boys Send AntiFa Running With Their Tails Between Their Legs At Olympia PPH #POYB #UHURU",The Common Sense Conservative,News & Politics,655214,17255,1233
8kLVz9-Zu3U,Wenn du eingeklemmte Flaschen bei Autos siehst  solltest du fliehen! Der Plastikflaschen-Trick!,CreepyPastaPunch,Entertainment,656872,12579,7195
aCoCivSaLfA,Part 1: Steve Harvey Lies Revealed By Wife & Personal Trainer  2017,unWinewithTashaK!,Entertainment,1190258,11697,1636
HMeOqcNmcpg,Jim Carrey   Ashton Kutcher and Shia Labeouf Exposing the TRUTH !?,Exposing The BOX,People & Blogs,2621959,9817,2910
xH9PVkdwjrg,What the Media Won t Tell You About Iran,reallygraceful,Entertainment,347210,9778,930
h4OR83J2IXQ,Wolf to Anderson Cooper: Quit giggling,CNN,News & Politics,1397691,8537,911
Kc1pJoGCPeI,South Korea s Unconventional Military Training | The Daily Show,Comedy Central UK,Comedy,754957,7664,360
CzySk8qfvxk,Reporter Spills the Beans and Admits All the News is Fake!,Robert Boudrias,Science & Technology,637416,7339,218
Larj2pRoMyU,Trump Supporter Had Enough Of Joy Behar s BLAME-SHIFTING  SHUTS HER Up On Live Tv,Conservative Network,News & Politics,478491,5305,537
2v4q6_J810g,Richard Spencer Redpills a German Reporter On His Own Country,The Last Stand,News & Politics,195063,4929,1012
wJ2cITNnak0,Young Money Cash Money: Hollywood  RITUALS,The Black Child,People & Blogs,628903,4257,414
GmG5W0bqpmc,Joe Budden & DJ Akademiks Discuss BLOOD SACRIFICE?!,The Black Child,People & Blogs,183439,4206,158
ZQe7FyesCY0,Jerome Corsi: Attempt On Donald Trump Foiled By Military/Secret Service,The Alex Jones Channel,News & Politics,88175,3630,62
DQbEuBgAKso,David Long  9/11 Eyewitness,OttawaTruth,Education,541181,3598,375
JHZjTXOEIBw,FERGIE ISN T EVEN HIDING IT!,A Call For An Uprising,Music,411289,3507,691
-c9Egkccfw4,Tide Pod - LIFE HACK!,Maddox,Comedy,35999,3427,498
GY-nwY7tbIg,David Maxim Micic | EGO | Full EP,David Maxim Micic,Music,186427,3042,40
1FVUqRlZuZQ,Terror Strikes At Florida School  17 Kids Dead,Secular Talk,News & Politics,66777,2630,143
6uChwZw0HKk,The NBA FREEMASON CONTRACT III: BEN SIMMONS,The Black Child,People & Blogs,421297,2378,845
vGbWZVEAuyI,The Planned Collapse Of The Economy Has Begun - Jeff Berwick on The Richie Allen Show,The Dollar Vigilante,News & Politics,91468,1910,106
MemTqct9KPU,ADVANCED TECHNOLOGY: THE EVIL WITHIN 2 Video Game ILLUMINATi TECHNOLOGY,The Black Child,People & Blogs,59638,1648,69
s2yO4AzBWtE,Live Stream: Deciphering the Mess,Lionel Nation,News & Politics,24351,1570,48
DXtOqyP-JXo,Video that will save your life!!!! Cancer treatment found!! Vitamin b17  Laetrile  apricot kernel!!!,VeilLifter,Education,101731,1552,53
grHw9rTsq54,Reality Winner Psy-Op: The Intercept Rats Out Deep State NSA Contractor Shill and Top Secret Leaker,Lionel Nation,News & Politics,36518,1521,52
greuYvcMLDk,CT. COP on Sandy Hook Inconsistencies:  THINGS DON T ADD UP,SGTreport,News & Politics,218876,1514,90
FhzUz5XC8Zs,Operation Satan; War Generals IN the White House,aplanetruth.info,Science & Technology,79866,1487,156
wjg8SNEbQ8g,Taking Anti-NRA Sentiment Too Far...,The Young Turks,News & Politics,74477,1423,343
Do5_5BqqTAA,Nation Alert  Active Sleeper Cells Ready To Push The Next Event:Q - Episode 1487b,X22Report,People & Blogs,44870,1108,53
diqSlOC3UF4,BEST PIZZAGATE DOCUMENTARY PEDOPHILIA RINGS EXPOSED By WIKILEAKS! (2017),Divine Lotus,Music,59804,1107,44
rq2QMyXcNeI,War! The Worst Genocide the Planet has Ever Known  Deborah T,StopTheCrime.net NEW,Education,25919,1096,31
OJAVUyVU0VQ,Sherman s Murdered  Soros/Bitcoin/Trudeau Rubber Duck Conspiracy & Privacy Commissioner s Epic Fail,Press For Truth,News & Politics,15929,1049,17
-EA4aVOuTvA,Corey Haim Murdered Exposing Pedophiles in Hollywood,mimi shaw,News & Politics,189003,980,161
LUDShvQpXNc,"Agent Orange – On the Origin of Agent Orange - #2",Myles Power,Science & Technology,11243,934,4
XFU-vAHvc10,AMAZING NEW Bible Code Explains Revelation! *INCREDIBLE* (Miktre),ExplorerOne,Education,81272,911,61
YqTuJ4iSzBg,Shapiro Debunks Leftist NRA Conspiracy Theory,The Daily Wire,News & Politics,24012,828,53
V3WQQh_0Bhg,The Truth Of How Ellen Got The Exclusive Jesus Campos Interview,War Room,News & Politics,56881,797,148
SiF3lokZets,Breaking News - Jerry Lewis leaves entire estate to widow SanDee,US NEWS,People & Blogs,205236,793,270
8KLY3S7BGlw,Libya s Street Racers & Revenge Porn: VICE News Tonight Full Episode (HBO),VICE News,News & Politics,101751,772,310
hAJaNLlv0aU,Rupert Murdoch Sends President Donald Trump A Memo | Morning Joe | MSNBC,MSNBC,News & Politics,126524,761,64
jTmvpKXiWqY,MUST SEE VIDEO! Eye Witness FACE To FACE With Nikolas Cruz Florida High School Shooting,AMTV,News & Politics,29420,734,114
jQb9_rRpU3o,BREAKING: DRILL GOES LIVE AT FLORIDA SCHOOL,James Munder,Education,21566,727,28
JVc54QAIMT8,Are Trump’s Finances the Next Shoe To Drop?,David Pakman Show,News & Politics,26090,706,26
puCC403uxR0,How to Raise a Vegan Child: Homeschool and Vaccine Exemption,iAmBrotherPOLIGHT,Education,17158,685,16
Z85HRrktSQw,Florida school shooting: Broward County Sheriff gives update | ABC News,ABC News,News & Politics,45458,614,52
R1iMk48-b_I,Call for Trump Sex Assault Hearings Grows,David Pakman Show,News & Politics,14490,555,18
hjsAdKcPNBw,Stephen Paddock - Die Las Vegas Aufklärung,PoshGeek,Entertainment,23698,521,44
NBtuLFak4Hg,The Lottery Curse & Understanding our Life Force,pocketsofthefuture,Howto & Style,21065,504,25
IgSiRjS1Dfg,I pledge allegiance to the Flag of the United States of America and to the Republic  NOT A DEMOCRACY,Tatoott1009Reloaded,Education,81556,435,47
N9pvs8Q4TiE,Grenfell Tower fire: Lily Allen breaks down describing disaster,ODN,News & Politics,90534,416,237
g_0Esnw-GBE,Lemon Demon - Ben Bernanke (HD Remastered Music Video),user400293,Music,23253,410,5
Ee6krwyN-Gw,ExplorerOne Attacked For Exposing OBAMA RFID Chip Tweets! Mark Of The Beast,ExplorerOne,Education,8805,391,11
Yh9cjgzyEzc,Rep. Jerry Nadler On Gun Reform: We Know What To Do | Morning Joe | MSNBC,MSNBC,News & Politics,57640,339,42
bZ0BnXi12DE,Alex Jones (FULL SHOW) Friday 2/9/18: Matt Bracken  Jerome Corsi  Joel Gilbert  David Horowitz,Ron Gibson,News & Politics,36412,322,28
q64RkGZE5pQ,US Intel: Duterte a Threat to Democracy; Trump: Duterte is Great,David Pakman Show,News & Politics,9122,318,45
wcqxSxvtgPE,Manchester Bombing Hoax  Masonic Cypher Confirms It,SICARIUS SEES,People & Blogs,34972,312,263
UBt4rV-9gQw,CIA Case Officer Exposes Terrorism and Tyranny With Pedophiles,The INFOWAR Armory,News & Politics,18041,304,22
foBdU874Bqg,Alex Jones (FULL SHOW) Sunday 2/18/18: News  Calls  Analysis & Black Panther Movie Report,Ron Gibson,News & Politics,27841,282,35
357rIu1qlFM,MIKE CERNOVICH: BANNON  BEAT-DOWN - ALEX JONES INFOWARS,INFO WARS NEWS,Entertainment,8704,273,10
3SFEvtLz_mU,Trump Denies Sexually Assaulting Woman at Trump Tower,David Pakman Show,News & Politics,8035,261,16
ZyQVgmoAOmg,Zionist Rothschild Debt Based Banking System Exposed by Ex-Marine Ken O Keefe,Young Philosopher,Education,7166,253,2
IoaNi90lbdk,Video Shows NYC Attack Suspect Running Through Traffic,CBS New York,News & Politics,203533,239,73
UCgx7nRz0HY,Grenfell Tower fire. Family home video before the fire.,Mo Production,People & Blogs,84129,224,21
_MHwFrt6IIo,Lemon Demon - As Your Father,WonderingAboutHowIDied,Music,13738,221,7
tmXwCnzhf5w,Lot Of Weird Stuff Coming Today | Mike Cernovich At War Room,OpenMind,News & Politics,5608,218,6
8PfGw_25kVs,Solo: A Star Wars Story Official Teaser REACTION! - Do We Need a Han Solo Move?,CrimsonStudios,Comedy,1657,203,2
cAQKhGaBDaM,Do Not Update Snapchat - Unless You Like Ads,CrimsonStudios,Comedy,2069,198,2
j6Dng4oiB3g,Sandy Hook Conspiracy - Robbie Parker - Serco - Homeland Security - Freemasonry (1),Gr8PaintDotCOm,Education,38723,197,30
okFkwZAEo5k,Paris False Flag 2.0 - FULL DOCUMENTARY -(must watch),salih ay,News & Politics,27950,173,17
zsGtHxbgutM,Parkland  Florida shooting survivors demand gun laws change,Fox News,News & Politics,16744,161,343
yhpdMRiIox4,Bankster Bankster,PAYDAY MONSANTO,Nonprofits & Activism,1462,160,2
MHo1jlH1dwI,TRUMP Says Indictment Proves  NO COLLUSI0N,SHYDUX MEDIA,People & Blogs,34963,160,26
n41T97f1Uhc,Florida Governor. Candidate:  This Country Needs Change  | MTP Daily | MSNBC,MSNBC,News & Politics,10581,132,12
OCg_kNuGmC0,Florida shooting victim conspiracy theories debunked,Fox News,News & Politics,26933,130,423
ZKSSGc4WUhQ,John Todd Secrets Of The Illuminati,John 3:16,People & Blogs,6374,130,5
TruVm03GXOA,Sailing Sailboat & Nuclear News & 42 Sieverts Hr Radiation At Fukushima - 3 Sieverts Lethal Dose,BeautifulGirlByDana,News & Politics,967,125,61
_M5UNWjggJM,Payday Monsanto - Freestyle Impromptu (unplugged),PAYDAY MONSANTO,Nonprofits & Activism,1263,112,0
vvSoQpYnAAw,Vegas Massacre - The Search for ANY Real Bullet Holes or Hits,NowTheTruthTV-15,People & Blogs,7483,111,9
WTxxXuipSUs,YourNewsWire Makes False Claims of Castro Suicide Note,Jason Unruhe,News & Politics,1208,108,8
-uAQFDiooEc,ROGER STONE: Defends The County Sheriff Investigation in FL. - ALEX JONES INFOWARS,INFO WARS NEWS,Entertainment,1420,104,5
HAcqVHj9xjg,Gun control advocates are fools!,Sage Wanderer,Autos & Vehicles,748,104,2
pMrmCAHGCLQ,Mandela Effect: A Christmas Carol: Scrooge: 1970:,Lone Eagle,People & Blogs,1436,100,7
sELDPP6K24Y,Robbie Parker Laughing (better quality) link in description,QuestForKnowledgeQFK,News & Politics,23785,99,5
KlyInskxj98,LAS VEGAS MASSACRE - 40 FAST FACTS AFTER 2 MONTHS (Compilation) | WatchmanReview,WatchmanReview,Education,5736,95,7
uanG6jt64RA,TIERRA PLANA EL MEJOR DOCUMENTAL Y MEJOR EXPLICADO QUE EXISTE HASTA HOY EN LA RED,AZOTE DE LOS ILUMINATI 777,Entertainment,4657,93,27
b7afXm6QPVo,The Body Language of Lying--Tonya Harding,Traci Brown,People & Blogs,86501,89,88
w3hUGaGpRts,EVERYTHING YOU EVER WANTED TO KNOW BUT WERE AFRAID TO ASK ?,SriLankerC,Education,2913,89,5
jc44ezdG6pM,News Headlines for Feb 21st  2018,Jason Unruhe,News & Politics,855,88,0
7582ggTZ_0c,Happy Purim (Shak-an-awe),PAYDAY MONSANTO,Nonprofits & Activism,640,86,3
VQtne3CzJoY,Top to Bottom (remastered),PAYDAY MONSANTO,Nonprofits & Activism,1459,84,3
bjfCCTRWjyU,Hillary s Duper s Delight,Kassie West,People & Blogs,6029,78,14
xrA22rPF0-w,Las vegas concert shooting is a false flag!,False Flag Network,News & Politics,17833,77,30
71Dpail4JP4,Rats in a Complex Maze: How They ve Manufactured the Illusion of Control,PAYDAY MONSANTO,Nonprofits & Activism,1405,72,8
7zhJ-9aJQeo,How Matt Groening  predicts  the future on The Simpsons +Masonry & Zionism,ZACHARY K. HUBBARD 13,People & Blogs,763,71,1
1XTm8x8_Ei8,The Obama Mystery: Keanu Reeves Jerry Seinfeld Masquerade (Colbert too?),Apostle Laura Lee - Church of Philadelphia,Education,4120,70,19
Bp7Em5ox7uk,Fake News | Scot Peterson  failed deputy  Stoneman Douglas shooting & Gov. Eric Greitens +3rd eye,ZACHARY K. HUBBARD 13,People & Blogs,1145,69,7
9E0N-UZc1TU,Barcelona 17/8  Attack  Same old Fake Narrative,ObeLines,Music,3175,67,2
kKMEi9WJfYM,Scumbag Jimmy Kimmel killed Uncle Frank  Aug. 23  2011 +Stoneman Douglas & Emperor s New Clothes,ZACHARY K. HUBBARD 13,People & Blogs,716,66,1
VcfZs7pXkEs,Shots fired! College shooting in Des Moines Washington,Sage Wanderer,Autos & Vehicles,1943,64,1
1PXLvSCnH_Q,Dead Girl From Syria Gas Attack Opens Her Eyes Fake Propaganda,WTFworld,News & Politics,14164,61,7
GZM1w7wCxYU,Russianvids - San Francisco  Alcatraz Hoax and Satanism,Zack Greevey,News & Politics,2023,60,2
UTXcsMQbCxQ,Lemon Demon - Robo,NeilCicieregaMusic,Music,4317,58,0
N4X3LZeGuh0,School Shooting in Florida,Sage Wanderer,People & Blogs,2684,55,7
Fpo7Dg4Np6c,PSA: The March of Tyranny,PAYDAY MONSANTO,Nonprofits & Activism,495,53,1
snrisoHq59U,Philip K Dick - man who knew that we live in MATRIX  computer simulation  MUST SEE VIDEO,VeilLifter,Education,1080,52,4
GYUXh_M6ImE,Todd White & Brian Head Welch: a SATANIC Concert of Evil,Apostle Laura Lee - Church of Philadelphia,Education,1157,51,16
DsOR3DjJnEA,Billy Graham died on the perfect date  in the perfect location  Montreat  NC  as a  Christian,ZACHARY K. HUBBARD 13,People & Blogs,759,51,3
SX7dcPUrPdI,How I became a Catholic priest.,Sage Wanderer,People & Blogs,1070,50,4
ixSvRtld8n0,Grenfell Tower Window Ledge Smoke Missing Detail,mental_boost,People & Blogs,14419,50,11
8HAIxL1Jj7s,Part 2 | Jimmy Kimmel killed Uncle Frank  Aug. 23  2011 +Stoneman Douglas & Emperor s New Clothes,ZACHARY K. HUBBARD 13,People & Blogs,442,48,2
0lfCbA8Ts0k,Parkland student Cameron Kasky confronts Florida Sen. Marco Rubio (R),TP Clips,News & Politics,11311,47,3
b6IG2D2RHk4,Florida Lawmaker:  Gun Bans Don t Work  In Prevent Shootings | MTP Daily | MSNBC,MSNBC,News & Politics,11104,46,115
T8AORCHwOMw,Russianvids Live Stream Part 1,We Are Anonymous We Are Legions,People & Blogs,1814,45,1
gX1fx_Hsx1g,Parkland Florida Shooting-Something Strange About School In America?,Mr OOO Information,News & Politics,7426,44,12
SjZfRjflH6k,Russianvids Interview With & Others,NASA IS DEAD,People & Blogs,1597,37,2
nt7Ma1sNYGw,Israeli Syrian Conflict Escalates As Israeli F 16 is Shot down. The Most serious incident in years,Secret Wars,News & Politics,1052,35,1
Cjmdr0SBJBY,Teacher Alive / Never Existed CIA OP   False Flag ALERT !!!!!,Pete Pan,Nonprofits & Activism,2816,33,4
pryMj4kDaSY,HAF & AP - MKUltra III: CIA’s BEHAVIORAL MODIFICATION (Mind Control) for Humankind,Citizen of Gotham,Education,468,29,0
S6WYDXRsaOg,The Many (fake) Faces of Salman Abedi,ObeLines,People & Blogs,834,28,1
TwCDOSZxUZU,Geoengineering June 2014 - Before The Storm,ReinhardvonHolst,Nonprofits & Activism,852,27,1
qlcp1AjlR7Y,What We re Learning About Tonya Harding and Nancy Kerrigan 20 Years Later,POPSUGAR Entertainment,Entertainment,11781,26,5
gfW7VLsuCBY,MANDALAY BAY WE HAVE A PROBLEM!!,LacyBC71,People & Blogs,155,24,1
KQ5VKthb_kk,Happy New Year Subs  Love y all 4rm Texas!!,LacyBC71,People & Blogs,77,23,2
I3nwHMRpCxo,What kind of sick mind plans this?,ReinhardvonHolst,Nonprofits & Activism,750,22,4
2_nDnN1Roqw,LONDON TERRORIST ATTACK FALSE FLAG HOAX!!,ConspiracyFiles YouTube,Education,3521,21,4
Dppz48LXp4M,🔴 Lock - Down At HOOTERS Casino During Las Vegas Shooting -- BODIES EVERYWHERE !!!,The Choice News Network,News & Politics,4648,20,14
D4wdQZ7wLGw,Night Hike through the woods with strange orbs... or something.,ReinhardvonHolst,Travel & Events,2874,18,2
IkhKR0fKlL4,CALI FIRE RUBBLE  RECYCLED! WHERE S IT GOING?,LacyBC71,People & Blogs,93,17,1
zMDuUzvxWK0,David Hogg Tarot Reading,Bartmanhomerthe7th,People & Blogs,426,11,3
EJvsfSudWqg,Parkland  Florida school shooting. Creepy interview.,Donald Trump,People & Blogs,1490,10,4
mVJkWoHjEOA,Mirror~》 Peekay Lives  Peekay s new channel!,LacyBC71,People & Blogs,90,10,4
ja4HL2h8E2c,Directed energy specialist @ BOEING,LacyBC71,People & Blogs,53,10,0
IwiNsv8_W4I,Las Vegas Shooting New Released Police Audio Proves 100% False Flag,WTFworld,Comedy,578,9,1
7b9ETxjXkIc,THUNDERBIRDS GIVE VEGAS  HERO  A LIFT!,LacyBC71,People & Blogs,73,9,1
bbPN7rQawcU,Florida shooting. Google reports shooting two days before massacre. Nick Cruz false flag,TilDeath1776 US,Comedy,765,8,1
aPN2CA7BuA8,Search Continues For Suspect Who Beat  Stabbed Woman During Home Invasion,CBS Los Angeles,News & Politics,310,8,1
B0TH1rIGwsk,Thames Valley Air Ambulance Rescue August 4 2015,ReinhardvonHolst,Nonprofits & Activism,703,7,0
iAThuhHJ6vY,Families Weep As More Nigerian Schoolgirls Feared Kidnapped By Boko Haram | NBC News,NBC News,News & Politics,393,6,0
ifJCFwfv7WA,The famine is coming....,MenofValorSouthCarolina,Education,51,6,0
pUCzbO6Ev0Y,REVELATION 17:16: EU protects Iran trade from US sanctions,MenofValorSouthCarolina,Education,154,6,0
nI9xmlefOJ0,Get your AirkiX - Indoor skydiving - Nearly in the Mile High Club - Basingstoke  15th April 2014,ReinhardvonHolst,Sports,459,5,0
9OWSAG-UR0k,Meet  Harmony  and  Gabriel  This the future!?!,KudosThere ?,People & Blogs,48,4,0
24JsGI_xqLs,A few words from a cop who was targeted for speaking out about police corruption,Raise a Little AL,People & Blogs,90,4,0
P7vxx1lOLw4,The Happy Bomber (aspergers  autism or mind control?),KudosThere ?,People & Blogs,69,4,0
NHiUrabARfY,Adele Portraying SHIVA - The Destroyer,KudosThere ?,People & Blogs,36,4,0
1pE9vApEPvk,FINAL Babylon the great will fall soon,MenofValorSouthCarolina,Education,76,4,0
lpu_n85V00I,Political Expert Weighs In On Gun Control Conversation In Washington,CBS Los Angeles,News & Politics,88,3,5
cAI4m9IU1dQ,Creepy Clowns,KudosThere ?,People & Blogs,33,3,0
JjjH7APUj14,CT:VICTIM EMILIE PARKER S DAD - JUST MOVED HERE,CNN,People & Blogs,8598,2,19
slTHykwod2Q,Coronation Street Showing Allegiance To The Crown,KudosThere ?,People & Blogs,25,2,0
5ToAR7uUSlI,News Report about British Royalty,KudosThere ?,People & Blogs,32,2,0
Kudem_pR99s,Transhumanism  right at our fingertips!,KudosThere ?,People & Blogs,12,2,0
8aJmPPdFa9Y,Moon with Nibiru behind it,KudosThere ?,People & Blogs,113,2,1
beloct9o03Y,Who do Voodoo?,KudosThere ?,People & Blogs,43,2,0
XSJVzL8QhMg,Trump  Vaccines and Autism. (Blocked in Guernsey Jersey Ireland  Isle of Man and UK),KudosThere ?,People & Blogs,57,2,0
KQCrexFQpNE,A lawyer who tot Freemasonary & the rituals that they do to join,Raise a Little AL,People & Blogs,124,2,0
_yvOJyGHsvs,Targted indivudal Exposing Serpent symbolism for everyone all ages,Raise a Little AL,People & Blogs,19,2,0
iLPd2qmY_ws,Duke of Edinburgh to end public duties this Autumn,KudosThere ?,People & Blogs,31,1,0
__Eh_EweCXA,Prestwich press witch?,KudosThere ?,People & Blogs,31,1,0
JP9WN9Gze8o,Prince Philip to retire from public duties,KudosThere ?,People & Blogs,78,1,0
mnbUbNvSohM,PT6 The Bible is not meant for everyone,MenofValorSouthCarolina,Education,31,1,0
ek3ZyBLkjoY,PT7 Blessed are our eyes for we see,MenofValorSouthCarolina,Education,17,1,0
ggOq9juXWdQ,Ester Ledecka Wins Gold in Two Sports,Aban Famous News,Entertainment,37,1,0
9JtanSRnNSI,Is your £1 coin worth £20 ?,KudosThere ?,People & Blogs,19,0,0
rglc15o3tgk,Test,KudosThere ?,People & Blogs,10,0,0
G0a-7gcH-GU,Test 2,KudosThere ?,People & Blogs,12,0,2
mF95NlGJBlQ,The new medical updates are in for all to know and remember,Raise a Little AL,People & Blogs,16,0,0
fxAc6cQ6UHo,Sandra Fecht a Canadian psycologist knows now about Satanism in Canada,Raise a Little AL,People & Blogs,34,0,1
5QxT0N8ttPI,PT4 It is a light thing to be a servant to THE LORD,MenofValorSouthCarolina,Education,21,0,0
QlvH7gFVcz8,PT5 We are to reprove and rebuke,MenofValorSouthCarolina,Education,14,0,0
ayopmFEkZws,EVEN NOW ARE THERE MANY ANTICHRISTS,MenofValorSouthCarolina,Education,4,0,0
OB66RtA7EiE,Outpost 11 - Decline,Sanary Twink,Music,52,,
ayZIvK7Sy-E,What Does GOD S Grace Feel Like,Tearstojoyministries.org,Music,17,,
d9463aKCXi8,SAME UFO FROM AIRPORT APPEARS IN TEXAS NEIGHBORHOOD & SILENTLY VANISHES,JONNYY 5,People & Blogs,219,,
VHSdLwC2gdg,CELEBRITY CONSPIRACY THEORIES 3,shane,People & Blogs,6503876,209042,1541
c9fR38d_ugw,ILLUMINATI CONSPIRACY THEORIES,shane,People & Blogs,5102323,204670,1305
mII9NZ8MMVM,The Collapse of The American Dream Explained in Animation,doctordude,News & Politics,7434179,154502,8996
uMoSyk0rK9s,My Daily Life In NORTH KOREA (MYSTERIOUS 7 DAY TRIP),Jacob Laukaitis,Travel & Events,8520695,143624,8191
MECcIJW67-M,Amazon’s Alexa is a CRAZY SJW LIBERAL! | Louder With Crowder,StevenCrowder,Comedy,1909370,75104,7031
veMFCFyOwFI,The Middle East s cold war  explained,Vox,News & Politics,3544054,68548,4270
iRPDGEgaATU,Jordan Peterson and Ben Shapiro: Frontline of Free Speech (LIVE),The Rubin Report,News & Politics,1644766,61507,1383
mTSb58GIEvQ,7 Most POWERFUL and Dangerous PISTOLS of ALL TIME,MAD LAB,People & Blogs,17122959,59262,12501
gSi3S3T8GEw,What L.A. Residents Really Think of L.A. as a Sanctuary City - Town Hall,Sheila Allen,News & Politics,858689,26290,961
XJiCE88hOmM,Curtis  50 Cent  Jackson Teaches Stephen How To Beef,The Late Show with Stephen Colbert,Entertainment,1416620,23161,527
buFbk5fQCRc,Stephen Colbert Takes The Gloves Off: Gun Control,The Late Show with Stephen Colbert,Entertainment,1987011,21687,6077
pgfb4E3yiZo,Marjorie loves Steve  but... || STEVE HARVEY,Steve TV Show,Entertainment,3442228,20938,1260
1Iw-TXw1ZMI,Wenn man das NICHT GEFILMT hätte  würde es KEINER GLAUBEN !! Compilation Reaktion,SteFun,Entertainment,1121217,14927,1772
6uMTBFwUC-k,Watch This and You ll Notice Shocking Evidence!,Jason A,News & Politics,827049,11834,807
MBfkvWaSNKU,Trump Crony STUNNED When Reporters Call Him Out on Lies,David Pakman Show,News & Politics,434399,11494,683
Q2dfe2yseIM,(FULL ALBUM) Polyphia - Renaissance,David Ysasi,People & Blogs,1069319,9129,344
1fd_L72DfMs,Ratte verhält sich wie ein Mensch! Verstörendes und seltsames Tierverhalten!,CreepyPastaPunch,Entertainment,106734,6120,170
ak2zuFNpxlY,Solar Eclipse Hoax - Exposing the Global Lies from God s Enclosed Flat Earth System,Celebrate Truth,Education,529307,4356,3583
-kFmZFgGJug,A Conspiracy History of the World  Andy Thomas,OpenmindconferenceDK,Education,625515,4206,507
hiMNt6OlVX0,I liked it better when Reagan said it,Maddox,Comedy,116518,4075,2259
9kQ7fS5vm-0,Former CIA Robert David Steele  Hawaii Intercepted A Real Missile  Denise Wilbank Show,Victurus Libertas VL,People & Blogs,258407,3856,522
jTWY14eyMFg,CNN Fake Newscast Best Quality,patriotportal,News & Politics,693391,3607,201
15KejoG56uQ,The insufferable pandering of Arby s video game ads,Maddox,Comedy,71718,3431,2825
33QzyNo_9R8,5 Things You Might Not Know About North Korea,Stuff They Don t Want You To Know - HowStuffWorks,Entertainment,166182,3278,97
4iT5m29BJSw,What is Qi? | Stuff They Don t Want You to Know,Stuff They Don t Want You To Know - HowStuffWorks,Entertainment,327247,3195,498
eUA1JakkBn0,Die Las Vegas Vertuschung: Zensurgesetz von Heiko Maas schlägt zu!,Oliver Janich,Comedy,121413,2819,511
HJ_ep3RoUyg,5G will be used at olympics to Kill wild pigs,RichieFromBoston,Science & Technology,45218,2632,79
S1pxMpL1n7g,Body Language: Cornell and Bennington,Bombard s Body Language,Entertainment,116434,2539,224
yFtYOQdGyCs,BANNED WORLDWIDE  CENSORED IN THE BRAVE NEW WORLD (AUDIO ONLY),RichieFromBoston,People & Blogs,49260,2231,98
eiPh1qlhyEk,Body Language: Janis Joplin,Bombard s Body Language,Entertainment,53000,2164,57
N4L7UIatts0,Boston Bombing Day 2 | How Authorities Found the Bombers in the Crowd,ABC News,News & Politics,456851,1931,143
t4kwFcjAMP0,Full Show - Alex Jones: The Aliens Are Here - 01/12/2016,The Alex Jones Channel,People & Blogs,376796,1919,387
_v5ruKQ4T0s,3 People Who Died and Came Back To Life,Stuff They Don t Want You To Know - HowStuffWorks,Entertainment,145286,1879,160
HjzqMHKG_r4,Is Jared Kushner Probably Going To Jail?,David Pakman Show,News & Politics,83697,1841,79
q87ceocHZdA,Harvey Weinstein s HANDLERS/Zionist ILLUMINATi/Warner Music Group,The Black Child,People & Blogs,77643,1798,53
snU3lHSyE5g,Mandalay Bay Deleted All Info On LV Shooter | Laura Loomer Update,OpenMind,News & Politics,195359,1647,278
HGJAIEdJtFM,Best Moments of Eric Paddock Interviews,NHC NEGRO,People & Blogs,174209,1626,91
IOBTXKIfL48,MISSING PEOPLE/Attempted Abductions/Human Trafficking 2017,The Black Child,People & Blogs,71321,1578,55
Uph8R9-3PnY,3 Whistleblowers Who Aren t Snowden,Stuff They Don t Want You To Know - HowStuffWorks,Entertainment,101140,1503,30
CGywO_JsaAo,Anderson Cooper: White House gaslighting over Rob Porter,CNN,News & Politics,134116,1225,197
3949fxzpCjg,Element 93 and the AI Singularity: A Conversation With Quinn Michaels,Jason Goodman,News & Politics,49900,1079,52
wiPf_fJfQDU,My Experience Giving a ProGMO Talk at Skeptics Events,Myles Power,Science & Technology,10707,1037,16
dNiPjK4timI,Dan Rather Defends the Parkland Survivors - The News With Dan Rather 02/19/18 - Episode 5,The Young Turks,News & Politics,39481,1015,102
Of7KoDmZpZY,Ben Shapiro - What Really Happened In Florida,Conservative Network,News & Politics,82584,1009,84
coJGCwzkuuQ,Anderson Cooper Is Getting Tired Of Trump s Selfishness After New Tweet s -  It s All About Him,Jon Snow - The Viral Network,People & Blogs,93453,995,72
R35QNZI2D8g,10 Patients Claim Doctor Botched Their Plastic Surgery,Inside Edition,News & Politics,46042,817,40
NZOdfqFZ1kM,ON FIRE! DOUG HAGMANN: FISA  WORST U.S. CRIME EVER!! - ALEX JONES INFOWARS,INFO WARS NEWS,Entertainment,17167,777,7
WTKTSnlua34,Tierra Plana en los Mass Media - El 11s - La Iss y Don Pettit - El Sol y Más // Hangout // Parte_3,Iru Landucci // Nur para todos // Tierra Plana,Science & Technology,25122,727,50
ZGADrt5hhwM,CNN Split Screen Interview in SAME Parking Lot,David Pakman Show,News & Politics,115267,719,74
9XuOBJSpSaA,I Just Went Down   Says Woman Shot In Las Vegas Massacre,The Dr. Phil Show,Entertainment,49545,710,35
hOJus5EjZ9w,CNN FALLOUT: Dan Page FIRED after Black Child Expose,The Black Child,People & Blogs,76367,680,75
vEQgeWhSxV8,Alumni to shooting survivors: We are with you,CNN,News & Politics,28134,604,168
Nn3a7Afi4z8,French and German Intelligence Services Knew Paris Attack Was Coming a Month Ago,Spiro,News & Politics,50950,516,42
iLXIj_IfmGY,Parkland Survivor Sam Zeif: We Are Going To Win This Fight | The 11th Hour | MSNBC,MSNBC,News & Politics,19067,414,46
vONwOK6FGXA,[NEW] New Evidence that the police have completely missed - Las vegas shooting,News hot,News & Politics,42636,409,34
3KCbgITbNgI,Las Vegas false flag PROOF!! Why do Americans keep falling for CIA sponsored false flags!,KASLOE THE PSYCHOE,Gaming,47754,399,149
8MlBPcCn0tk,Completing the Puzzle of the Oct 1 False Flag,Victurus Libertas VL,Entertainment,11726,370,19
wfZz3crpfPg,WAR ROOM: ROGER STONE  Deep State Prepares For Fall Of Hillary Clinton - ALEX JONES INFOWARS,INFO WARS NEWS,Entertainment,6860,328,8
KYGwHmqgYo8,Alex Jones (1st HOUR) Wednesday 2/21/18: Milo News  Current Issues & Analysis,Ron Gibson,News & Politics,23609,312,34
C3P5YlVsPWE,Versus Debates  The Right to Bear Arms is a Freedom Too Far,versusdebates,News & Politics,57351,305,64
9VWCnKfq14I,Dr Steve Pieczenik & ALEX JONES Roger Stone The Infowar Goes Nuclear October 30 2017,Dr Steve Pieczenik 2017,Science & Technology,10401,289,9
LVcQNUqehQ0,Sandy Hook - Debunking the Debunkers,Insanemedia,News & Politics,19421,251,92
ZW-cWDRFpOA,Survivors of the Parkland school shooting demand change,ABC News,News & Politics,17828,211,193
WNwkR7ZQaow,BAD FBI LEADERS  8 ROWS DEEP! NOT JUST McCABE! - ALEX JONES INFOWARS,INFO WARS NEWS,Entertainment,2843,200,3
DpDRhTfoDUQ,Grenfell Tower Fire-,MoviesEverywhere,People & Blogs,97703,200,50
pkH-Qd6mGGE,Spirit Phone final songs vs early snippets comparison,smurfparty,Entertainment,4867,192,0
-etbIdOx9K8,"JEROME CORSI #QAnon ANALYSIS (2-22-18) (pt-2) QAnon NEWS! - ALEX JONES INFOWARS",INFO WARS NEWS,Entertainment,3824,184,5
ML6r3IesuOw,Alex Jones (2nd HOUR) Wednesday 2/21/18: Milo  Laura Loomer  News  Current Issues & Analysis,Ron Gibson,News & Politics,12049,179,11
rvjTwoqhLmU,Fly Lands On Hillary Clinton s Face At Debate!,ExplorerOne,Comedy,11820,176,7
uXd25TaeHzw,Reply to Cod3d Notes - Montagraph,Defango,People & Blogs,4466,164,13
ZXeu-WV5uAk,Internazionale - The Pale And The Colourful (Full Album) |Posh Isolation],Vincent Glandier,People & Blogs,6969,151,1
ycHtb9VRMvg,Nancy Kerrigan is an ass,Kaitlin Malick,Entertainment,40739,133,35
radQUZ866oA,Rush Limbaugh Video Friday- February 2 2018,Tish Dixon - Rush Limbaugh,People & Blogs,7190,133,7
Ld9S-mMFxRA,Hugh Hewitt: “Emotion Doesn’t Drive Legislation  Persuasion Does.” | Velshi & Ruhle | MSNBC,MSNBC,News & Politics,15558,126,22
GgQUFXcIKNM,MILO: LAURA LOOMER  TROLLED! - ALEX JONES INFOWARS,INFO WARS NEWS,Entertainment,1783,117,6
7MZEIA2Nf9Y,Why I m Suing Medium for Civil Rights Violations (Unruh Act),OpenMind,News & Politics,1791,115,5
4WiPBMf017M,US Admits Using Depleted Uranium in Syria,Jason Unruhe,News & Politics,942,110,3
xFPOwTMybaA,Pizzagate Disturbing testimony from a former Satanist.,Ummah Is In A Coma. WAKE UP Now,People & Blogs,8161,107,7
KP72pFKnhWs,LONDON FIRE man witness s jumpers  TELLS CAUSE OF FIRE,UNIROCK,Entertainment,54268,100,27
8-g-4aOyMfQ,News Headlines for Feb. 20th  2018,Jason Unruhe,News & Politics,966,96,1
U-tm3bDAoDE,Duping delight- Diane Downs,Ruby Dussek,People & Blogs,42186,95,4
N6_WjNo2dVQ,My time in a maximum security prison.,Sage Wanderer,Autos & Vehicles,1034,84,3
3aGvICLyDh0,Fake UN Tears over Iran Plane Crash,Jason Unruhe,News & Politics,895,78,4
0mzNxWzB-yw,Not Who They Say They Are-Actors are the Politicians...,Chris Reynolds Tattoo,People & Blogs,5189,72,7
dhIl8HCuqs8,Antifa chants...  Gas the rich!  U of W protests in Seattle 2-10-18,Sage Wanderer,People & Blogs,1027,70,2
uYyhDcZEVbQ,9/11 Fake Stories And Actors,911InvestigationVids,News & Politics,16546,66,9
Gkpzx20BlOA,FAKE NEWS Noticias fabricadas y actores de crisis nº 1 - Los astronautas del Challenger resucitan,Desmontando a Babylon,Science & Technology,4616,61,11
Ns2Ov4D_YLs,Terror Attack In Tribeca  New York City—REAL VS FAKE NEWS | What s Trending Now!,What s Trending,Entertainment,5172,56,34
OK0WTRjFC-Y,Breaking! Active School Shooter in Washington,Sage Wanderer,Autos & Vehicles,1172,55,0
K5ullSA4X1g,Exposing : HAARP  Geoengineering  Agenda 21  Weather Weapons  Depopulation plans  Chemtrails  NWO,VeilLifter,Education,2722,51,0
JMmuQlFHEjo,Mandela Effect: Live With Lone & Angela: Islands of the Atlantic Ocean: Chat Along!!!,Lone Eagle,People & Blogs,492,50,1
qgAzZwKz7cA,Manchester Bombing Fake Funeral,Davy,Education,4082,47,12
vu0gh0l1DeA,(Mirrored) Westminster & London Bridge Attacks Married Together,ObeLines,People & Blogs,652,40,1
hUFE76-403s,TTIP Documentary: EU & US Secret Trade Agreement Exposed,Young Philosopher,Education,1838,34,3
jpSwgdo9mo4,Is Roy Larner Legit? Phoning Black and Blue about CCTV Footage of June 3rd,ObeLines,Education,808,29,3
Lof29AG4FFs,Kearnsy74 s channel shut down again for WrongThink,Hocus Focus 911,Education,433,26,0
NwchTt0ZKTs,The most amazing chemtrails I ve ever seen!,ReinhardvonHolst,Nonprofits & Activism,1141,26,1
VT8pa7_Y9Gw,Stop screwing around with my sky! July 11 2015,ReinhardvonHolst,Nonprofits & Activism,397,24,1
z5h2mai3Qgc,See Melania Trump s reaction after Trump s second scandal 😱,Artnewsive,News & Politics,7494,23,5
fWvLQLCr1oQ,Nikolas Cruz ALIBI CONFIRMED / Multiple Shooters  Secret Service @ School Month Before Shooting,Jason Liberty,People & Blogs,748,22,0
mJ-8dWK1xbg,Demons Amoung Us?,GLOP GodlovesOurPassion,People & Blogs,278,22,0
Fr537iwaNB8,FDA -Satanic bureaucrats - EXPOSED- dr Burzinsky cures cancer and government hates it!!!,VeilLifter,Education,157,22,0
oIALzGRKdv0,Jason Vale  man who cured he s cancer with apricot kernels  but ended up in jail for that,VeilLifter,Education,398,22,0
7MLK63vjxuE,Olivia Campbell s Parents to Wed! Raise a glass of SHAMpagne!,ObeLines,Education,372,20,0
Uo-buwrz4xk,Fake news and TROLLS!! Part 2 let try this again!,GLOP GodlovesOurPassion,People & Blogs,148,20,0
PH2otsQDMTs,NASA  Houston here  We have a billion dollar problem!,LacyBC71,People & Blogs,132,19,2
p1gZN8Jg9dc,Michael Enright s Cameo Appearance in ISIS Propaganda Video,ObeLines,Education,488,17,7
k7OmIRbym8E,Patrick Swayze and Cancer another celebrity death,VeilLifter,Education,266,13,1
eNoJ6omdN_Y,London 22/3 Inspecting the footage 1st Live Stream Attempt,ObeLines,People & Blogs,256,12,1
XHdj6WPwEzc,A Random Act of Kindness July 2015,ReinhardvonHolst,Nonprofits & Activism,561,11,0
Uo775JRG7EE,After Florida Shooting  Threats Against Schools Soar,CBS Los Angeles,News & Politics,284,10,2
x4PXXvwrjgQ,Former NFL Player Hospitalized After Making Apparent Social Media Threat,CBS Los Angeles,News & Politics,3408,9,16
jARnS8bX0EA,ObeLIVE Roy Larner is Still a Fraud! And other Interesting Points,ObeLines,People & Blogs,373,9,0
qrjHQQ5OdXY,YAHAWASHI CAME FROM THE SEED OF DAVID SO CUT THE VIRIGIN BIRTH BS!!!,MenofValorSouthCarolina,Education,171,9,3
3HnECEuOgF8,It s been a while... [2017] In His Grace 🍁🌹🌻,In His Grace,Travel & Events,45,8,0
mU1Xyeg6xcs,From Ghost Hunters to Christianity: A Testimony [2018]🌹🍁🌷,In His Grace,Education,38,8,0
B9LOyi8fvYc,Home Invasion Suspect Sought In Santa Monica Knife Attack,CBS Los Angeles,News & Politics,158,7,0
xLsu4PPOt4A,Thank you for watching.... [2017] In His Grace 🌷🌹🍁,In His Grace,Entertainment,72,6,0
nktGBFJ23M0,Mammatus clouds? Update: they are Undulatus asperatus or agitated wave clouds,ReinhardvonHolst,Nonprofits & Activism,274,6,2
apLdpDfVoCk,Hurricanes and tornados [2017] In His Grace 🌸🌹🌻,In His Grace,Travel & Events,46,5,0
aVmDkSLmUXU,Stockholm Truck attack Oddities in pictures.. You decide..,WTFworld,News & Politics,106,5,0
ZoUxGrC64xs,Real Estate Developer Accused Of Pay-To-Play Scheme,CBS Los Angeles,News & Politics,147,4,2
dI5EdgI19aA,A Brief Message • Who Rules the World? [2018] 🌸🌹🌷,In His Grace,Education,49,4,0
xfiByQwjCLo,Targeted individual Threatened again by police for speaking or talking Blowing the whistle,Raise a Little AL,People & Blogs,71,4,0
H1IbM-G0g-Y,No cookie is safe [2017] In His Grace 🌹🍁🌺,In His Grace,Education,52,3,0
GCJ6li0SA54,Thumb Chuck Cat Trick Challenge,WTFworld,News & Politics,79,3,0
LclPsRW9xmM,Marcus Peters Now Burdened with the Question of What Went Wrong in Kansas City,Artnewsive,News & Politics,13,2,0
QwPcE8EByf8,Sleep Paralysis - there is a cure ● MIRROR [2017] 🌹🌷🍃,In His Grace,Education,32,2,0
Mu3WOtJrMt8,2018 Winter Olympics: Ester Ledecka adds gold in snowboard to gold on skis,Aban Famous News,Entertainment,107,2,0
t9gcdf4ZjR4,Dolor - Gun City - full album (2016),PB Chanel 1,Music,9,1,0
fzfrkMmIjD4,Targeted individual from P.A Sask Message to family and friends,Raise a Little AL,People & Blogs,46,1,1
Bw4qGPzyxIM,Blizzard dont care about palestine....Just profit,SuperEarther,Nonprofits & Activism,19,1,0
iFzax3H0zHs,Flashback: Media Asks 6 Soldiers About Trump Trans Ban  Get 5 Answers They Hate,News Now TV,News & Politics,34,0,0
EBbMPK2DLdg,Warfare - Truth or Territory (book by Jim Osman) [2017] In His Grace 🌷🌹🍁,In His Grace,Education,46,0,0
k4c19KgTS7w,Ex-NFL player Jonathan Martin taken into custody in connection with Instagram post that closed Harv,news news,News & Politics,1,0,0
nBqST7Y5-E8,Big pharma and the pill industry exposed part 1,Raise a Little AL,People & Blogs,31,0,0
76-Pjph1k18,ISRAELI-US MILITARY EXERCISE  JUNIPER COBRA  2018 (WW3 COMING!!!!),MenofValorSouthCarolina,Education,9,0,0
L-zWOhmkFyQ,Can’t put new wine in a old bottle PRINCEOFPOWER,MenofValorSouthCarolina,Education,4,0,0
iT44PLibDXM,Targeted individual from P.A Sask Message about our media & than some,Raise a Little AL,People & Blogs,29,0,0
aZHqPByrT_E,COMEDY: MSNBC Host Claims Obama Didn’t Have A Network Distorting The Truth For Him,News Now TV,News & Politics,15,0,0
QZEebNkiPOI,Trump Latex Prosthetic NOSE & Skin WARDROBE MALFUNCTION! IT S FAKE!,Apostle Laura Lee - Church of Philadelphia,Education,13886,,
1neQGQOId7o,What is ORGANIZATIONAL FOUNDER? What does ORGANIZATIONAL FOUNDER mean?,The Audiopedia,Education,1,,
_aorOlSFx8U,What is NET ECONOMIC WELFARE? What does NET ECONOMIC WELFARE mean? NET ECONOMIC WELFARE meaning,The Audiopedia,Education,1,,
Gt3bdLV6Xtw,What is LEGITIMATE EXPECTATION? What does LEGITIMATE EXPECTATION mean?,The Audiopedia,Education,2,,
D3740zJLPXM,What is HISTORICAL FIGURE? What does HISTORICAL FIGURE mean? HISTORICAL FIGURE meaning,The Audiopedia,Education,1,,
zG645ub_uBA,What is TESTIMATOR? What does TESTIMATOR mean? TESTIMATOR meaning  definition & explanation,The Audiopedia,Education,4,,
ptxklZcMOfc,What is SHUTTLE VALVE? What does SHUTTLE VALVE mean? SHUTTLE VALVE meaning & explanation,The Audiopedia,Education,3,,
auIckrkZ2O4,What is WORLD MUSIC? What does WORLD MUSIC mean? WORLD MUSIC meaning  definition & explanation,The Audiopedia,Education,2,,
gRB80_3XGTQ,What is MEAN-PRESERVING SPREAD? What does MEAN-PRESERVING SPREAD mean?,The Audiopedia,Education,0,,
rONtfSsg_ts,What is ORGANIZATIONAL CHANGE FATIGUE? What does ORGANIZATIONAL CHANGE FATIGUE mean?,The Audiopedia,Education,0,,
q9VQUZ67Ulc,NWO AGENDA 21 CONSPIRACY MAKE PEOPLE HOMELESS SO YOU CAN CONTROL THEM,Honest News Network,Education,3832,,
tucsCCokdQ8,THE DARK WEB,shane,People & Blogs,4235875,241661,1613
_3l8idr9QFE,CONSPIRACY THEORY - THE MANDELA EFFECT,shane,People & Blogs,6082031,235750,3418
WzYD5b-B5ZY,Judge Freaks Out in Court:  I Hope You Die in Prison!,Above Science,Film & Animation,35611362,148421,7303
aRQLU3IwNYs,Stephen Helps President Obama Polish His Résumé,The Late Show with Stephen Colbert,Entertainment,8715104,101135,3341
KlA_YXDm9bg,Things you re doing wrong every day: everything.,Maddox,Comedy,2772285,61481,9753
y8HTr-F-FVM,JFK - The Speech That Killed Him,EuropeanWatchman2,News & Politics,4084074,47140,1210
VSuD7gMQ0x4,John Oliver: The Don Jr. Scandal Is Something (If Something Means Anything),The Late Show with Stephen Colbert,Entertainment,5305863,45460,2179
FWZ4HPAdTew,Steven Seagal: If The Truth Came Out  Obama Would Be Impeached,The Western Journal,News & Politics,5062539,35975,4034
o4MEYz67iN0,Texas Church Massacre: What They re NOT Telling You,Paul Joseph Watson,News & Politics,522317,35278,606
wd_JwfXgFHk,Daniel Kaluuya:  Get Out  Shows How White People Say Weird Stuff,The Late Show with Stephen Colbert,Entertainment,1393603,27886,1259
OLxDnnTpgA0,Trevor Noah Was a Victim of Fake News,Late Night with Seth Meyers,Comedy,1315462,15732,312
06cG4Q5fT0k,LiveLeak - 9 11 Footage A Reporter Doing His Job,Funny LiveLeak Videos,Entertainment,1764635,12056,715
ah5UEXknxBM,This Is Why Most North Korean Defectors Are WOMEN,TheTalko,Entertainment,1447344,11083,2617
kMBtz-wNnAU,Joel Kinnaman: Scandinavians Hate Trump,The Late Show with Stephen Colbert,Entertainment,731889,8832,571
xyGUljrOe_o,Das Dear David Mysterium geht weiter! - Der Geisterjunge wird aggressiv!,CreepyPastaPunch,Entertainment,114190,7482,75
yyu-YVnLzX0,Der gruselige Dear David Geist! - Was steckt dahinter?,CreepyPastaPunch,Entertainment,122379,7266,79
H71iC3zQWlw,This video cannot be titled... just watch,Net4Truth USA,People & Blogs,432866,6736,556
1oiFhYl7kLM,David Maxim Micic / Who Bit the Moon / FULL ALBUM 2017,David Maxim Micic,Music,269813,6253,76
wIpwKZBAy1Y,The Ugly Truth About Puerto Rico Wanting U.S. Statehood,Stefan Molyneux,News & Politics,207339,5941,1732
kWQKRJ3oKIc,"#ReleaseTheMemo Explained: #DeepState Treachery That Will Blow Your Mind and Hasten the #Revolution",Lionel Nation,News & Politics,108183,5670,90
BVj--220on8,Fox News retracts story mocking Olympic diversity,CNN,News & Politics,319668,5326,776
UzTKRFZ3O4A,Hell on Earth has begun ORDO AB CHAO,RichieFromBoston,People & Blogs,72651,4516,112
UKnExDyuVqM,3 of Earth s Strangest Places | @ConspiracyStuff,Stuff They Don t Want You To Know - HowStuffWorks,Entertainment,432905,4312,282
-otJ1LJGzcc,Explanation of where the shooting took place on Las Vegas Strip,KTNV Channel 13 Las Vegas,News & Politics,1574451,4222,870
95XBOEXUrnQ,Do You Know What Started The California Fire Disaster,Think About It,News & Politics,203247,4042,413
9S9aSqax43Y,The truth in PLANE sight (2018 Documentary)Re-upload ✅,Dorje Daka,Education,200552,3922,509
NqB19wB1eVo,Lesbian Teacher FIRED,The Young Turks,News & Politics,142392,3792,544
nEzy-NzCIns,Dr. Steven Greer interviewed by the Health Ranger: The cosmic FALSE FLAG,TheHealthRanger,News & Politics,142073,3726,189
Ay420BlEtb8,Ann Curry says  verbal sexual  harassment was pervasive at NBC,CBS This Morning,News & Politics,565384,3686,1350
w3Er59fKTnw,Sandy Hook Truthers Harass Samaritan Hero,The Young Turks,News & Politics,88991,2879,1039
EoORDRkXdC8,CNN Caught Staging Fake News Scene At London Bridge Terror Attack,The Alex Jones Channel,News & Politics,80404,2627,116
Rr0zHleRzoc,Beware there is indeed an INFOWAR,RichieFromBoston,Comedy,38663,2434,122
N3lGc8qODgc,Kyle Kulinski: Another Lazy YouTuber,Myles Power,Science & Technology,45496,2246,2261
1eRFTHD2CTg,George Soros: Evil Zionist Puppet Master Exposed,Young Philosopher,Education,194712,2133,199
BlnZ6kVEKeM,Trump Responds To Florida Shooting  Faceplants  Plays Golf,David Pakman Show,News & Politics,50657,2010,44
YukKvggdJh4,ILLUMINATI MEDIA: The VIEW vs. Ben Carson/Trump,The Black Child,People & Blogs,145385,1997,262
JTByEDUexQQ,"Critical Facts Regarding the #FloridaSchoolShooting the #DeepState Media Are Distorting and Hiding",Lionel Nation,News & Politics,27409,1950,35
woWUkl4k1Gc,The Manchester Attack - A Timeline Of Footage From The First 24 Minutes [watch on a mobile],BBC Three,Entertainment,171853,1887,118
n-aWGbGpatI,Sandy Hook Rehearsal Video Leaked,nikki sixx,News & Politics,983847,1805,706
0qCLM4Oz9pA,Irrefutable Evidence Ensures 9/11 Was False Flag Operation,NRUN65,Education,313604,1783,228
AMsLSXYkFNY,Maddox Election Live Stream,Maddox,Comedy,142680,1528,695
Lg-uEkamB8k,Mom learns fate of daughter after Manchester bombing,CBS This Morning,News & Politics,228770,1435,160
n_yVEiRrduw,Raw: Video of first moment of Las Vegas shooting,Colorado Springs Gazette,News & Politics,1242989,1392,324
2KYcgjUPPSY,ISIS = MOSSAD (Israeli Secret Intelligence Service) - 100% PROOF,Trust No Man,Nonprofits & Activism,89685,1392,280
AV3KMCJO5Jc,"CNN s greatest  Fake news  Compilation #FakeNews #CNN",The Outer Light,People & Blogs,65030,1359,50
I1tScojahCQ,"Lionel on CrossTalk Brutally Destroys Sexual Predator #HarveyWeinstein and Hypocritical Hollyweird",Lionel Nation,News & Politics,26488,1179,16
SVROnobPIpE,Spirits Aliens Are Demons And Demonic New Age Deceptions!,Icelandic Watchman,Film & Animation,195290,1112,211
4ml6r7cuKe8,Debunking 9/11 Conspiracy Theorists,Myles Power,Science & Technology,24237,972,148
nwSeZxd7oxw,Watch Chris Rock Explain How Trump Can Lead To The Next Obama | The Beat With Ari Melber | MSNBC,MSNBC,News & Politics,59143,953,63
zZC_QDM9UbE,LONDON BRIDGE IS FALLING DOWN!!!,TruthUnveiled777,Entertainment,42545,905,129
-WoL1tsN-Qo,CHALLENGER CREW ALIVE? EXPLOSION CHANGED? MANDELA EFFECT HIT or Hoax,Barnone11970,News & Politics,74818,709,253
Feip4eZx6Uk,Omar Mateen s Troubled Past,ABC News,News & Politics,144592,672,150
muSZAkZMv4g,Is This Justin Bieber s Illuminati Handler?,pocketsofthefuture,Howto & Style,60819,665,62
ANfWOBN_LVA,Paris attacks survivor:  we won t live in a world of fear,Channel 4 News,News & Politics,136787,655,203
iLSUwzq_994,What Happened at Orlando Shooting - Jim Fetzer,Freeman Fly,News & Politics,57971,638,40
_n659xWQB_8,YouTube s Days Are Numbered - D.Tube Is THE Blockchain Solution To Censorship!,Press For Truth,News & Politics,8534,629,18
_EE0ShTQh2s,Manchester victim s family recall night she died,ITV News,News & Politics,72726,591,107
Fvxf7JuXI_0,SMOKING GUNS Charlottesville Mom turns into Sandy Hook Mom,Samantha Masters,Entertainment,36173,587,39
umjKcxCg9dU,Gutfeld on the Texas church shooting,Fox News,News & Politics,38340,584,184
kDc1WYmaYlU,Gavin McInnes And Infowars Demolishing Obama Portrait,OpenMind,News & Politics,19482,561,15
mVQhAsMYVoQ,Top Ten Myles Power F**k-Ups,Myles Power,Science & Technology,7266,557,11
WHB1_IXw9_0,Top Analyst Thinks San Bernardino Massacre was False Flag,The Alex Jones Channel,News & Politics,75639,546,93
kvovk4vRnNY,Directo / Geo Ingenieria / 5g / Chemtrails / 11-s / Temas Varios / Parte 2/2,Iru Landucci // Nur para todos // Tierra Plana,Science & Technology,16671,531,30
BWsbyH2Wa0E,Official Claims DHS Involved in Sandy Hook,The Alex Jones Channel,News & Politics,46487,524,32
6aK0P-WxjU8,The Ultimate Sandy Hook Debate As The 2nd Anniversary Looms,The Alex Jones Channel,News & Politics,80393,498,74
xo9M1o6XdtQ,Full Show - Was Paris Attack a False Flag? - 11/16/2015,The Alex Jones Channel,News & Politics,72567,440,121
0MPecnHgjUs,JIM FETZER  THE REAL DEAL  Moon Landing Hoax with Dennis Cimino,Gus Chambers,News & Politics,59933,440,61
5mQodvHg6HA,Super Bowl False Flag? Qanon and Superb Owl,Defango,People & Blogs,26115,419,26
E0NrY1iiAlE,Grenfell Tower fire: Tortured screams leave Queen shaken,The Royal Family Channel,News & Politics,95341,386,48
RkaWXmKMH4s,Trevor Noah ZUMA MUST GO WHITE MARCH NEW FULL EPISOD,Lethukuthula Zikhali,People & Blogs,51472,384,23
O9TXnfMaePQ,Duping Delight  Lying and Manipulative Body Language How to Detect In Others,The Dialogue,Entertainment,15291,359,8
YT3rSPTE8jQ,Warning Order To Vets On Jade Helm Developments,roypotterqa,News & Politics,40059,342,22
RQfEzIVburE,Coexist In Bible Prophecy - Coming One World Religion,Shaking My Head Productions,People & Blogs,7441,332,22
q4gxgiLHXg8,What They Don t Want You to Know About the Las Vegas Shooting False Flag  w. Ole Dammegard,The System is Down,Entertainment,43836,326,34
B-UGNLZD8do,LAS VEGAS MASSAKER ANALYSE | 04. 10. 2017,ClusterVisionMach2,Nonprofits & Activism,13560,322,29
JrM-HUytmlM,911 HARLEY GUY ACTOR MARK HUMPHREY ANSWERS YOUR QUESTIONS,911Nephilim,Nonprofits & Activism,81143,255,89
bBYaXyXqn-0,Tesla Death Ray. Most frightening night of my life.,Sage Wanderer,People & Blogs,4229,224,12
5XMtU5T3CkM,TYT - 01.19.18: Opioid Crisis  Carl Higbie  and Tom Cotton,TYT Shows,News & Politics,25793,216,15
Uvk4HlE08X4,ISIS: Israeli Secret Intelligence Service - Covert Group of Zionist Mossad,Young Philosopher,Education,14770,212,26
OQQLhOn3S4U,"Injured victim in #Manchester bombing. *GRAPHIC* 02/22/2017",iBankCoin.com,News & Politics,121136,211,44
l1Y9pmHWYYg,London Tower Fire: Conspiracy?,L33T GUY,Entertainment,37471,211,31
aNLCrwqfwTk,You Could Hear People Screaming in Pain  Grenfell Tower Fire Witness | Good Morning Britain,Good Morning Britain,Entertainment,107140,208,62
b8eKNAnoAOE,Documentary: Real Reason UK Voted Brexit (Leave) in EU Referendum,Young Philosopher,Education,20979,181,35
7CpwulK_ACU,Sandy Hook psyop - Gene Rosen  speaking in code,TheKimrob,Education,35494,170,59
RhOO4RiNF44,JEROME CORSI: TODAY on WAR ROOM! - ALEX JONES INFOWARS,INFO WARS NEWS,Entertainment,2485,163,3
rmZ2vcDRUzI,Sheriff Mack A REAL Constitutionalist - ALEX JONES INFOWARS,INFO WARS NEWS,Entertainment,1692,152,1
EQQSvBMQUUk,Grenfell Tower: police consider corporate manslaughter as investigation begins,I Am Incorrigible,News & Politics,23147,147,18
pTxMzgrOU7M,London Bridge Attack False Flag Hoax (MIRROR),Xenozeraph420,People & Blogs,17500,146,30
ZgP9StX5-Fo,WILLIAM JASPER: EXPOSING MUELLER  CLINTONS CRIMES! - ALEX JONES INFOWARS,INFO WARS NEWS,Entertainment,2183,137,0
Rg3Pb7cswQ0,Grendel - Fall like Rome,Psyklon Industries,Music,6829,130,2
i5FdoSD4CYY,The All Seeing AI - Surveillance Nation In Action,Shaking My Head Productions,Science & Technology,4892,119,3
1UapKTNGhYo,Mini Rant Time?,SriLankerC,Education,1475,117,6
nQD2KkPCOcM,Revisiting the MANDELA EFFECT: Conspiracy  Phenomenon or Psyop?,ExplorerOne,Education,3563,117,21
9xAfnc00Ppw,MANDALAY BAY Victim s Facebook Pages VERY ODD,Break The Matrix 4all,Film & Animation,6169,115,7
715cZh3LlOE,...Is parliament running scared?,SriLankerC,Education,1615,112,3
1G8LoUk-bf8,Sandy Hook ACTOR David Wheeler Busted Playing 2 Roles,Thou Art Shark,People & Blogs,9183,110,10
57VgNNc2w0M,Could not stop! did i have to have a little rant?,SriLankerC,Education,965,98,10
LM72dQ_UBRI,Digital Update: MSDHS Junior Alfonso Calderon:  This Is More Than Just Parkland  It s About Human Li,CBS Miami,News & Politics,5990,98,11
hONzrFhAYj4,J4k 2018  Crisis Actors  Faceoff!,"#TeamRebel REBELAH",People & Blogs,1452,96,9
yoZLi4qCSMs,TYT - 02.09.18: Olympics  Alt-Right Terrorism  Neo-Nazi Police Team Up  and Kellyanne’s...,TYT Shows,News & Politics,3334,87,9
sbZEPKDbNgE,TYT - 02.16.18: FBI Parkland Shooter  National Enquirer  and Parkland Victim’s Mom,TYT Shows,News & Politics,3728,86,4
daY2ZhBwOa4,Is this the crack to end all CRACKS?,SriLankerC,Education,944,82,3
9l5R9bHQCDk,TYT - 02.23.18: Laura Moser  Revenge Porn Governor  and Emotional Support Pets,TYT Shows,News & Politics,1825,63,4
eOFKwgu78o4,Why is the florida school shooting not a hoax?,PureTruth1000,People & Blogs,7000,62,35
sbKFykLiS8g,...The KaK & M@C Show: DRUGS FORCED ON KIDS? Could you have knocked me over with a feather?,SriLankerC,Education,693,62,5
tucMQWdLk0M,Has Trump been attacked for telling the truth?,SriLankerC,Education,716,60,7
0cnSy2mfCsA,Exclusive First Interview with Freedom Fighter Dean Clifford After Three Year Incarceration,Kill The State Live Free,Entertainment,2459,58,4
p2VyAHNW5pA,Prince William Visits Manchester Police  Duping Delight Crisis Actors,Johnny Supertramp 3,News & Politics,1849,56,4
PPN1bOL_its,"Russianvids Live Stream #1 - 2017",Louis Davis,Science & Technology,3642,56,3
K1UFcDdiNSk,Bill hicks  (censored) David Letterman appearance,PAYDAY MONSANTO,Nonprofits & Activism,1338,55,5
0hYmmHC5RBE,The KaK & M@C Show is slavery alive & well?,SriLankerC,Education,610,54,1
Rwy392JiXBs,Grenfell Fire Shocking New Details HD Video Close Ups,mental_boost,People & Blogs,20937,53,39
wdWaMZ5DueY,Las Vegas  Massacre  FAKE Victim Stacee Etcheber 3 - BIG STORY and MORE PROOF,NowTheTruthTV-15,People & Blogs,7294,52,27
uA7gsghDxBs,TSL Judges the 1994 Olympic Ladies  Free Program,TheSkatingLesson,Sports,4905,48,8
AM9lfa5tTOI,Las Vegas Shooting Doc Called In for a Mass Casualty DRILL,NowTheTruthTV-15,People & Blogs,1745,46,3
cwg57hxvK_4,Russianvids - Buzz Aldrin Fake Twitter Confession,Zack Greevey,News & Politics,1029,46,2
Z1S69ogQ_Xo,CNN Knew This Event Happened Before The Teachers! SAY WHAT!!,GLOP GodlovesOurPassion,People & Blogs,404,45,4
FbaB3NY1ovg,Tonya Harding & Nancy Kerrigan Saga  Part 11 (Final Part),3Axel1996,Sports,43024,45,9
eZ1NPgW6FaI,✳️ If You Believe this is real as an ADULT you have been successfully INDOCTRINATED,Martin D Metdubbelss,Nonprofits & Activism,445,40,1
RkVEUEj8hmg,Washington College false alarm.,Sage Wanderer,Autos & Vehicles,623,39,2
yXs-45UsTjA,Marina Oswald duping delight,Snabelsko,People & Blogs,7150,38,3
hMvmvjl687s,QAnon Something BIG 24 SUSPECTS  Wikileaks  Soros  Podesta  Las Vegas  Weiner,tomcat8153,Education,3167,38,1
80Xn4WMDvvI,NASA Green Screen Glitch Explained,Sleeping Apples,Comedy,2275,37,6
wiyWDLqLI1o,Noticias fabricadas y actores de crisis Nº 4 Masacre 49 muertos en el club Pulse de Orlando 2,Desmontando a Babylon,Science & Technology,2823,36,1
k7trEw1BbGs,Leaked Panama Papers on Mossack Fonseca. Corruption Beyond Tax Havens,Young Philosopher,News & Politics,1674,33,3
-PXEqknsEaA,Russianvids - Hollywood Producer Kenneth Johnson Knows The Earth Is Flat,Zack Greevey,News & Politics,1222,32,1
VcfEDVgVbG0,More evidence Las Vegas shooting was a false flag!,False Flag Network,Science & Technology,2420,28,5
c0f_PFYB524,(WW3) Syria shoots down Israeli F-16 jet  pilots eject: Latest updates,MenofValorSouthCarolina,Education,439,20,0
RnyRUFq2eXQ,Fake X Lying on National TV.. AGAIN...,Martin D Metdubbelss,Nonprofits & Activism,270,19,2
3kxYmxiYc68,Apricot kernels can save your life  Vitamin b17  Cancer cure - you need to watch it !,VeilLifter,Education,351,17,1
d7GGtciyMp8,Monsanto; You Reap what you Sow. By The UK Resistance.,ObeLines,Education,222,16,0
aH5aoqEP6Yk,Targeted Individuals Gang Stalking RADIATION BONE SHRINKING SKIN DESTROYING TECHNOLOGY BY NEIGHBORS,False Flag Set Up,People & Blogs,367,16,3
R-jEPh5E6fk,Is Pennsylvania cop killer Eric Frein playing games with the police?,CBS This Morning,News & Politics,7293,16,2
4Q9N-qHf0As,Why Las Vegas shooting was a false flag!,False Flag Network,Science & Technology,3471,13,11
11w33sOEW6k,Targeted Individuals Gang Stalking TAKING A BREAK 4 NOW -- EMAIL ANYTIME,False Flag Set Up,People & Blogs,291,12,5
QdgjN_q3uuo,Targeted Individuals Gang Stalking RED TRUCK STALKER,False Flag Set Up,People & Blogs,283,12,5
JCECH2q12sw,Theresa may LIAR,SuperEarther,Nonprofits & Activism,380,12,0
dbVjEkDd568,Targeted Individuals Gang Stalking PROOF OF NEIGHBORHOOD WATCH ORGANIZED HARASSMENT,False Flag Set Up,People & Blogs,272,11,5
PwA367aKkKs,Gang Stalking HEADS OF NEIGHBORHOOD WATCH SAN LEANDRO DUTTON ST CORNER HOUSE KIP  MARYLIN & HALEY,False Flag Set Up,People & Blogs,165,10,7
6wWkAw5q7QQ,Donald Trump pt4 Micro expressions: Duping Delight and Rapid Blinking,Donald Trump Uncensored,People & Blogs,2071,10,8
VLQ1LQZHtU0,Kent Hovind speaks about apricot kernels  Gods medicine  apricot kernels  vitamin b17 cures cancer,VeilLifter,Education,156,10,0
flCq32EyOiw,Mind Control Master Walt Disney and Nazi Wernher von Braun prepare the Space Hoax 1955,Sleeping Apples,Comedy,711,10,3
hGcmxRK6lBs,Targeted Individuals Gang Stalking MORE PRIVACY HARASSMENT BY THE RED TRUCK STALKER COWARD,False Flag Set Up,People & Blogs,198,9,7
yyf1rwXqinA,I say give teachers the tools they need to protect themselves,GLOP GodlovesOurPassion,People & Blogs,33,8,0
L1Y_iqrc2Pk,A VERY IMPORTANT MESSAGE -- PLEASE WATCH AND LISTEN,False Flag Set Up,People & Blogs,197,8,5
RmsoDvcmcRQ,Targeted Individuals Gang Stalking STANFORD REASERSH NEIGHBORHOOD WATCH,False Flag Set Up,People & Blogs,138,8,1
rTNgPff0kJM,BREAK THE MATRIX LIVE!,LacyBC71,People & Blogs,56,7,1
73t4gTvbRLY,Targeted Individuals Gang Stalking VIDEOING WORKS  apparently.,False Flag Set Up,People & Blogs,149,7,3
wDqY7OzBdLs,MORE INSANE HAPPENINGS TODAY,False Flag Set Up,People & Blogs,97,6,5
Kif0qLfbGKw,GCHQ MI5 NONCE RING UNDENIABLE PROOF,SuperEarther,Nonprofits & Activism,107,6,5
tqSbysjwbOg,The PSYCHOPATHIC SICK HEADS OF NEIGHBORHOOD WATCH AND THEIR RADIATION SHENANIGANS,False Flag Set Up,People & Blogs,102,6,4
3Wp4-mihbdw,Targeted Individuals Gang Stalking NEIGHBORHOOD WATCH  LEADER  KIP & WIFE STILL AT IT,False Flag Set Up,People & Blogs,113,6,7
_g8VlfNkWQI,this didnt render with the previous one :O,Martin D Metdubbelss,Nonprofits & Activism,60,5,0
NDyu2LVB1Ew,RED ALERT GOOGLE HELPS PAEDOPHILES,SuperEarther,Nonprofits & Activism,64,5,2
jBvxjkjfGjg,Loretta Lynch Meets with Bill Clinton in Private,Don Parker,Education,30,5,0
hpv0jVq57HA,Video testimonial for Instant Sourcing from David Hogg of Horizon Imaging,Horizon Imaging,People & Blogs,1760,5,2
od-TLqHz_yA,WW3: Is Russia building a  doomsday  torpedo?,MenofValorSouthCarolina,Education,168,4,0
QfhYZNh7wSE,The Tories know hollie greig was abused,SuperEarther,Nonprofits & Activism,69,4,1
niC2xuzo0FY,Red alert - Israel arresting anyone who opposes them,SuperEarther,Nonprofits & Activism,55,4,1
O1Agx6wV-hw,The met and police Scotland  paedophile enablers,SuperEarther,Nonprofits & Activism,118,3,2
37iWzd5WcJc,Obama  wants to know everything  ( FBI texts),Don Parker,Education,19,3,0
OrjOw2SeG2c,Disgraced Lindsey Vonn Just Threatened Trump After Being DENIED WH Visit After HUGE Loss,News Now TV,News & Politics,10,3,0
I00QpngyUiA,Two More Senior FBI Officials have Resigned,Don Parker,Education,57,3,0
iXI-C0mFIAY,Rihanna Turns 30: Inside Her Private Romance With Hassan Jameel,Artnewsive,News & Politics,136,2,0
4S-BCcXZgTw,Game of War  the russians,fastcloudcom pc gaming,Gaming,27,2,0
uWskW0evbRk,Clintons and Foundation to benefit from Uranium One deal,Don Parker,Education,12,2,1
TOH3Fu7-Dps,Duping Delight,Robyn Wyrick,Comedy,307,2,0
f1VdbvB69ik,BBC Claiming St Petersburg Metro Train Attack False Flag,WTFworld,News & Politics,230,2,1
OZXtZ68XWQk,Latest update from  wildlife refuge  Response to Ammon Bundy 01 30 16 8:00 pm,Mars Daniels,News & Politics,131,2,0
uDapCFezPJI,BREAKING From Florida: Gun Owners Being FORCED Against Their Will – NOT Going Well!,News Now TV,News & Politics,11,1,0
ZpzqcRNfe6k,Mirai Nagasu attempts to walk back shocking remarks after her poor Olympics performance,Aban Famous News,Entertainment,20,1,0
JB6tmyiWaeE,Olympics cheat sheet: USA figure skating had a historically bad week,Aban Famous News,Entertainment,13,1,0
6bjptIgkpUk,William Shatner Calls Out Texas Politician On Twitter,Aban Famous News,Entertainment,8,1,0
22iwRsiNTWE,Inevitably  Canada will treat our Olympic curlers’ failure as a national crisis,Aban Famous News,Entertainment,4,1,0
fZWu3CvuePY,(WW3) Trump s latest threats to fail as N Korea is months way from nuclear war  says expert,MenofValorSouthCarolina,Education,16,1,0
9oM3YII26sc,Mirai Nagasu unloads after Olympic flop  says free skate was audition for Dancing with the Stars,Aban Famous News,Entertainment,8,1,0
zjToeWB83Cs,Michael Steele says he doesn t accept Ian Walters  apology,TP Clips,News & Politics,351,1,0
vEVn_cu11Cw,How to setup hotspots wifi android,fastcloudcom pc gaming,Gaming,7,1,0
mr-hPARcqgg,Your next slaggy!,SuperEarther,Nonprofits & Activism,94,1,1
Y529ImQrWWk,Kissinger admits Isis weapons are government issue,SuperEarther,Nonprofits & Activism,39,1,0
AdCm4PUE1fw,Ping router using terminal android,fastcloudcom pc gaming,Gaming,29,1,0
3_G3kfYFFHk,Speedtest ziggo hotspots,fastcloudcom pc gaming,Gaming,17,1,0
Zmh4jQYNXRE,Live Stream Game of war BlackTrack1,fastcloudcom pc gaming,Gaming,13,1,0
qI5OkZk1U-Y,Game of War - Fire Age Stream 1milion gold for 5 dollar,fastcloudcom pc gaming,People & Blogs,32,1,0
KZ6cW3wjuUM,Which Duggars Are Democrats? Not Everyone In The Family May Be As Conservative As Fans Think,Aban Famous News,Entertainment,10,1,0
_Vh5fCMsrxA,Manchester false flag THE TRUTH,SuperEarther,Nonprofits & Activism,101,0,0
Lje7jh5BGDU,Prestigious U.S. colleges won t reject students who protest guns | News News,news news,News & Politics,4,0,0
PekNrZ9hOZc,Obama-Loving Prince Harry CRUSHED As ‘Racist’ Sends Anthrax To Trump-Hater Meghan Markle,News Now TV,News & Politics,1,0,0
lOTdTMOuMuc,Boom: Ted Cruz’s Brutal Hillary Joke Drops Jaws at CPAC,News Now TV,News & Politics,15,0,0
6eh_cYN7fLM,My  TSF Launcher Prime Stream,fastcloudcom pc gaming,Gaming,23,0,0
19JjIMoqtLQ,Game of War -kingdom inferno marathon pt5,fastcloudcom pc gaming,People & Blogs,8,0,0
whhRHMySMVc,U.S. ready to open Jerusalem embassy in May: State Department | News News,news news,News & Politics,1,0,0
DtBeOBjFRYg,New indictment alleges Manafort payments to former European politicians | News News,news news,News & Politics,0,0,0
R9VO92NNJb8,Game of War-inferno combo,fastcloudcom pc gaming,People & Blogs,234,0,0
Ysz5aygnTqo,Game of War -Kingdom inferno marathon event,fastcloudcom pc gaming,People & Blogs,39,0,0
ZAgdZqdOD-M,My Game of War - Fire Age Stream. Iferno combination,fastcloudcom pc gaming,People & Blogs,26,0,0
Xm9udv_KWQA,Game of War - 7th research inferno in kingdom event,fastcloudcom pc gaming,People & Blogs,18,0,0
8v_o8SYt320,A few Mom s that couldn t believe that the Doctors lie about Vaccines,Raise a Little AL,People & Blogs,13,0,0
tLVHHgGFlyA,My Game of War - Fire Age Stream,fastcloudcom pc gaming,People & Blogs,12,0,0
eDLEZHEOiGE,Terminally Ill Teen Dies Weeks After Fulfilling Last Wish to Marry His High School Sweetheart | New,news news,News & Politics,5,0,0
knnDJcswL_Y,CRISIS SOLUTIONS DO NOT WANT TO BE EXPOSED,SuperEarther,Nonprofits & Activism,3,0,0
zoP1Q7z78Q0,2018 Winter Olympic guests include Ivanka Trump  Pence  others | News News,news news,News & Politics,2,0,0
__VtvW2KJmc,"#VEGAS #PARLAND SCHOOL / WHO IS DAVID HOGG REALLY???",rocking news always,News & Politics,1984,,
a7ah9jJpM-I,Out Out - Fatal Flaw,Sanary Twink,Music,44,,
TcICe_phdVc,Deadly Injection - Hellspawn,Sanary Twink,Music,105,,
1ddqbluP4rs,RXmode - Liquid [BA053],Sanary Twink,Music,53,,
6wKVfXY2Fac,Benestrophe - Shall Not Want,Sanary Twink,Music,37,,
WkndXrjciuI,Dive - Nobody Else,Sanary Twink,Music,73,,
kEc4cmnmjBw,Deadly Injection - Black Gold (Extended Version),Sanary Twink,Music,65,,
tLsbW6FaGkE,SMP - I Waste You,Sanary Twink,Music,33,,
PzWHjnfUrmk,Does The Bible Tell Us Everything?,Tearstojoyministries.org,Music,12,,
cPe_nPpkyok,Why Are Some On Fire For JESUS While Others Are Not? Is There Hope?,Tearstojoyministries.org,Music,34,,
E3K7l25cj5Q,Have You Made Any Mistakes Lately? (I Sure Have),Tearstojoyministries.org,Music,29,,
jXhm9vU72cc,A General Talk About Doing Ministry Work & Demonic Attacks,Tearstojoyministries.org,Music,15,,
S6T8A0PsYwA,Did JESUS Create Lifeforms That Live Out In Space?,Tearstojoyministries.org,Music,13,,
AcNBXdhsCao,Look At How Sneaky This Demon Is! (A True Story Here),Tearstojoyministries.org,Music,42,,
N7h_MPWtifM,What is PHOTONIC METAMATERIAL? What does PHOTONIC METAMATERIAL mean? PHOTONIC METAMATERIAL meaning,The Audiopedia,Education,0,,
VSBjiuanVCg,Did You Just Get Some Really BAD News?,Tearstojoyministries.org,Music,37,,
3c63UqvixZI,What is WORLD PORT INDEX? What does WORLD PORT INDEX mean? WORLD PORT INDEX meaning,The Audiopedia,Education,1,,
x2yTM_7074Y,JFK Assassination:  The best word is the one a gun says,Jobert Jefford Paulson,News & Politics,5443,,
2LDzimgN8Ts,MAKEOVER FREAK OUT!,Gabbie Hanna,Howto & Style,4921545,149822,42023
-cfp_hS_a7g,The Manchester Bombing. What Now? Let s talk about Terror And The Response To It...,Philip DeFranco,Entertainment,1303869,91475,2180
8OtMq2s0TyM,Will Ferrell  Exotic Animal Expert,The Late Show with Stephen Colbert,Entertainment,10499718,81303,2250
O7FtjtF4gM0,MILO Leaves Australian Muslim Activist In Sobbing Heap,MILO,News & Politics,2235939,71768,4361
L34qSYmIsxU,Cop Rapes Woman in Courtroom,Gnostic Warrior,Education,26929365,48367,13477
TgA2y-Bgi3c,The Mystery That Keeps Neil deGrasse Tyson Up At Night,The Late Show with Stephen Colbert,Entertainment,1836686,34466,1356
5u_TFFGj7BI,Steve Harvey s Meltdown!,Steve TV Show,Entertainment,4196559,28418,1200
d3pUwvqkNWM,A Husband and Wife Who Kept the Same Shocking Secret from One Another | The Oprah Winfrey Show | OWN,OWN,Entertainment,9366883,27221,8405
4VhgRttiS7M,The  Master Race  Needs to Play It Cool: The Daily Show,The Daily Show with Trevor Noah,Comedy,1435652,25073,614
-Hx6uG8IqN4,10 Famous People TOO UGLY For Hollywood,TheRichest,Education,6094803,22960,11845
EsaHiIdsKpE,Melania Trump Gives Her Own State Of The Union,The Late Show with Stephen Colbert,Entertainment,2095173,19735,4683
w4-eJL1jjVQ,How to tell if you are vulnerable to CIA hacking tools,Maddox,Comedy,501027,15649,829
snViuRNT5Jk,SANDY HOOK TROOF?!,TJ Kirk,News & Politics,431034,15023,2546
8yMu3awarUw,Kimmel Audience Recreates North Korean Olympic Cheer,Jimmy Kimmel Live,Entertainment,818604,14000,1154
qwLWq5roN_k,Your alternate news site sucks,Maddox,Comedy,241891,10255,3800
qGcuCVn4rB0,FLU - Biological Warfare ATTACK!,StopTheCrime.net NEW,Education,243755,8777,311
vegjueV2nec,Wenn du rote Aufkleber auf deinem Briefkasten siehst  lauf weg! FEMA Camps Wahrheit!,CreepyPastaPunch,Entertainment,267708,8407,1547
awMdxKB5s1Y,Top 10 Things You Should Know About the REPTILIAN CONSPIRACY THEORY,TopTenz,Entertainment,698160,7112,794
TgRHLZZ6L1I,Diese Uhr darf niemals auf Mitternacht stehen! 2 Minuten vor Mitternacht!,CreepyPastaPunch,Entertainment,109533,7082,201
GLiavDa3N_E,Deshalb solltet ihr heute Nacht früher ins Bett gehen! Gruselige Folgen von Schlafentzug!,CreepyPastaPunch,Entertainment,105037,6742,222
2f37AwVa2Ck,Der Tag an dem die Kindheit starb! - Überraschend düstere Serienenden!,CreepyPastaPunch,Entertainment,66252,5613,100
arKAS7x5ybk,Menschen behaupten Beweise für Zeitreise zu haben! Was steckt hinter den Zeitreisenden?,CreepyPastaPunch,Entertainment,115586,5433,137
lztlqh0qahw,Las Vegas  Shooting ... Did It Actually Happen?,TruthUnveiled777,Science & Technology,441479,5422,2569
o5fHkSqNELw,Wenn ihr dieses Zeichen an eurer Hauswand seht  solltet ihr euch Sorgen machen! Gaunerzinken!,CreepyPastaPunch,Entertainment,84462,4978,237
N0lsMVNXZJY,Las Vegas shooting: Paddock may have planned to escape - BBC News,BBC News,News & Politics,1495138,4807,2655
DSCNqJqsen0,PLZ Explain Mr. Robot,Screen Junkies,Film & Animation,378728,4708,518
kkM5iMC2wjA,Jason A Illuminati Warning - BILLIONS will DІE from THIS!!!! END TIMES SIGNS (2017- 2018),Church Leaders Don t Want Ｙoｕ To Know This,News & Politics,352050,4449,351
22HEI3aM32A,Anderson Cooper s Magnificent Reaction To Trump s U.N. Message -  Rocketman,Jon Snow - The Viral Network,People & Blogs,1073745,3955,1419
jqmpfjnCxvw,EXPLOSIVE: Pedophile Ring Linked To Adrenochrome Drug Trafficking,April LaJune,News & Politics,80071,3869,78
kcAQZ_3PgAM,"End of #Soros and #PurpleRevolution: Botched #FalseFlags  #PsyOps and #Pedophile Rings Exposed",Lionel Nation,News & Politics,36446,3608,23
xt9RfXCKYG4,Buzz Aldrin asked: Did We Go To the Moon? or is the Earth Flat with A Dome?,Vincent Rhodes,Entertainment,398368,3427,967
0cP_CNhD6xo,Warning!! Most Graphic Crime Scene Photos Ever,Luth Luther,Entertainment,833618,3368,1572
nP1gkCTvR4Y,The Rise and Fall of Maddox the Loser,EZ PZ,Comedy,129219,3210,1081
nfDm-SuYSrQ,10.2 - Dissecting Vegas Shooting | Puerto Rico Truth | Catalonia | Another Dead Dr.,Destroying the Illusion,People & Blogs,118140,3136,182
YNtSLGTJWMw,Christina Grimmie/PULSE Nightclub Shootings ILLUMINATI MK-ULTRA RITUAL SEASON!!!,The Black Child,People & Blogs,251608,2840,522
J_UvpPc6rfg,“Magicians” Prove A Spiritual World Exists,Timotheos Petros,News & Politics,282186,2480,453
FDCgtHW3JYc,Grenfell Tower Fire: Piki Seku  who swore on BBC News  interviewed on Sky News,TV Newsroom,News & Politics,292792,2339,176
5VqZryfNwqo,FOOTAGE FROM TEXAS NO Bullet holes,RichiefromBoston II,Travel & Events,82790,2317,223
4CJoVl9s9UU,Body Language: David Icke,Bombard s Body Language,Entertainment,101715,2259,114
dkh17_6kzVU,The Hijab Scissor Hoax - A lesson in Propaganda And Fake News From The Canadian Government,Press For Truth,News & Politics,26405,2214,52
U1O5RdvdX-M,Royals warn Humanity is a Cancer,RichieFromBoston,People & Blogs,44447,2214,43
2oW9RkzMDik,Gun Fired Outside My Home - Las Vegas Shooting Investigation - Part 32,Blackstone Intelligence Network,People & Blogs,55624,2123,73
Eu9S8OCeAls,ANTIFA S EVIL PLANS REVEALED!!,THElNFOWARRlOR,News & Politics,152090,1798,108
W49i8FYBCAA,RUNNING SCARED! The FISA Memo Is A Blueprint Of Democratic Crimes,The Alex Jones Channel,News & Politics,39127,1767,21
mOf2FZGZ8IM,Las Vegas Shooting:  The View  Co-Host Discuss The Tragedy | The View,The View,News & Politics,180255,1723,210
qQPBUc6NR1k,The Reason Mass Shooters Are Always White --Not for the Politically Correct,ProfBlack HQ,People & Blogs,27335,1690,21
cZsnV0Yf3z4,Time’s Up! Proof Something Big and Bad’s About To Be Unleashed—Prepare For An Alteration In Reality,Lisa Haven,News & Politics,35318,1643,80
98bjE6vgsog,The calls for action get louder as the Parkland community grieves,Washington Post,News & Politics,132398,1630,2550
IuFUeECnR70,ILLUMINATI/Freemason PRESIDENTIAL DEBATE: TRUMP vs. HILLARY,The Black Child,People & Blogs,226348,1536,391
5RFOVWY5-2I,There were Giants in those Days LA Marzulli,RichiefromBoston II,Science & Technology,21369,1534,83
VM-rAK0DxdY,Drunk Irish Patriot shoots 38 looters during Katrina,Badpeopleincharge,News & Politics,289849,1529,399
0o0n6l7WZVU,Jimmy Kimmel Presents 2018 YouTube Olympics – Night Six,Jimmy Kimmel Live,Entertainment,93141,1522,68
JPMkqaVEOi8,Larry Caputo tells us why he separated from Theresa Caputo,Gossip And More,Entertainment,514090,1403,407
jayJ4Wq8lbI,FERGUSON IS A STAGED EVENT HERE IS ALL THE PROOF!!!! WATCH OUT!!,Christian Journal - Media,People & Blogs,258960,1312,244
ionr_XjTBcg,Mark Of the Beast and A.I. takeover,RichieFromBoston,People & Blogs,34217,1306,62
x9vrVi8MXo0,Tsunami s  Amazon Go And Billionaires Murdered - What You Need To Know!,Press For Truth,News & Politics,15328,1295,35
ps4OXyC4IWA,Disturbing Videos Might Have Connections to Pizzagate,Sheila Allen,News & Politics,45967,1187,30
4GgICxotqPg,Las Vegas shooting victim s reunion with man who saved her,CBS This Morning,News & Politics,184122,1180,157
jEWm1OOHLkw,Crypto Conspiracy and the Road to the AI Singularity,Jason Goodman,News & Politics,65670,1155,95
Vbzjh9C3mQw,Body Language: UFO Nuclear Shut down,Bombard s Body Language,Entertainment,33302,1131,44
8zQDzUfNvz0,Deep State Arrests Coming- Paul Martin,The Common Sense Show,Education,32106,1027,51
y0_s5dEXBFA,58 Las Vegas Shooting Victim Autopsies in Hand – Laura Loomer Banned From Twitter,Jason Goodman,News & Politics,20854,872,39
fUpxn78FEvk,TYT - 01.03.18: Trump vs Bannon  Trump Button Tweet  Trump Golfing  and Fake News,TYT Shows,News & Politics,139303,836,223
zkUAmAVEcsA,Are The Police Threatening  Conspiracy Theorists  Over The Sandy Hook Shooting?,Mat Larson,News & Politics,114018,834,55
noUhz0DUqKY,Nunes: No one interested in Clintons-Russia collusion,Fox News,News & Politics,22839,802,48
mzYiab7OQbw,The Pope On Fake News  The US vs Assad And Trudeau in Davos - What You Need To Know!,Press For Truth,News & Politics,7564,784,22
JE_rnuK6LZA,The Truth About The Toronto Police  The Quebec Court House Shooting &  Peoplekind,Press For Truth,News & Politics,9585,761,35
BWpwO7eQCsk,Oklahoma bombing was an inside job  Timothy McVeigh was a CIA patsy,seattle4truth,Education,98437,717,52
J9NRJ0SxyxI,Right Wingers Intensify Smears on Parkland Shooting Victims,David Pakman Show,News & Politics,14027,657,29
jHBqGaZDrPg,A Sinking Indonesia & New Workplace Harassment Laws: VICE News Tonight Full Episode (HBO),VICE News,News & Politics,57910,648,318
B2zpox8cwUk,"Top 5 Truther YouTube Channels With Under 1000 Subscribers #ScrewYouTube",Press For Truth,News & Politics,8401,618,18
5z1kvKJhQx0,Seth Rich Yearbook Photos; Israeli Military Training; More Comments From Neighbors,Sheila Allen,News & Politics,11852,602,21
1air7b7AlAA,Boston Bombing Hoax and the Fake Hero  Carlos Arredondo EXPOSED!,TheOldWorldOrder Page,People & Blogs,62737,592,108
iQgabQ1qtK4,Greatest Zionist Deception in History - Modern Jews are NOT Real Semites,Young Philosopher,Education,20520,563,49
n3TudbG_x70,Why is There No Criminal Investigation? Field McConnel  Sgt Tom Juby & Josh Caplan,The Official Hagmann Report,News & Politics,20597,563,22
K6JBscJqqR0,"#Q #QANON - BROWARD COUNTY SCHOOL SHOOTING - CIA/FBI - DEATH CULT",Timothy Holmseth,News & Politics,9320,551,11
YtjJBwWVR4A,Directo // Nur Para Todos,Iru Landucci,Science & Technology,8298,531,27
E35YR3DGClY,Elliot Rodger: Infamy & Obscurity (2014 Isla Vista massacre) by Jordan Owen,Jordan Owen,News & Politics,69507,508,186
UwSitLCaQpo,Senator on school shooting: This happens nowhere else,CNN,News & Politics,50913,501,134
U0oVwLQIQ7c,Military To Spend $170 000 on Marijuana Simulation Kits,Press For Truth,News & Politics,4416,500,19
wFt-P9NCOSM,Eric Paddock is an actor linked to same crisis firm behind Pulse gay club false flag.,imstillucalien,Nonprofits & Activism,83299,484,85
YgBsLnkOi1E,Trump accuser fires back: He should be afraid,CNN,News & Politics,38961,466,427
MRj-K2pMqpg,Students Desperate to Fix Gun Safety Disaster,David Pakman Show,News & Politics,12078,401,29
8Qseug8qfs8,FL State Rep McGhee To Colleagues:  Muster Up Political Courage  On Guns | Velshi & Ruhle | MSNBC,MSNBC,News & Politics,27452,371,44
sino1wwm3cs,SANDYHOOK ORIGINAL THE TRUTH,num1XboxGamer,News & Politics,527756,363,123
pnBZTW5dV-I,Ever Consider... Queen Elizabeth might be A MAN??,Apostle Laura Lee - Church of Philadelphia,Education,33817,359,67
k2Ts7gumyko,BREAKING: US To Maintain Military Presence In Syria To Oust Assad And Counter Iran,Press For Truth,News & Politics,4486,345,13
ecEUr2Cx9_w,LAS VEGAS: DHS/FEMA DRILL: Eyewitness Testimony & Reflections  & Brass,James Munder,Autos & Vehicles,22109,330,33
5oT777NquxM,Questions arise about suspected gunman s motives in Texas church shooting,ABC News,News & Politics,88954,289,100
MD-EOEIpA18,7 FACTS ABOUT STEPHEN WILLEFORD THE MEDIA DOESN T WANT YOU TO KNOW,comandeerthatship,Music,25687,282,20
9oozUaizleQ,Fluff Pieces No. 23 - 1994 Lillehammer  Figure Skating,3Axel1996,Sports,186746,253,48
HamZWOYe_ds,Lemon Demon -  Hip to the Javabean  (2004),2Neil2Cicierega,Music,28325,249,2
ThVp4FbSVfk,Attentat in Las Vegas:  Die Kugel ging durch meinen Kopf,spiegeltv,News & Politics,20567,238,21
5rW9AcCVxmQ,Sutherland Springs TX False Flag Codes - Shown In Advance - More Are Planned,Minister Paul,Nonprofits & Activism,13228,201,20
U_HhFH_CRMM,"Who Tweets About Qanon The Most? #Tyler #Qanon #TheWhiteRabbit #DavidHogg",quinn michaels,People & Blogs,5174,196,16
Hyed1ctSrM8,Las Vegas Hoax,Koop Stoop,People & Blogs,9520,192,15
zAY69grYgZ0,Sandy Hook: Where s my MONEY?,Operation Chaos,People & Blogs,9300,177,6
sTe77n5yly4,"NEW: Cellphone Video & Audio of DALLAS SHOOTING 7-7-2016 (777) #DALLAS",ExplorerOne,Education,39022,138,69
XqXVbf-tp4A,Harvey Weinstein  Clintons  Deep State Pedophiles  and MSM Silence,Pastor Marty,News & Politics,7958,130,14
yYvSQDgEihY,CNN IS SOOOO BUSTED!,FOR THE PEOPLE,People & Blogs,4965,128,12
11430WJwzms,NASA sets record with ‘Wishing Well’  a picture from 3.75 billion miles away,Zachary K. Hubbard,Education,2530,128,9
6ZAN8ptujII,Sandy Hook 34 Questions,After Burner,People & Blogs,7790,126,9
Vic5bOWGmQI,Remember Robbie Parker Mr dry eyes,WHENDASHTF1,News & Politics,15952,125,5
-HKGfdBt8Ao,MANCHESTER ARENA BOMB - LIES? Have you heard the hoax idea?  Street opinions  live 2017,rerevisionist,News & Politics,5037,124,12
ioYvUCN40rg,What happened at HOOTERS on OCT. 1st?,Jesse Wilson,News & Politics,28884,122,18
6geOdNd-ReI,PAUL JOSEPH WATSON: KILL the NRA! - ALEX JONES INFOWARS,INFO WARS NEWS,Entertainment,2502,121,2
BQ4W9i1TsyA,EXPOSED! 17 Ambulances At Hooters In Las Vegas On The Night Of The Mandalay Bay Shooting Injuries,True Grit,People & Blogs,15851,118,17
g0Z5M3PZ-aw,Nancy Kerrigan - Janet Jackson Medley (1995),GoldenAgeofFS,Sports,23673,108,15
VDP3sSuOT74,"Cord-Cutting Winter Is Coming - #GoodNewsNextWeek",Media Monarchy,News & Politics,1683,106,0
AKW2jnvm0l8,End the federal false flags | Call your congressperson now & let them know you know,ZACHARY K. HUBBARD 13,People & Blogs,1128,105,3
R0bFqrZzSVE,PARIS Attacks SHOCKING Illuminati Conspiracy! Freemasons New World Order False Flag (UPDATE),Conspiracy Theories,Education,14280,96,23
QvwAplApUFk,TYT - 01.30.18: Tax Cuts  Rodney Frelinghuysen  Porn App and Prescription Painkillers,TYT Shows,News & Politics,6334,88,9
ODVJJGFVbkk,Internazionale - The Opaline Dancer (Full Album) [Janushoved],Vincent Glandier,People & Blogs,3783,86,0
cuuPQzsKskI,"Building Community By Building Local Internet - #GoodNewsNextWeek",Media Monarchy,News & Politics,973,83,0
TDzgpqduWV4,"Growing News Ways to Win - #GoodNewsNextWeek",Media Monarchy,News & Politics,1025,78,1
YVWxNTJ8eXM,SANDY HOOK - Robbie Parker moves to Oregon 2015 Part 3 (Chaos follows),Paradolia Paranoia,People & Blogs,19272,77,33
hIC3MCX1Idg,"New Life For Old Records - #GoodNewsNextWeek",Media Monarchy,News & Politics,684,71,2
CkvJ5RpB8Z8,TYT - 02.02.18: Memo Released  Trump’s Reaction  Nassar Attacked  and Alt-Right Fight Club,TYT Shows,News & Politics,4106,70,18
ppX2xBcEFFo,Dear Young People | While threat of taking 2nd Amendment looms  the 1st Amendment is being wiped,ZACHARY K. HUBBARD 13,People & Blogs,843,69,5
NG2TbQbjLgg,Email questions about witchcraft and the demonic.,Sage Wanderer,Autos & Vehicles,722,69,0
viiqsoO3hMg,AVARICE IN AUDIO - Lie to me (Official Lyrics Video),Psyklon Industries,Music,2321,67,1
O7ZZaxdpddo,Omar Mateen’s Father On Orlando Shooting: I Am As Shocked As You Are | TODAY,TODAY,News & Politics,29603,61,135
aJ30Aqm2FHk,Noticias Fabricadas y Actores de Crisis Nº 6 FAKE NEWS : Orlando  Houston y Navarra,Desmontando a Babylon,Science & Technology,4169,60,1
LOOLr_pLcbw,[X] - Rx - Code Red,Psyklon Industries,Music,1681,57,2
4taqKRvSdgA,After Parkland   Leaders Will Emerge  In Gun Debate | MTP Daily | MSNBC,MSNBC,News & Politics,5205,56,11
hTVbFm7st20,Fake news about Texas church attack,TRT World,News & Politics,9781,56,54
wfbcyGWau6Q,Liebknecht - Danzig,Psyklon Industries,Music,1188,52,3
sK2o1ZdKKfU,JFK SYMPOSIUM: REVISION,lee shepherd,People & Blogs,6168,45,4
10eHfOUwUq4,The Simpsons | FREEMASONS RUN THE COUNTRY,ZACHARY K. HUBBARD 13,People & Blogs,497,43,0
YxuGWHyObII,Cardinal Noire - Useful Idiot,Psyklon Industries,Music,559,38,0
vdCg74mBx_E,Hillary Can t Stop Coughing 2018,Don Parker,Education,6521,38,5
Iah2sDnXImE,Police on manhunt: We are close to Eric Frein,CNN,News & Politics,20635,36,12
xUG9K0Yse7w,Nie - MMR,Psyklon Industries,Music,809,36,0
v9CytExgty0,MEETING OF MINDS  In all honesty  I need your help,Steve Turgoose,Nonprofits & Activism,376,33,5
PgqXtnn4_yY,Burns Oregon The Truth Behind The Govt Land Grab,Mars Daniels,News & Politics,1463,32,2
TJ_JI_Jmi2w,WW2  Nazism & Anti-Semitism - Zionist Plan to Obtain Palestine,Young Philosopher,Education,1044,32,2
aZHSLdNE20o,Poisoned by the toxic information of societys.,Steve Turgoose,Nonprofits & Activism,266,31,0
lid8hjKaBAc,"Bizarre Misreadings & Banned Books on #MorningMonarchy: #September15  2017",Media Monarchy,News & Politics,695,31,1
LzldmX8PmSw,Bush Sr Laughs at JFK Shooting Duping Delight,NWO BlowJ,Education,2539,30,0
s1Wu-j3LCBA,Growing Shills - Flat Earth,Sleeping Apples,Comedy,658,28,15
mEAhuOFaCa4,Russianvids - Flat Earth And The Psychopaths,Zack Greevey,News & Politics,550,25,1
RK6rYF8pazY,Mystery Show  Whats wrong with Social Networks  Live 6th Jan,Steve Turgoose,Nonprofits & Activism,164,24,1
C5ads0dU_9o,MEETING OF MINDS  impossable & inevitable,Steve Turgoose,Howto & Style,230,24,1
JnxfEOt58pI,When you find what you were looking for  why keep searching?,Steve Turgoose,Nonprofits & Activism,199,23,0
1pQZzv3sGUE,Mystery Show  Connecting Diverse Communities  Live 30Dec,Steve Turgoose,Nonprofits & Activism,173,20,0
hNKy1HMTINI,Noticias fabricadas FAKE NEWS Nº 5 FOX TODOS los videos de decapitaciones son de estudio,Desmontando a Babylon,Science & Technology,4190,19,0
7uts72V8EjE,THIS IS NOT YOUR BUSINESS,Sleeping Apples,Comedy,372,18,1
DQdcggrrytY,THANK YOU FOR CALLING NASA,Sleeping Apples,Comedy,178,16,0
oLcqFHHgyuk,The Human Side Of The SpaceX Reality TV Clown Show ( Quantum of Conscience Mirror),Martin D Metdubbelss,Nonprofits & Activism,156,14,1
4XcEP8YRztk,Targeted Individuals Gang Stalking SMART DUST PROOF!,False Flag Set Up,People & Blogs,326,13,2
O6hegsW9H9s,International Space Station Virtual Reality FAIL 2018,Martin D Metdubbelss,Nonprofits & Activism,132,12,0
Eh4Gt8Xf628,New Video Shows Mark Salling s Last Moments Before  Offing  Himself.,ComYxCon4LiFe,News & Politics,8767,12,3
9QTPQ48ZCSo,Crisis Actors Exposed Part 7: Lucky Radley,LionWarrior28,Entertainment,2595,11,3
o7r96Woxsn8,Short Chase Ends In Crash,CBS Los Angeles,News & Politics,157,9,0
zjH1NEX8Qts,Crisis actors remote viewing observing times project soul catcher Project grill flame,Empowered Individuals,People & Blogs,436,9,0
terxDP1XJv4,The Siege in Burns  Oregon - The People s Sheriff David Clarke,Mars Daniels,News & Politics,492,8,0
HEE4fCxelXA,How to make Breakfast when you still half asleepzzz,Martin D Metdubbelss,Nonprofits & Activism,87,8,1
4_fMZ4xjkU0,Inside the Crisis Actors Studio Episode 1,Jeff Greenspan,Comedy,378,7,0
TZHRZ3A1Qsg,Shootout Outside Whittier Bar Leaves Man Dead  2 Hurt,CBS Los Angeles,News & Politics,161,7,1
rZsncqLzoXQ,Think GP: David Hogg,RCGPVideos,Film & Animation,2253,7,0
GgOrk3SX1Vw,Agorà:  LA REALTÀ NON ESISTE,Sleeping Apples,Comedy,126,7,0
GSeydjrLegE,There is a good reason why Kate Middleton didn t wear black to the Baftas,Artnewsive,News & Politics,268,6,0
sAC-us4hNQs,Police Pursuit ... stop or mooove over [2017] In His Grace 🌸🌹🌻,In His Grace,Travel & Events,49,6,0
92cIL9WzX4c,Billy Graham  America s pastor  has died,Artnewsive,News & Politics,190,6,0
okILFb91Z9M,Memphis Man!acs - Supersize Live FULL,Martin D Metdubbelss,Nonprofits & Activism,53,5,0
rMUW1lDV2XU,White Helmets Volunteers Secret Double Lives....,WTFworld,News & Politics,46,5,0
IvpBUq32LL0,Rep Gaetz Hosts a Medical Marijuana Roundtable (mirror),Don Parker,Education,14,4,0
CeLAsOhYz1g,Black Female EXPOSED As Member Of Illuminati,ComYxCon4LiFe,News & Politics,1126,2,0
SFMhBsqprd8,Everything That s Open (and Closed) on Presidents  Day 2018,Artnewsive,News & Politics,54,2,1
ltyj1vwUDpY,Zionist may ignores coroners report,SuperEarther,Nonprofits & Activism,68,2,1
PCc36gidP-o,Mike the crazy lunatic pedo predator,SuperEarther,Nonprofits & Activism,170,2,0
k8kwQs4oMi4,Yoga Master,Don Parker,Education,24,2,0
Bzhcrgpzxao,Seattle Mayor Wants all Marijuana Misdemeanors Cleared,Don Parker,Education,17,2,0
eJ90EIFqmmE,Winter weather causes area school closings today ⛄️⛄️,Artnewsive,News & Politics,50,2,0
TgDI8Dt79Ag,Snowboarding: Ledecka doubles up with historical PGS gold,Aban Famous News,Entertainment,26,1,0
4NtP7TXM6nU,OAR to face surprising Germany in Olympic final,Aban Famous News,Entertainment,24,1,0
H7Y4ppaZgiM,Jamie Anderson wins silver for US in women’s Big Air event,Artnewsive,News & Politics,349,1,4
ALFg5feOdWc,Olympics: Snowboarding - Galmarini upgrades to men s PGS gold in Pyeongchang,Aban Famous News,Entertainment,25,1,1
j8x8PnZPLJU,Nancy Grace s Case Files (Podcast),ComYxCon4LiFe,News & Politics,183,1,0
iUARMaBKXEM,Amber Rudds fascist killing regime exposed,SuperEarther,Nonprofits & Activism,22,1,0
o_saT9rI-hY,Lindsey Vonn Wins Bronze Medal In Downhill At Pyeongchang Winter Olympics,Artnewsive,News & Politics,267,1,2
TnEgKwsmIFg,Justice Departments No.3 Official Rachael Brand Resigns,Don Parker,Education,9,1,0
fGwnxADtO90,Lonzo Ball youtube,Artnewsive,News & Politics,4,1,0
3w7kbaMjFv4,Deadly School Shooting At Marshal County High School,ComYxCon4LiFe,News & Politics,3184,0,1
5hZBGq-A3hA,James Franco Accused Of Sex Assault By Multiple Women.,ComYxCon4LiFe,News & Politics,1803,0,6
86k_EcyBCMU,Game of War-kingdom inferno event marathon pt6,fastcloudcom pc gaming,People & Blogs,24,0,1
4lfOcxm7B40,game of war-inferno and kingdom events,fastcloudcom pc gaming,People & Blogs,49,0,1
XzdV7OByENE,Senior David Hogg 2018-FEB-18,WAYNENYC100,News & Politics,230,,
INIinRriZv4,Serpents - No Tears Anymore,Sanary Twink,Music,36,,
HXLVif8Xbo4,EXPOSED: Staging Ground For  Olympia   DuPont  Seattle Amtrak illuminati Death Ritual Derailment,Edifying Others,Education,5600,,
NCNQZ69Rv5I,Exposing The NFL (Part 3),Tearstojoyministries.org,Music,17,,
zZDrYxQeCTk,Can JESUS Fix Your Bad Credit? (Take A Look At This Miracle),Tearstojoyministries.org,Music,16,,
dzkQiG-5enM,IS Revelation 8:8 Being Fulfilled Right Now?,Tearstojoyministries.org,Music,27,,
p1z2Tg-m-cA,How Exactly Do We Get Into Heaven Or Go To Hell For Eternity?,Tearstojoyministries.org,Music,22,,
N-R4JDp75_Y,What is CHRISTENDOM? What does CHRISTENDOM mean? CHRISTENDOM meaning  definition & explanation,The Audiopedia,Education,0,,
m_ElwKzq7Xw,What is CHOW MEIN SANDWICH? What does CHOW MEIN SANDWICH mean? CHOW MEIN SANDWICH meaning,The Audiopedia,Education,5,,
2_1p0yCKito,Is GOD Good? I mean is GOD ALWAYS Good?,Tearstojoyministries.org,Music,39,,
VoZ2iMDc3OU,Are You Having Breathing Problems Of Any Kind?,Tearstojoyministries.org,Music,46,,
sEBGETEMfqM,10 YouTubers Who Killed Their Career In Seconds (TheGabbieShow  Tmartn  Sam Pepper),ExtractHub,Entertainment,20131284,205921,115458
KZInlu_7agw,DEATHS CAUSED BY SOCIAL MEDIA,shane,People & Blogs,3787109,163228,991
fN5HV79_8B8,Oprah Winfrey Receives Cecil B. de Mille Award at the 2018 Golden Globes,NBC,Entertainment,9489250,154795,68177
DnEHMAhqUZM,Best TV News Bloopers Fails 2017,Funny Local News,Comedy,3765541,40925,1749
f0WgYfqgoHQ,DEBUNKED: Top 5 AR-15 Lies! | Louder With Crowder,StevenCrowder,Comedy,448843,36064,633
X1UZWXKEhV8,The Daily Show - Wack Flag,Comedy Central,Comedy,3292531,26627,2027
knWCsonQVG4,Paleontologist Trevor Valle Debunks  Dinosaurs Never Existed  Conspiracy,PowerfulJRE,People & Blogs,1868432,24744,2273
Kw7MvYFsQNY,Obama Responds To Alex Jones,The Alex Jones Channel,News & Politics,1897578,23513,3140
Dz0a2PhoFCQ,Jimmy Kimmel Talks to Peter & Stewie Griffin from Family Guy,Jimmy Kimmel Live,Entertainment,1111349,22693,733
wO4hP3y0Ovo,Ex-CNN Reporter Publicly Exposes Behind-the-Scenes Reality of Fake News!,HighImpactFlix,Entertainment,720769,20824,717
TCy_UOjEir0,Nobel Laureate Smashes the Global Warming Hoax,1000frolly,Science & Technology,1369451,16230,3715
-DWaV8dqRDQ,Top 10 Traitors in History,WatchMojo.com,News & Politics,2574600,15507,3633
kFtI_mVOXbQ,New World Order Bible Versions (Full Movie),framingtheworld,News & Politics,1253771,12650,1152
3yFaM32mvEo,I hate walking in video games,Maddox,Comedy,168131,9465,4131
jk_7TCe_Fkk,JFK TRUTH - The Mob CIA and the 8 paid ASSASSINS,Porcha Marie Jones,Entertainment,1121412,9183,843
PumQmWr3_Q8,All Hell Breaks Lose On Fox News Laura Ingraham Eviscerates Megyn Kelly Live On Air(VIDEO)!!!,GLOBAL News,News & Politics,853698,8966,1400
JG2Z35EFO-A,4CHAN IS TAKING OVER THE WORLD,Tim Pool,News & Politics,134047,7696,401
vOCf8sL0xgE,Vote Regressive Party,Maddox,Comedy,164352,7680,644
ayiyA7y3YpQ,They re Trying to Ban Another Harmless Plant That Helps People,Truthstream Media,People & Blogs,99840,6900,91
vJLGs4e3LZQ,VERY BAD DAY  On Nov. 4th? EMP Drill Held Same Day As Anti-fa Uprising…,Lisa Haven,News & Politics,634820,6847,758
v3JwEbBMt-Q,Mandalay Bay Shooting Las Vegas Aftermath Perspective From MGM Grand Hooters Rare Original,Benjamin Franks,Travel & Events,192170,5975,98
SVU7XRzCwoE,The Paris Attacks & Illuminati Rituals For Lucifer (2015),TheScariestMovieEver,Education,883042,4816,768
Sb1QfkXtAWw,Cool-as-shit E3 2016 Wrapup,Maddox,Comedy,115085,4583,312
8dxS3ICecXc,Eclipse 2017: Here is the Part EVERYONE Missed,WeatherWar101,Science & Technology,367681,4395,521
ym22gqkQmUA,11.5 - Saudi Deaths/TX False Flag/Paradise Papers/The Days Ahead,Destroying the Illusion,People & Blogs,80856,3658,100
yuQbkZDbdkE,US company accidentally puts swastikas on boots,Maddox,Comedy,105665,3615,553
66OPAWJY5ng,Something strange about hotel floors,The Outer Light,People & Blogs,878053,3607,1263
tPFYAd96WqE,Lemon Demon - Bad Idea ♫ (fixed version w/ MP3),AlbinoBlackSheep,Film & Animation,524913,3494,82
kuWuZpr7NG8,Fake News Goes Viral After Las Vegas Shooting,The Young Turks,News & Politics,134477,3450,1005
DzBZTgnBWN8,WOW! Wait Until You Hear What The UFO are PLANNING: LA Marzulli Tells All,Lisa Haven,News & Politics,173799,3426,264
KmUBWkDdXx4,Egyptian Actor Goes Wild When Told He s On Israeli TV,King Homer,News & Politics,591295,3233,1529
hnQCeeMhCTg,What if the Mr. Robot Hack Happened?,SourceFedNERD,News & Politics,104940,3183,120
6b3hu_zNs2o,What is the Skinwalker Ranch? | Stuff They Don t Want You to Know,Stuff They Don t Want You To Know - HowStuffWorks,Entertainment,296284,2791,202
xk5xfU9y74E,1984 George Orwells WARNING has come to life.,RichieFromBoston,News & Politics,67223,2754,62
LoTZoc6FsWA,Deshalb solltest du Nachts nicht in den Keller gehen!,CreepyPastaPunch,Entertainment,25335,2741,74
Ro039brGhbM,Biblical PROOFs and they are hidden,RichieFromBoston,Education,65273,2692,119
rFeA-pM0o8Y,Most Outrageous Government Board Meeting EVER!!!,Grant Crowell,News & Politics,873641,2676,290
1aGnT0kXTeU,These Kids Know Nothing About Gun Control  - Ben Shapiro REACTS To Liberals Using Kids For Agenda,The Right Perspective,News & Politics,147779,2665,311
jcI-zhRi8bU,Would you rather kill a chicken or fight an orangutan with a broadsword?,Maddox,Comedy,82580,2560,595
6DamKdsLkC4,Controversial new United Ad - Why would they do this?,Maddox,Comedy,70082,2512,242
wdAQn6mO254,Five Scary Things About the Trans-Pacific Partnership,Stuff They Don t Want You To Know - HowStuffWorks,Entertainment,167524,2497,72
c0b3PrZkl7w,Illuminati Whistleblower Lived Real Life Pedogate,Victurus Libertas VL,Entertainment,146112,2385,145
WQKXd2R7TAc,Full Show - Top Secret Service Agent Threatens To Expose Clinton Pedophile Ring - 11/24/2017,The Alex Jones Channel,News & Politics,99584,2347,102
zTahOHeODeA,WHY YOU NEED TO KNOW ABOUT THE  MAGIC  CIRCLE...,A Call For An Uprising,Education,45228,2238,92
VMDgqmXDPLU,2018 is coming  and we ALL saw the set up in 2017,RichiefromBoston II,Science & Technology,34123,2199,69
UO6hv3uArBc,Teacher arrested for doing cartwheel,Maddox,Comedy,81564,2150,369
xZP8gsG3Kwk,Why This False Flag in Turkey Happened,Truthstream Media,News & Politics,60006,2072,144
PzGHHlSMffE,BYE!  Disgusted Joy Reid CUT MIC on Trump Sh**Hole Pastor Defending R.A.C.I.S.M,aDDmoreJuice,News & Politics,211598,1951,431
Uc013k7qmps,The Hunt for the Mercenary Kill Team - Las Vegas Shooting - Part 75,Blackstone Intelligence Network,People & Blogs,53779,1854,70
pCKALU5NK40,The Truth About The San Bernardino Terrorist Attack,The Alex Jones Channel,News & Politics,237795,1846,431
DPf5i84BqcA,Our Leaders Are Psychopaths,Corbett Report Extras,News & Politics,60913,1784,44
eIu01OngzgE,The Lodge  DISNEY CHANNEL Tv Show: Reverse SUBLIMINAL MESSAGES & Satanism EXPOSED!!,The Black Child,People & Blogs,52925,1711,117
qlgrEcoBvBs,Bürgerkrieg in Deutschland und Europa - Prophezeiungen & Experten-Meinungen,Prophetie & Weltgeschehen,People & Blogs,72455,1640,130
mMzlIuZ_Bss,A Very Well-Presented Flat Earth Documentary,Agent S,News & Politics,159942,1443,474
zKPUGw7u5tc,2018 and Beyond; Google s 10 Yr. Plans and the End of the Middle Class,aplanetruth.info,Science & Technology,42411,1272,50
kOYJJLtgj7E,Illuminati Presidential Race 2016: The SATANIC HIVE MIND,The Black Child,People & Blogs,114944,1232,345
tyCt43-uLUM,A Thorough Demolition Of Oprah Winfrey By Gavin McInnes And Alex Jones,OpenMind,News & Politics,89239,1189,69
3ZccwgUtOxU,Insider Exposes Officials That Planned 9/11,The Alex Jones Channel,News & Politics,99994,1116,74
LB86WK96S4E,Emergency First Responders Treat Victims of Reported Florida School Shooting,Inside Edition,News & Politics,128993,1108,46
mPKEliJVfLs,Stephen Paddock Afterlife Interview,Channeling Erik,People & Blogs,81198,1035,643
740S7rDXFw8,DONALD TRUMP IS A PUPPET AND JUST AN ACTOR - David Icke,London Real,Entertainment,66420,1014,191
sYLoKjBKvOc,LAS VEGAS SHOOTING UPDATE REVEALS MASS SCALE COVER UP ⚠️,Right Wing,People & Blogs,178093,1008,162
6ZBQsPg1ZFE,The Storm Is Here - Anti School YouTube Twitter Lock Out - KaBoom !!!,Truth Will Never Disappear - We Are Awake,People & Blogs,14669,974,13
xg8YZYO0RKc,Texas church shooting hero left his shoes  picked up a gun (entire CNN interview),CNN,News & Politics,87167,936,140
lAFsXL1fe4A,PROJECT CAMELOT: JADE HELM WHISTLEBLOWER,Project Camelot,Science & Technology,137606,784,189
V-XJRHa_jMM,Tide Pod Challenge & Tackling Ukraine s Corruption: VICE News Tonight Full Episode (HBO),VICE News,News & Politics,79927,766,90
4E_LEbyMUw4,SANDY HOOK THE NEW 9/11.. SHOCKING EVIDENCE of INSIDE JOB & RITUAL SACRIFICE BANNED by ATS! Pt1 of 3,GOD CODE MATRIX of 188,Science & Technology,147163,763,199
HqaGJ50Cz7o,Video Of Tsarnaev Brothers Around Boylston Street On Day Of Boston Marathon Bombing,WBUR,News & Politics,560208,699,109
JC4OWCKlF1Q,Ole Dammegård  When Terror Struck Norway,OpenmindconferenceDK,Education,56273,640,49
VW8tVWtrQeM,Beautiful Rant By Adam Curry About How Fake the Sandy Hook Shooting Is  The No Agenda Show,Scott Wilhelmsen,News & Politics,61078,623,57
rQ_sfG2IBWo,Lionel Interviews Stanton Friedman on Flying Saucers  Roswell and the Watergate of the Millennia,Lionel Nation,Film & Animation,30109,542,31
bMcRJmWoyGg,False Flags Are Real - Professor Jim Fetzer,Anthony Hilder,News & Politics,36943,513,20
W-zlHYxpHV0,"Follow The White Rabbit Explained Correctly #pizzagate?",Defango,People & Blogs,25424,506,31
uFKg5swmw2k,Omar Mateen Called  Sick Person  by Ex-Wife,ABC News,News & Politics,168775,462,166
_mS6LH6V_0U,VEGAS SHOOTING -- HELICOPTER MUZZLE FLASHES,Adam Danischewski,Education,209573,455,66
51XM0NpApcQ,Some Americans unwittingly helped Russian trolls,CNN,News & Politics,21025,443,479
H9_DstlP_4M,Shirley TEMPLE. Satanism revealed - life & in film.,Apostle Laura Lee - Church of Philadelphia,Education,90910,423,185
9HGpUUqt1Bc,Jerome Corsi Live Stream 02/21/18 QAnon Decode,OpenMind,News & Politics,7164,406,5
LyXHyqmFMMY,ROGER STONE: NEW FBI TEXTS ARE BOMBSHELLS! OBAMA KNEW EVERTHING! - ALEX JONES INFOWARS,INFO WARS NEWS,Entertainment,7459,383,6
bIg0aKdzB6c,FOX5 NEWS Documentary - 1 October: One Month Later,FOX5 Las Vegas,News & Politics,50038,381,32
Xxrq5SVoyhQ,Mosque Shooting Anniversary  The Strava App Security Fail & Transgender Hormone Therapy For Minors,Press For Truth,News & Politics,3058,328,8
qXKappcRRHk,Illuminati Insider Demonic Entertainment Strawman System Clint Richardson,Leak Project,News & Politics,14669,317,22
4qxHiKyonRc,Jim Fetzer : Sandy Hook Book BANNED by Amazon,Windows On The World,News & Politics,23917,291,48
nlBE82N4RZo,Der gelbe Bus vom Berliner Breitscheidplatz,Simon Frank,People & Blogs,84683,290,116
ro7zuAtXEi0,Anderson Cooper 0WNS Jack Kingston in GU*N Debate  “Do You KN0W What an AR-l5 Does to CHlLD’S Body?,Act Now 2017,News & Politics,33040,288,21
DVoMvfuJt0c,Texas church shooting eerily foreshadowed by slain pastor,USA TODAY,News & Politics,78569,280,66
1kQHkRulX1k,Florida school shooting: Broward county officials give update | ABC News Special Report,ABC News,News & Politics,28438,269,36
6jXsADZHtNQ,Gerry McCann  smirk  for 20 seconds?,HiDeHo4,News & Politics,233790,255,87
kuX74wG0sG4,Heatlh & Safety (Full Album) [Posh Isolation],Vincent Glandier,People & Blogs,8457,237,0
0C8vna0PdhI,The Crowdstalking of David Seaman Live Interview with Defango,Defango,People & Blogs,5447,234,131
pWs8oCOkDrw,Behind the Parkland shooter s  trigger,Fox News,News & Politics,17191,226,38
HNHjZOhvO8Q,100% PROOF Orlando Shooting Was a STAGED HOAX - This Is All You Need To See (Peekay Truth Mirror),Thomas Larsen,Education,21365,224,25
M0mlHvCrX4o,Shootings are terrorizing America. There are real ways to stop them,PBS NewsHour,News & Politics,23194,222,45
aAfnYY5XwFk,Orlando False Flag: More To Come!,TradCatKnight,People & Blogs,28390,212,55
U2EGeAGz3RI,News: Alex Jones Shooting False Flag  QAnon Hawaii Missile  German Secret Space Program Antarctica,Stillness in the Storm,News & Politics,4311,183,9
c41Wpp7nCWA,ORLANDO BOMBSHELL: There were THREE Shooters!!!,ExplorerOne,Education,17123,165,14
UhllGBuuasE,Lemon Demon - Angelfire,NeilCicieregaMusic,Music,10863,157,1
961egaVqyTg,Stockholm: false flag European tour now reaches Sweden,Kent Freedom Movement,Education,13407,157,92
ZCjyeI_K4GM,"Trouble s Growing for GMO Peddlers - #GoodNewsNextWeek",Media Monarchy,News & Politics,1477,146,3
OSGbLJLyyS0,Rush Limbaugh Video Tuesday- February 6 2018,Tish Dixon - Rush Limbaugh,People & Blogs,10143,146,9
k5flOQ79PQE,ORLANDO PSYOP: My Perspective From Living In Orlando For 25 Years,ExplorerOne,Education,7273,145,27
ee8vVNQetwE,Anna Nicole Smith,Apostle Laura Lee - Church of Philadelphia,Education,2574,142,30
dUUQ2Dfbcn8,Oct 14  2017 Eyewitness to Vegas Shooting Dies Naturally HOAX!!,Hard News TV,News & Politics,16503,136,44
Z12CtNb1GRE,I battled with a Witch! Part one.,Sage Wanderer,People & Blogs,1706,132,1
sfvOYkbAmx4,False Flag Hoax London Bridge & Borough Market Attack NWO Bilderberg Group Meeting Today June 3 2017,LivingTheGoodLife,News & Politics,19162,127,32
WsTX5S-HMis,Reality Check: War on Terror - Iraq  Syria  Libya  Afghanistan  Yemen,Young Philosopher,News & Politics,5106,124,1
5HwHkHRZLwQ,Do witches have real power?,Sage Wanderer,People & Blogs,1294,122,0
Yk2ivfPZNSU,Sirus - L.O.I.C. [HD],Psyklon Industries,Music,7814,118,1
dJR28KuRjgY,Lavoy Finicum s Daughters Speak Out at Funeral,Mars Daniels,News & Politics,8751,118,14
yg1u-rFIYOo,I battled with a Witch! Part two,Sage Wanderer,People & Blogs,1583,113,2
Qe305BxUXCI,Israel  America  Russia  Syria and Mid-East Conflict Explained,Young Philosopher,News & Politics,6060,101,7
CHQyMQQkbS8,"FIGHT For Gun Control: March for Our Lives And #Enough",TYT Politics,News & Politics,2136,94,12
SSYvzNWduQg,Mariah Carey.,Apostle Laura Lee - Church of Philadelphia,Education,1870,93,20
LJ2B1LQg4u0,Parkland & Newtown Parents Respond To Trump: Arming Teachers  No-Starter  | Andrea Mitchell | MSNBC,MSNBC,News & Politics,7301,90,10
Sd59e6PhO5g,Jerusalem Truck Attack - 100% Proof of HOAX - Questions They Can t Answer - MUST SEE,Trust No Man,News & Politics,3670,88,12
Dgkh4qIPu4A,Response to Jimmy Kimmel calling Stoneman Douglas truth speakers  scumbags  +Judeo-Masonic agenda,ZACHARY K. HUBBARD 13,People & Blogs,901,87,2
Q_R5jci-BaE,NSA  Reality Winner  Crisis Family Duping Delight! Try Not To Laugh!,Johnny Supertramp 3,News & Politics,4238,83,34
P98Dg1HCcIw,Anrufer bei Phoenix entlarvt den Berlin Hoax,Alex Miamoasch,People & Blogs,8022,82,5
AliJ-EG5EhY,Calling Marco Rubio s office about calling truth speakers  disgusting group of idiots  on Feb. 20,ZACHARY K. HUBBARD 13,People & Blogs,828,80,3
R1c3yzmUUbg,Palestine 1896: Oldest Recorded Footage of Jerusalem,Young Philosopher,News & Politics,2306,79,3
em77lV1PlgA,Paris Attack 11/13/2015 Illuminati False Flag Decoded  Prelude to a Major False Flag in America?,offthahook08,News & Politics,18261,78,13
Cnqn_z3CHJM,Russianvids - RV Was Right With Proof!!,Zack Greevey,News & Politics,2453,77,5
B8g5nTiP0Fw,CNN goes full Orwellian  calls for complete censorship of truth speakers  February 23  2018,ZACHARY K. HUBBARD 13,People & Blogs,802,77,2
30eoF7p_cmU,Questions for Ty Thompson  Principal at Stoneman Douglas during shooting & Sheriff Scott Israel,ZACHARY K. HUBBARD 13,People & Blogs,898,74,2
BYJQOdr4Gig,"#GoodNewsNextWeek: Trading Coal Mines For Beehives",Media Monarchy,News & Politics,913,72,0
YCBOJ2Jruk4,A Complete 911 Harley Shirt Guy Scene -911 Actor Mark Humphrey Is -FOX Freelancer- -Mark Walsh,Nine11News,News & Politics,9942,71,7
lFeFwleFQps,A message from the UK | America is the last hope to fight back against the NWO & time is ticking,ZACHARY K. HUBBARD 13,People & Blogs,843,69,2
eQrU9BdU0cY,Reina dan ölü numarası yaparak kurtuldum,euronews (Türkçe),News & Politics,72085,60,17
NLB1xy08Ho0,Crisis Actor In Las Vegas Massacre🤔? CNN Footage 2017,warrior messiah,People & Blogs,12936,57,12
nChEbVzhptQ,Billy Graham s February 21  2018 death  Donald Trump & the Bavarian Illuminati,ZACHARY K. HUBBARD 13,People & Blogs,869,57,4
sL2ctC3RQiQ,Part 2 | Questions for Ty Thompson  Principal at Stoneman Douglas during shooting & Sheriff Israel,ZACHARY K. HUBBARD 13,People & Blogs,768,52,2
Qqf8jyuXuus,Kim Kardashian. MAN. Caitlyn Jenner NOT Only ONE.,Apostle Laura Lee - Church of Philadelphia,Education,1527,50,20
mki3kYak_Ik,GEORGE CARLIN: AMERICA WAS FOUNDED ON THE DOUBLE STANDARD!,ConspiracyFiles YouTube,Education,1000,44,1
PHTRzmyD5Es,Russianvids - Johnny On The Spot In Manchester,Zack Greevey,News & Politics,939,41,1
sBWvAKcKxxk,Who is David Hogg really?,L-IS Network,News & Politics,1537,39,1
-B3-qwy4W6I,LAS VEGAS Attentat! ZENSUR von Verschwörungstheorien und FAKE NEWS - Youtube und Facebook sperren!,Verschwörung & Fakten,Science & Technology,3644,37,21
cqRWTMA3kbo,Pamela Meyer Duping Delight - For Sandy Hook Comparison,Insanemedia,Education,3805,33,0
pbDFXMZTm_Y,ISS il teatrino dei burattini - DIVERTENTE - SUB ITA,Sleeping Apples,Comedy,618,33,4
mrtGBUiXuJk,EVIL NETWORK: The Chimera and Strangelet bombs IMPORTANT INFO!,AMENTI Investigations WILL OPEN YOUR EYE S,News & Politics,1637,33,1
UTARUCmU5xo,Inertia - only Law (Splintervoid Mix),Psyklon Industries,Music,919,32,0
JjykJorDhHU,FREE MONEY!! $100 000.00!,LacyBC71,People & Blogs,219,29,4
BQNyusITx7c,9/11 WAS AN INSIDE JOB!,ConspiracyFiles YouTube,Education,748,28,1
j0wmlqIByjc,Mystery Show  Zero Expectation  Live 3rdFeb 10pmUK 5pmNY,Steve Turgoose,Nonprofits & Activism,191,28,2
0AkkxX6Shvk,SONG A WEEK - Week 4 - The Machine (Lemon Demon Cover) (Unfinished),Sorakujira,Music,688,28,0
I5jv_mt6N-E,Space X fake launch reporters duping delight,Unchained,Science & Technology,5003,28,28
JZE_ZAxFgXI,MEETING OF MINDS  Reverse engineering a desired logical outcome  Live 25Jan 10pmUK,Steve Turgoose,Nonprofits & Activism,191,27,3
j_QAL4FL5I4,The NASA AQUARIUM,Sleeping Apples,Comedy,279,27,1
V2Z8FjJ7s2o,Noticias fabricadas y actores de crisis  Nº 7 - El ébola Es bola / FAKE NEWS,Desmontando a Babylon,Science & Technology,2349,26,1
R1r3MReE3Gs,Aengeldust - Agent Orange (Part 2 feat. Circuito Cerrado),Psyklon Industries,Music,582,25,0
U1Ycz1q8oBc,CRAZY REALITY: The A.I. Citizenship & Cryptocurrency TAKE OVER Is Closer Than You Think! FIND OUT!,AMENTI Investigations WILL OPEN YOUR EYE S,News & Politics,4633,25,4
HhrvPulKPNM,PENTAGON SUED/CHURCH SHOOTING,LacyBC71,People & Blogs,127,23,1
Fl1LE0RUKbY,Flat Earth Man - Welcome to the Satellite Hoax 2018,Martin D Metdubbelss,Nonprofits & Activism,195,23,2
eSKg5XZcfmw,Mystery Show  One big Family of Life  Feb10 10pmUK 5pmNY,Steve Turgoose,Nonprofits & Activism,164,23,1
NxutNzC_8AI,MEETING OF MINDS  Who s to blame?  Live Dec14,Steve Turgoose,Nonprofits & Activism,179,23,1
rXR65oEjdLg,Globe Lie - NASA s Augmented Reality / Green screen ISS Fails 2018 Compilation,Martin D Metdubbelss,Nonprofits & Activism,152,22,1
aKOBp34SIfk,ENLIGHTENING: The Great Forgetting of 1996- Cobra- The Resistance Movement,AMENTI Investigations WILL OPEN YOUR EYE S,News & Politics,1858,22,4
SZacLzAYUNY,BILL COOPER PREDICTED 9/11 REAL AMERICAN HERO!!,ConspiracyFiles YouTube,Education,866,21,1
oa1nsLCxHS0,Thoughts? COLUMBINE VS. SANDY HOOK! Rant,LacyBC71,People & Blogs,162,20,2
1F51CvSmFBo,9/11 WITNESS???,LacyBC71,People & Blogs,114,20,2
qhmPHRBDLxQ,Burns Oregon Shooting Enhanced Video Ryan Bundy Drops Cell Phone NOT Gun,Mars Daniels,News & Politics,3668,20,2
OmKIyABWGbk,Elon Musk To Flat Earthers:  You Can Tell It s Real Because It Looks So Fake...CGI,Martin D Metdubbelss,Nonprofits & Activism,718,20,2
IS2e7yCzInc,Mystery Show  Times Inbetween  Live Feb17 10p UK 5pmNY,Steve Turgoose,Nonprofits & Activism,168,19,1
AP4bL_9LF4k,ANONYMOUS WARNING WORLD WAR 3,ConspiracyFiles YouTube,Education,1766,19,4
SvhmTSREWvk,Government Child Abuse BANNED Discovery Channel Documentary The Franklin Cover up,Mars Daniels,News & Politics,2737,18,0
DCNXDHiGXwg,WACO/RUBYRIDGE  Commonality?,LacyBC71,People & Blogs,100,16,1
3RUXqzcIlv4,Lavoy Finicum You Might Want To Think About It by Chris Cagle,Mars Daniels,News & Politics,1118,16,1
3529o6lESX8,"#GLOBELIE Mediterranean Sea World Record Line of Sight Microwave #ITSFLAT",Martin D Metdubbelss,Nonprofits & Activism,79,16,2
K493mlUWYqs,VEGAS & MANDALAY BAY  NO INSURANCE?? YA RIGHT!!,LacyBC71,People & Blogs,146,15,1
CswmCmlaLNk,David Fry s Last Words to America and the World,Mars Daniels,News & Politics,544,15,1
SfnS65YlIGc,Stigmatroz - Clemencia,Psyklon Industries,Music,228,14,0
fQ800BZbJao,Local CBS Reporter Ben Swann Blows The Red Sauce And Cheese Story Wide Open,Mars Daniels,News & Politics,263,14,0
68jvJQS7PQI,Crisis Actor - Cast Iron Laws [Summer Isle],Vincent Glandier,People & Blogs,222,12,0
JdDi7zoY5_g,AMERICAN AIRMEN  VEGAS STRONG,LacyBC71,People & Blogs,63,12,1
cSrRF-ZoWeA,Nikolas Cruz in court for Monday afternoon hearing (4 minutes),WPTV News | West Palm Beach Florida,News & Politics,968,11,3
XeCt8-FIZYc,Shooting hoax revived in Texas,ABC 10 News,News & Politics,1412,11,3
b04PsIlYeRo,Crisis Actor - The Fig Tree [Summer Isle],Vincent Glandier,People & Blogs,155,11,0
tkfpblQxHqk,Nocturnal Emissions - Herpes Virus Total State [Mannequin],Vincent Glandier,People & Blogs,202,10,0
DXpX-zQ5cLE,The Paris Attacks Are Just The Beginning,Mars Daniels,News & Politics,236,10,1
44X-JanfZeE,Blaine Cooper Says LaVoy Finicum Was Unarmed,Mars Daniels,News & Politics,472,10,1
F8Hl-1D0BqU,Russianvids - Aliens Are A Freemason Hoax,Zack Greevey,News & Politics,387,9,0
BQlF4QSH7Y4,LAS VEGAS VICTIMS GOT 22 MILLION  THEY NEED MORE DONATIONS PFFT,LacyBC71,People & Blogs,88,8,0
VSPigQt3454,Fox Mulder knows,Martin D Metdubbelss,Nonprofits & Activism,162,8,2
460WcfMmuYg,Bill Cooper Predicted 9/11 Months Before - He Said Bin Laden Would Be Blamed,Trust No Man,Nonprofits & Activism,604,8,0
EPcD-8jO49M,the pleiadian lie EXPOSED pleiadian liars want to enslave humanity,Son Goku,Gaming,328,8,1
Y3W4pWqSU-A,George Bush Admits That Gov t Creates The News,Trust No Man,News & Politics,170,8,0
N7naSkzD7dc,Angular Resolution Walter Lewin (short),Martin D Metdubbelss,Nonprofits & Activism,66,8,0
lF-Ykh87r8c,Crisis Actor - Parts Of A Rifle [Summer Isle],Vincent Glandier,People & Blogs,170,7,0
j34Qaq-rfbQ,Nocturnal Emissions - No Separation [Mannequin],Vincent Glandier,People & Blogs,106,7,0
aysX72-ZIqc,Illegal Immigrant Girl Cries About Her Parents Being Deported,ComYxCon4LiFe,News & Politics,1329,7,6
JghL8EaWumk,Don Knotts Baseball Announcer [2017] 🌸🌹🍁,In His Grace,Education,50,7,0
KTUK3UOGaVU,Florida Shooting was during a scheduled Active Shooter Drill ?,AW Media,News & Politics,245,6,0
6tgS95hAImM,Nocturnal Emissions - Moss Side - The Erasure [Mannequin],Vincent Glandier,People & Blogs,147,6,0
EimnPEngeuw,Nocturnal Emissions - Sperm Count [Mannequin],Vincent Glandier,People & Blogs,115,6,0
yNVQ7F9qJQ0,Mystery Show  backstage pass  (©EDITED!) 2 Dec,Steve Turgoose,Entertainment,83,6,0
WUuB9SLLOTE,Obama Grants Presidential Pardons to Cocaine Dealers,koshatim,Education,119,6,0
dbHoTo5vEFQ,Nocturnal Emissions - Wee Wee Wee [Mannequin],Vincent Glandier,People & Blogs,126,5,0
6jzPgrikwHw,Hurricane Irma: HAARP  Rapture 9/23 Or Natural Storm? [2017] MIRROR,In His Grace,Travel & Events,143,5,1
9rBzbhQ0JIk,The DEMONS behind superstition [2017] MIRROR 🌸🌹🌻,In His Grace,Pets & Animals,87,4,0
sP_otH403u0,JANUARY (janus)  the Pagan Beginning [2018] mirror 🌹🍁🍃,In His Grace,People & Blogs,96,4,0
s5LNoKa7udc,Windrock trail 22,koshatim,Entertainment,630,4,0
PYVgibLXTwY,Windrock Park Trail 11,koshatim,Entertainment,240,4,0
-bJWeQSUJec,Paris Attacks William Engdahl Explains the Past  Present and Future of the War in Syria,Mars Daniels,News & Politics,270,3,0
Mj1-gdpX0jM,shocking must see TOM CRAWFORD the victim of uk corruption,SuperEarther,Nonprofits & Activism,91,3,0
sCef_hKoaA4,Rowan Cheshire misses out on medal in ski halfpipe final as Cassie Sharpe claims gold,Artnewsive,News & Politics,374,2,0
r_tT5Wc2LaY,Ammon Bundy denied bail  will remain behind bars Examiner com,Mars Daniels,News & Politics,509,2,5
MTPH3lABahg,Windrock Atv Park trail 22,koshatim,Entertainment,419,2,1
q3s1jS7Upo0,Windrock trail 22,koshatim,Entertainment,719,2,0
AUDU-DpJZ2Q,Chaffetz calls Sessions a  Worthless Attorney General,Don Parker,Education,35,2,1
x_igjknTGTI,At War with Maniacs ~ Bertrand Russell  a  philosopher  has issues with Christ. [2018] 🌹🌷🍁,In His Grace,Education,25,1,0
TVz5fgav9GA,Snowboard Ester’ and ‘Skier Ester’ become one Olympic gold medalist,Aban Famous News,Entertainment,6,1,0
1_58zs91p1w,Lindsey Vonn’s Olympic legacy,Aban Famous News,Entertainment,3,1,0
rd6RTqZA7j4,Boston Terrier comedy,koshatim,Comedy,166,1,0
bW5b7ZfwzVA,Wendy Williams take three weeks off for treatment of Graves  Disease 😭 😭,Artnewsive,News & Politics,32,1,0
SIsz6KcqvhQ,Trump Blames Video Games for Mass Killings. Researchers Do Not. | News News,news news,News & Politics,1,0,0
L5krfNZd3fc,Michael B. Jordan on the potential downside of  Black Panther  being so hyped up,Artnewsive,News & Politics,90,0,0
bB1Y5sfpbyg,12-year-old killed  4 others injured after house explosion in Texas | News News,news news,News & Politics,26,0,0
SuQq1vPVcVc,400 000 People...Live In Hell On Earth : Bombing Of Damascus Suburbs Kills Hundreds | News News,news news,News & Politics,15,0,0
B3BXhAlXD-s,Time running out for eastern Ghouta | News News,news news,News & Politics,11,0,0
wrYFJYLE2aY,Trump administration hits North Korea with more sanctions | News News,news news,News & Politics,4,0,0
2tDQB24CM3Q,Palestinians are angry U.S. will move embassy to Jerusalem on their day of  disaster  | News News,news news,News & Politics,2,0,0
AkruVh0HP50,Turkey says US decision to open embassy in Jerusalem damaging peace | News News,news news,News & Politics,7,0,0
7SeVJROSD7o,U.S. Embassy to Jerusalem Will Commemorate Israel s Founding  Palestinian  Naqba Day  | News News,news news,News & Politics,5,0,0
8yjT958ds4E,U.S. Speeds Up Timetable for Moving Embassy to Jerusalem | News News,news news,News & Politics,4,0,0
h_SoBVhC3ws,Trail 32 Windrock,koshatim,Comedy,103,0,0
DOHdvQbiQ10,Windrock Park Trail 2,koshatim,Entertainment,359,0,0
gkNJvEu8VtI,Windrock trail 32,koshatim,Comedy,235,0,0
HeDbsMmZMAE,Johney Ellison Trail 32 Windrock,koshatim,Comedy,51,0,0
zNJO_HWEf20,RE Hooters Casino Dealer Describes Scene Near Las Vegas Shooting,bill1224601,News & Politics,26566,,
v8ytavUqzTs,Are You Having Any Near Death Experiences?,Tearstojoyministries.org,Music,26,,
px83pdQ7opQ,GOD Spoke To Me Last Friday Night (This Is What He Said),Tearstojoyministries.org,Music,31,,
NMrF1gvVBNY,Inside Ariana Grande Manchester Concert During Terrorist Attack,MITCHELL WIGGS,Music,469248,,
NTxsan3s8Aw,W5: Fentanyl crisis ruining lives in Sault Ste. Marie  Ont.,Official W5,News & Politics,52517,,
MLXDETRhCHk,SCARIEST INTERNET MYTHS,shane,People & Blogs,3139428,152388,1386
tfXWXNItF_Y,Pizzagate Is An Alt-Right Fever Dream,The Late Show with Stephen Colbert,Entertainment,3504593,50087,32899
j9w-i5oZqaQ,Ancient Aliens Debunked - (full movie) HD,VerseByVerseBT,Science & Technology,6607456,48861,8131
XIUaRgwJshE,Alex Jones: Conspiracy Pusher or Performance Artist?: The Daily Show,The Daily Show with Trevor Noah,Comedy,2604759,42496,2057
XHbrOg092GA,New: CIA Agent Whistleblower Risks All To Expose The Shadow Government,Dane Wigington,Education,1840571,33721,1484
P4zsAaOewBU,10 Dark Secrets Of AMISH Families,TheRichest,Education,8386755,30441,7606
mjzrvRKv6Ks,The Daily Show - Charleston Church Shooting,Comedy Central,Comedy,2496665,28691,1357
mVuspKSjfgA,The Daily Show - John Oliver s Australia & Gun Control s Aftermath,Comedy Central,Comedy,3219742,24355,1067
A4jxhhXHWYA,Der größte YouTube Skandal! Verstörende Kinder-Videos auf YouTube! Elsagate,CreepyPastaPunch,Entertainment,289093,19090,297
REPFH2V_EYo,Top 10 Fake News Stories of 2016,Mark Dice,News & Politics,419156,18325,594
rd3VC7iNa-w,Iron-Clad Proof of Vegas Crime Scene Cover-up They WON T Want You to See!!,HighImpactFlix,Entertainment,528328,17119,711
-4xTzuLXTIU,CEO gives job applicants a  snowflake test,Fox News,News & Politics,1309070,14634,8127
722ay7RcOZ4,Melania Stopped Her Speech To Turn The Crowd Saw The Chilling Thing Behind Her(VIDEO)!,GLOBAL News,News & Politics,3512795,13891,9336
0Fp3xgmQgiA,PROOF: MEDIA & LAW ENFORCEMENT ARE LYING ABOUT THE VEGAS SHOOTING,SGTreport,News & Politics,1024572,11362,2095
2h1QNTQDnoU,Obama Caught Fake Crying,The Alex Jones Channel,News & Politics,1257518,10816,7417
maoeCjI9o6E,The CRITICAL Vegas Footage You re NOT ALLOWED to See on Social Media!!!,HighImpactFlix,Entertainment,814118,10759,1438
GGYkcj4kbak,10 Strangest Biblical Conspiracy Theories,Alltime Conspiracies,Education,753369,9213,1164
-CETiBe9X7g,The Collapse of Germany: Angela Merkel s Failure,Stefan Molyneux,News & Politics,194479,9101,313
FUxNktEGslk,What the Media Won t Tell You About North Korea,reallygraceful,Education,542440,9098,1366
kSH56Zt2Pq0,"Top 10 Reasons NOT to move to Las Vegas  Nevada. #1 is obvious.",World According To Briggs,Travel & Events,1443875,8094,5680
mKl7ZS-1fZo,BO2 - Sandy Hook Conspiracy Nonsense (Black Ops 2),WoodysGamertag,Gaming,231730,7903,1770
7hmQ6fhS7oI,Body Language: Child of Rage,Bombard s Body Language,Entertainment,223487,7511,172
ax2Q5_vl4_k,Black Panther Actor Faces Backlash for Not Dating Black Women,No Bullshit,Entertainment,235368,6459,1228
siFWWN2RvsU,Hollywood s Rabbit Hole Goes Deep,Jay Myers Documentaries,Entertainment,363533,6348,310
-UAvLhaF-Eg,Bill Maher Explains American Politics To UK Students,RethinkingLife,Education,640435,6155,478
CDS9gmdHtB8,The Algorithm - Brute Force // FULL ALBUM (2016),The Algorithm,Music,360874,5603,108
TFPOstgw3rk,George Bush caught LYING about 9/11,BigKnows,News & Politics,2422667,5203,1469
kgUDbvKYbWk,Top 10 Ridiculous Alex Jones Moments,WatchMojo.com,Entertainment,300232,5189,1979
rAt3qVTjKCk,Racist Ad Will Make Your Skin Crawl,The Young Turks,News & Politics,220864,4977,1312
BMtLU0w0giI,Body Language: HIllary Clinton and the Infamous Ear Piece Debate,Bombard s Body Language,People & Blogs,198626,4841,142
GHHjxBQ-xPM,JASON ALDEAN KNEW!! WHAT WAS GOING TO HAPPEN IN LAS VEGAS 100 PERCENT PROOF! *MUS SEE*,Truthneversleeps,Entertainment,505531,4611,1923
9o7u370kS-4,Stevie Wonder and Ray Charles EXPOSED By Quincy Jones - GQ Interview,Controversy Radio,Entertainment,581940,3885,707
P9qu4kIwg7o,Man Survives THREE Terrorist Attacks in Boston  Paris  & Brussels,ABC News,News & Politics,357293,3602,708
_hOEHLaMQbM,Bombshell: Hillary Clinton  Pedophile Sex Tape  About To Be Released,David Zublick Channel,News & Politics,98523,3559,89
YvHaBKaCSCg,Power Grid Going down November 4th.,RichieFromBoston,People & Blogs,106007,3439,270
Iz8JjKZZPNU,SHOOTERS neighbor Ex marine SPEAKS OUT,RichieFromBoston,Comedy,115702,3434,120
mUOSdC2-9Tk,Fox Advertiser Admits Fox Viewers Are  F-ing Idiots,David Pakman Show,News & Politics,118820,3367,106
K2aqH5TRlYM,AMELIA EARHART- THE SECRET SHE KNEW,The Truth Show,Entertainment,296705,3241,353
zWUgDmpYtLI,Refutando criticas terraplanistas al Tesla de Space X,Alerta Pastores Masones Infiltrados,Education,56638,3037,445
IRTOCNqcX_0,THE BANKS ARE GETTING OUT FIRST: WHERE DID ALL OUR MONEY GO? | Lynette Zang,Reluctant Preppers,News & Politics,209041,2984,163
qgjaySesr5Y,Extreme Weather Alerts  It has Begun,RichieFromBoston,Science & Technology,68736,2975,80
_EN7eYg6YK8,Anderson Cooper s MAGNIFICENT Take On Trump s  Incompetence  Giving Unclear Warnings - Fynn Pardon,Jon Snow - The Viral Network,People & Blogs,282557,2703,372
qw5Q_zqB1xo,Things I like to pee on,Maddox,Comedy,81231,2570,645
I6wQM-wK8w0,Evidence Atlanta Airport Blackout Was Part Of Intentional Cover Up,Studio News,People & Blogs,142465,2564,190
sjiPfQMSs14,What Exactly Is the Bilderberg Group: Why It Matters and Why the Media Never Dare Utter Its Name?,Lionel Nation,News & Politics,73137,2481,81
CW876kb5UCA,Insider Reveals Their Plans with Chemtrails & How To Survive,Urban Prepper1,Education,90079,2202,92
N6oqqqI6IRo,💲 Follow the Money / George Soros - Las Vegas Shooting - Part 37,Blackstone Intelligence Network,People & Blogs,53785,1752,48
QaKL15W_4og,This IS What Really Happened. 9/11 Eyewitness Testimony Pt. 1of3,TruthIsKey,Education,311640,1746,104
EfxZT_a5uIc,URGENT Jade Helm 15 Update Mass Casualty Units Have Been Deployed,Christian Journal - Media,Education,302515,1734,233
IKoSIy6VwcE,Sun has a GRID on it GOOGLE DOODLE,RichieFromBoston,Science & Technology,29407,1679,56
f0v3LITLhTc,What is Eloptic Energy? | CLASSIC,Stuff They Don t Want You To Know - HowStuffWorks,Entertainment,136617,1651,78
0uIwFNbZCW8,CANNlBAL CLUB EXPOSED: PRIVATE RESTAURANT IN LA,James Munder,Education,32063,1402,51
mOJpZAO9EFM,Las Vegas False Flag bewiesen: Robbie Williams  George Soros mit Vorwissen,Oliver Janich,Comedy,57583,1366,187
2MB9jHOJ_Vg,Dramatic pictures of mock terror attack in Manchester,ODN,News & Politics,300084,1199,410
dMauSoC45e0,Body Language: Trump Care Fail,Bombard s Body Language,Entertainment,22250,1005,28
8UqD9UdsF44,STEVE PIECZENIK ST CMD Oct 14 17 OPUS 26,Steve Pieczenik,News & Politics,19903,919,74
j53-ssgiW48,Shia LeBeouf s  He Will Not Divide Us  Backfires in Beautiful Form,Sheila Allen,News & Politics,28421,895,45
4jdqDMJSp1M,Katy Perry s Bon Appétit = Illuminati 80s Movie  Society,Sheila Allen,Entertainment,51618,891,171
Y3ENzLM4P7I,GOP AMTRAK TRAIN CRASH- NEW INFO,DeceptionBytes,News & Politics,13317,854,16
RO5lt2O0Fo8,Making a Morgellons Scrubber,HerbsPlusBeadWorks,Education,53847,826,42
7gY3Echm4iA,A Delicious Suicide: When People Eat the Way they Feel about Life,iAmBrotherPOLIGHT,Education,25001,742,42
WOZyytEnXo0,Lionel s Manifesto: The 12 Rules of Critical Thinking,Lionel Nation,Film & Animation,26571,721,11
vd-Oya-AFkk,Trump Scientology & Hillary Witchcraft - Josh Reeves,Freeman Fly,News & Politics,52072,715,98
77pPDUj3tnU,How the Illuminati Destroyed Venezuela,Titus Frost,Music,55924,678,122
Y1iXWh0bc5o,Manchester bombing  Luciferian performers  False flags and the phoenix program.,John St Julien Baba Wanyama,Nonprofits & Activism,24888,672,59
Wn5pIkEHPf0,CNN FAKE REPORTING ON GREEN SCREEN,gunzafire,People & Blogs,105640,594,37
H5d0LdlFOCw,🔥 Grenfell Tower Fire in London is Evidence That WTC 7 Was An Inside Job,Blackstone Intelligence Network,News & Politics,34104,537,61
5XDCstYCY2g,TESTIMONIANZA DI UN EX MASSONE: LA MASSONERIA E  UNA SETTA SATANICA,INFORMAZIONE ALTERNATIVA,News & Politics,172003,531,120
-xI-FOzxK2k,President Trump visits Florida hospital after shooting. Feb 16  2018.,CHANNEL90seconds newscom,People & Blogs,53154,506,54
hOBfZV-IG0Y,FL School SH00TER Wore TRUMP MAGA RED Hat -- No Comment From TRUMP,SHYDUX MEDIA,People & Blogs,78608,498,74
DoMfGqvXCPg,Truther Audit: David Seaman,Sheila Allen,News & Politics,8780,477,216
-QmSATY6KSQ,David Wilcock October 02 2017 - THE LEGEL BASIS FOR THE MASS ARRESTS PART 1 - Corey Goode 2017,Donald Benson,Science & Technology,31260,476,62
0PSc6xRz9NY,The Las Vegas Shooting started at 9:47 pm - NOT At Mandalay Bay..!!!,John E Hoover,News & Politics,8733,416,24
QDUKqU6PqW4,NEVADA: Jade Helm & Red Flag Drills  Looking Into Area 51 from Tikaboo Peak,DAHBOO777,News & Politics,50357,412,51
gEFloixGiKQ,BREAKING Jade Helm Fema Camps Spotted In Nevada,Christian Journal - Media,News & Politics,47131,344,30
BEN_jOOWhOc,Black Trump Supporter Blasts Sanctuary Cities at L.A. County Council Meeting (FULL/UNCUT),Sheila Allen,News & Politics,8941,334,14
MiExb5FmB04,Trump’s Retweet of ‘CNN Big Loser’ Meme Has Set the Internet on FIRE!,End Times Prophecy News,News & Politics,4715,333,4
cMEFwLMRalE,Payday Monsanto - Chosenite s Lament,Thought Criminal Music,Music,18416,318,9
yUWZwod1oZs,Gunman Randy Stair Leaves Digital Archive After Mass Shooting,Sheila Allen,News & Politics,6387,301,36
KzIM5FHMwMk,Twitter CENSORING Pro-Trump Replies to @POTUS/@realDonaldTrump,Sheila Allen,News & Politics,3085,296,10
na3qeoMMgSU,"Terror in Paris: False Flag? Übungen  Darsteller  Pass gefunden #paris #frankreich #ParisAttacks",Don R. Wetter,News & Politics,36710,245,62
gZhCnyXb0yE,Robbie Parker _Heartbroken_ At Daughter_s Funeral,Robbie Parker,News & Politics,27048,244,21
ybDx0XDbugU,Truth about the Mysterious Las Vegas massacre! *must watch*,Catalyst Taylor,People & Blogs,18003,228,58
xwyDZdrXF7A,Survivors stories from the Grenfell Tower fire - BBC London News,BBC London,News & Politics,56707,223,14
-ms_2zDma00,Parkland School Shooting  David Bowie  Illuminati Ritual Magick  and Occult Predictive Programming,illuminatiwatcher1,Education,8142,205,23
fWIhur4z8t0,Paddock- Wrong Place Wrong Time,Mikhail369,People & Blogs,82971,205,82
nd6u4orI8B8,FBI investigates new person of interest in Las Vegas massacre,ABC News,News & Politics,43556,204,71
JgE1O83KqfY,Alex Jones (4th HOUR) Wednesday 2/21/18: Jalen Martin  Jim Hoft FL School Event & CPAC,Ron Gibson,News & Politics,11496,196,20
-6QUWqQOc8Q,Hidden In America | Mormon Manson | Documentary,Hidden in America,People & Blogs,64765,196,101
0xMgeYTdaIU,Richie From Boston the shill gets a Gematria Lesson  January 8  2018 +Zachary K. Hubbard Truth,Zachary K. Hubbard,People & Blogs,6074,178,69
Ges-LjEd3IE,Petroglyphs - Equilibrium [Official Music Video 2018],ItDjentsTV,Music,2689,171,11
FRQmSBhO3dY,ORLANDO: All Or Nothing Tactic - FBI:  WAS ALL A PSYOP U C,ExplorerOne,Education,3498,166,13
m_18lbq0uow,"NEW Illuminati Occult Evidence Found On FB Page of #DALLAS Shooter!",ExplorerOne,Education,8306,165,10
QxcsM3tHBOw,Aviations - Dizziness Explained [Official Single Stream],ItDjentsTV,Music,3679,160,2
vxNjsvo1FHk,The Antares Effect - The One [Official Music Video],ItDjentsTV,Music,4130,151,27
5wHkWBq-FCs,Sandy Hook Medical Examiner Wayne Carver is a very funny guy.,Standonarock,People & Blogs,33428,150,13
yOrh43ZJ3iY,RAW Hooters Casino Las Vegas shooting 59 Dead 527 Wounded,Ronson ¡n s¡n California,People & Blogs,52121,125,40
9K5sSqD63E0,Construct - Devil Inside [Official Music Video],ItDjentsTV,Music,3407,125,9
OjcwPK3kono,[WAS LIVE] Classic Sheilaaliens Videos - Strange Phenomena + Music = Fun!,Sheila Allen,Entertainment,2142,124,10
LKjXueo1PrA,TYT - 06.27.17: Sarah Huckabee Sanders vs Reporter  Democratic Lobbyists  Jason Chaffetz  and...,TYT Shows,News & Politics,18304,123,26
QdOdsyW5PZo,Lemon Demon - The Ocean,ladyandkidragmen,Education,6609,123,2
71-h1mOOPks,Nekoma Complex - Crisis Actor [Exclusive Premiere],ItDjentsTV,Music,3694,121,6
WU8Yk7LHPpc,Jonny Turner - Journey [Full EP STREAM],ItDjentsTV,Music,1828,116,2
TCv4Shu3Hlg,Texas Church Shooting: Survivor Says Shots Were Fired From  The Roof  | NBC News,NBC News,News & Politics,42008,114,66
RhkwPnmW2vA,Gizemli ABD li Jacob Jake Raak Kimdir? Mete Yarar Teke Tek te Anlattı,Habertürk TV,Sports,47624,107,16
AzgptBGrDCo,A video that Somebody doesnt want you to see !Sandy Hook- Gene Rosen Please Explain??,amos green,Nonprofits & Activism,15221,90,6
Lbdck111W8k,Everything Is Terrible - Obsolescent [Exclusive Premiere],ItDjentsTV,Music,2129,90,4
KtDYIJNLqS4,Everything Is Terrible - Anodynic State [Official Music Video],ItDjentsTV,Music,1786,85,2
1UnsbsXOJx0,Texas Church Shooting Hoax False Staged,ThaReaLesT62QB,Entertainment,7234,80,36
0PoSGU0_DQQ,Sandy Hook - Documentary - Coincidence or Conspiracy - New - 2017,Jose Hamilton,Film & Animation,23184,63,39
6PfIch6no5I,”Terrorism”: Fake Enemies  Fraudulent Wars,noliesradio,Nonprofits & Activism,3249,62,5
ZK0i2U27yok,ROGER STONE: Trumps Endorsement Of Mitt Romney Is A Mistake - ALEX JONES INFOWARS,INFO WARS NEWS,Entertainment,957,56,2
5z2JEeN_Z88,Part 2 | CNN goes full Orwellian  calls for complete censorship of truth speakers  Feb. 23  2018,ZACHARY K. HUBBARD 13,People & Blogs,587,56,1
qq9qLbg6DnU,The Plague Why You Should Be Concerned,Kill The State Live Free,Education,5184,56,7
Aebaenbe_B0,"Conspiracy theories on both sides - #TwitterLockOut and “crisis actors”",OpenMind,News & Politics,1374,52,25
vrRHNsNlEjU,Ariana Grande Inganno | 100% Programma Predittivo _sub ita,Alpha Resch,People & Blogs,2344,52,5
az257yLP1Ww,calling around Marjory Stoneman Douglas High School.,DoubleHoopNation,People & Blogs,1565,46,13
6XoY8JHNp6g,Helicase - The Current [Exclusive Premiere],ItDjentsTV,Music,1008,43,0
VzpSkfuzV2g,Las Vegas shooting victim slammed with death threats: ‘I hope someone truly shoots you’,New York Daily News,Sports,24017,38,128
8ET5jTOK39k,Crisis Actor Charlottesville,Jude Stringfellow,Comedy,4902,38,8
TYd7Ilk-h_U,Douglas High Shooting FALSE FLAG: Occult Numerology Deciphered,Brother Berg,Education,1054,37,4
2yACpKev0VE,UN PLAN to MIGRATE Americans with JADE HELM Ready to help.,MLordandGod,People & Blogs,8717,36,20
tIjti5nCg74,Zachary K Hubbard | Why David Rockefeller died March 20  2017 + 911  NWO & Henry Kissinger,Zachary K Hubbard Classic s,Education,1858,36,4
KD019Frv5UY,Alleged Pennsylvania cop killer Eric Frein captured,CBS This Morning,News & Politics,11298,36,6
fP7NyJPawpA,Reporter death,failer211,News & Politics,12112,33,0
hxAX1M6CwDI,*UPDATE*  A Number Of Vital Funds Are Now Being Released  ~ Sheldan Nidle April 14 2015,AMENTI Investigations WILL OPEN YOUR EYE S,News & Politics,1280,30,4
DmG1aS1HIEY,You d have to be a scumbag to think this Stoneman Douglas parent was a crisis actor,ZACHARY K. HUBBARD 13,People & Blogs,256,29,3
_mo55br5PLs,Grenfell Triangle Search Light... everything is normal  nothing to see here,mental_boost,People & Blogs,10192,27,12
fbDrpBFju5E,Manchester Hoax - crisis actors - Martyn Hett s father  mother and step father,Italian Hoax Watch,People & Blogs,897,23,2
jTZKzlPN8s0,Mystery Show  things that no one knows  Oct14,Steve Turgoose,Howto & Style,246,21,4
y4N1W5skzdg,Student stage  end of gun violence  walkout at Olympic Heights High School,WPTV News | West Palm Beach Florida,News & Politics,1366,18,4
NBy1Irq4HBY,Helicase - Realms... [Exclusive Premiere],ItDjentsTV,Music,418,18,0
3QxxlIQhlww,Comet Arriving November 2013 Will Be 15x Brighter Than Moon & Visible In Broad Daylight,Patriot News Organization,News & Politics,5485,17,3
2Tnjw--kZxE,Stockholm Truck Attack -  eye witness  interview,Hocus Focus 911,Education,586,13,0
xdjshJnsplo,President Elect Trump refuses the presidential 400k salary   Vacations and will deport illegals,koshatim,Education,1627,12,1
oFJSAVaWuGY,COG - ZIKA/West Nile Virus Returns in 2017: David Rockefeller  Satanic Freemasonry (Mirror COG㆓),Citizen of Gotham,Education,143,11,2
EVxhOqOvctg,Children Full of Life - Inspirational True Story (Full Documentary),Trust No Man,Education,289,11,0
iue2Fbm2gLE,GOT A CELLPHONE? THEN GET ON FIRE🔥& PUSH THIS TRUTH! NO EXCUSES & STOP BITCHIN!,TheHouseOfJoseph,News & Politics,90,9,0
BXGWMTbcVPI,LaVoy Finicum Murdered by FBI Analysis,Mars Daniels,News & Politics,210,8,0
auGXRMjRCXM,Crisis Actors are a Damn Conspiracy Theory,Kill The State Live Free,Education,200,6,0
ogBTlVWvwVs,Whatever You Do Never Give Up Your Weapon,Kill The State Live Free,Education,38,6,0
WWJD3BMCxcQ,Syria Sarin gas Attack Dead Girl opens Eyes Pt2,WTFworld,News & Politics,141,6,0
pwE3dXHAg4Y,George lucas warn us about the illuminati,Son Goku,Gaming,175,6,1
tMpmpGR-xKg,School Officer Filmed Pretending to Shoot Children from the Rooftop,Kill The State Live Free,Education,47,5,0
oXKtINopHEg,Push To Make PCH Safer For Drivers,CBS Los Angeles,News & Politics,117,5,0
GuD5Idxzcro,Too much Fluoride In and On the Tea s and Water Cause Fluorosis,Mike WhoRu,News & Politics,219,5,0
tiv58xOwoKY,Two Unruly Girls Arrested For Disruptive Behavior At Los Angeles Subway,ComYxCon4LiFe,News & Politics,2048,4,2
j6Z7ED6SP14,BUSTED!! Alyssa Milano Caught Protesting With Pro Illegal Immigration Supporters,ComYxCon4LiFe,News & Politics,1466,4,0
J0STVs6ZvSo,Controversy Over Rod Rosenstein  the FBI & Fisagate,Don Parker,Education,30,4,0
rZ_qyJZJBN4,OUR ENEMIES WON’T SEE WHAT’S COMING WHEN IT HITS THEM  QAM YASHARAHLA! 👊🏽,TheHouseOfJoseph,News & Politics,39,4,0
CtnYzLXLuXk,David Hogg  something that is completely unacceptable and that we need to take action on,Everything Channel,News & Politics,1088,3,22
HCsg4ICvVp0,Was Trump Tower Fire Foreshadow A Illuminati Hit?,ComYxCon4LiFe,News & Politics,625,3,0
-ad-Y4m7vJg,London Bridge Terrorist Attack Bar  Scene  Staged Bullsh*t,WTFworld,News & Politics,57,3,1
R1fKxyko4l0,PARKLAND SHOOTING: MOTHER NEGLECTS DAYGHTER FOR TV INTERVIEW  SMFH!,TheHouseOfJoseph,News & Politics,26,2,0
sOvBaBPQNqs,Iran Israel Update,Kill The State Live Free,Education,33,2,0
YRdNQQHCZQg,Bjorn Krupp s story perfect reflection of Germany s incredible Olympic hockey run,Aban Famous News,Entertainment,5,1,0
XdD-WQYMPFg,Having fun in the snow on our RZR 1000,koshatim,Entertainment,35,1,0
g7X92Xp_h6o,Father Goes Ballistic At Larry Nassar,ComYxCon4LiFe,News & Politics,1166,0,1
676WAZqGLHo,Father Tries To Attack Larry Nassar At Third Court Hearing,ComYxCon4LiFe,News & Politics,1606,0,0
rB_TgLl4jWo,The Truth About Assassin s Creed Origins The Hidden Ones,ComYxCon4LiFe,News & Politics,521,0,2
C3Lokk85znc,Transvestigator Site Update & Rihanna Baphomet Image,Apostle Laura Lee - Church of Philadelphia,Education,9397,,
fylrFHTsM54,Robin Wright. Transvestigation.,Apostle Laura Lee - Church of Philadelphia,Education,7073,,
U_kzjgBIVrM,Church of Satan in Newtown Connecticut-Must See,The Alien Fossil Project,News & Politics,342529,,
N4ycabIlWv0,SCARY CONSPIRACY THEORIES!,shane,People & Blogs,5980057,163264,1370
4U8wHO5eT38,“Don’t Tell Women What To Choose  You’re a WHITE MAN” Ben Shapiro OBLITERATES SJW On Abortion,MagiCal HD,Film & Animation,1014713,20554,611
fXMh3VMC9CQ,KFC s New Female Colonel Made Some Dudes On The Internet Mad AF,The Late Show with Stephen Colbert,Entertainment,1347242,15717,1014
rHAlyYqGRJ8,Deshalb solltest du keine Freunde mit nach Hause bringen!,CreepyPastaPunch,Entertainment,314029,12354,335
eeQ5Nd3I3YI,Plini -  THE END OF EVERYTHING  - FULL EP,Plini,Music,1005624,9945,147
ge8QURSTaBY,Hear Police in Final Moments Before Facebook Killer Steve Stephens Shot Himself,Inside Edition,News & Politics,1211300,9634,504
zzzw5iYhDEw,The Tragic Case Of JonBenét Ramsey... | What REALLY Happened!?,Hailey Reese,People & Blogs,143581,8064,118
uoIbgmGxdmE,The REAL Reason For War In Syria,The Young Turks,News & Politics,469551,7961,997
gJSLY5xpaLU,Why Pawn Stars Is Totally Fake,Nicki Swift,Education,3318696,7441,2223
JBC7dA0vq4A,Aesthetic Perfection - Love Like Lies (Official Video),Close to Human Music,Music,414413,6122,289
SMMtrmdp-NA,Food - The Ultimate Secret Exposed,truthinvideos,News & Politics,403525,6078,294
fzl7qu1LGtw,Why Hollywood Won t Cast Leelee Sobieski Anymore,Nicki Swift,Entertainment,2046691,5975,971
ypIKIIUvVto,High-level CIA: Elite are Satanists,The Alex Jones Channel,People & Blogs,521140,5143,454
HXoQbq4V8do,What Pisses Me Off About The  Release The Memo  Scandal,Stefan Molyneux,News & Politics,70455,4725,97
Oc-AsN7d1wg,Mr. Robot Season 2 Trailer (HD),TV Promos,Entertainment,870561,4637,88
dySlOCfJ6X0,EVIL is here The NEW WORLD ORDER,RichieFromBoston,Science & Technology,182677,4492,229
nL81W5WY694,Body Language: Susan Rice,Bombard s Body Language,Entertainment,167865,4345,169
BkSUE7esjG8,Anderson Cooper grills Bondi on LGBT support,CNN,News & Politics,811929,4228,1614
-70ivb3ZEp8,Body Language: PEOTUS Donald Trump,Bombard s Body Language,Entertainment,230896,4144,805
tAdEUOLxuVY,The Most Interesting Man In The World´s BIG SECRET (2017),TheScariestMovieEver,People & Blogs,117857,4112,140
Pjmktbt-F_Q,9/11 Inside Job:Bombs in Buildings,Traditional Catholic,News & Politics,1874281,3732,695
ss065eR_-bY,Cop Fired For NOT Shooting Man Wins Settlement,The Young Turks,News & Politics,95383,3704,106
-LiZGUb-a-M,Hillary Clinton Snaps At Trey Gowdy & Gets Shutdown,Josh Corpolongo,People & Blogs,483324,3686,251
dQVfQCpYocQ,Rep. Louie Gohmert Goes Berserk On Anderson Cooper!!!,SuchIsLifeVideos,News & Politics,765824,3563,261
U15nuzLG9B0,Gun Owners Break AR-15s After Being Horrified by Florida Shooting,Inside Edition,News & Politics,98786,3552,420
3QYKQmAwjRE,Brother Polight (Full Interview),djvlad,Entertainment,243018,3501,220
Jol-4xa8EJ8,moving out of California,anne ette,News & Politics,467283,3475,351
E2LSjazTIOM,What THEY Did For Fame Is EVERYTHING Wrong With Hollywood (2017),TheScariestMovieEver,People & Blogs,91482,3432,102
naM2b8KrPtQ,Whistleblower: Hawaii ICBM Alert Was Real  US Shot Down Missile,The Alex Jones Channel,News & Politics,102026,3053,130
Lf2KP16ljZk,Yehya Reviews Black Panther,Jimmy Kimmel Live,Entertainment,113079,3040,120
4RJBbwzfDmI,Dick Gregory speaks on Charleston Church Shooting  Dylan Roof  and Manchurian Candidates,blackmagik363,Education,238865,2599,131
DcwhMvPIksI,FEMA WAS THERE. BUT IT WAS MOSSAD?,RichieFromBoston,News & Politics,46317,2499,97
Hq5TA0Kbrsw,**!!UPDATE** OAHU {{ACTUAL}} ICBM INBOUND 1/13 CONFIRMED!!,Florida Maquis,Education,187782,2346,166
Bt2RqNSUE5g,HALLOWEEN: Illuminati-Satanist High Holy Days Revealed,The Black Child,People & Blogs,167120,2299,85
XO5EnT60g3E,Man describes saving best friend from Vegas shooting,ABC News,News & Politics,574594,2220,767
fzT1l7B_ZKE,"#PizzaGate / #PedoGate - The UnAnswered Questions Documentary - Part 1",Titus Frost,News & Politics,75661,2000,69
dLuwJniKhtY,3 Things About Your Brain That No One Understands,Stuff They Don t Want You To Know - HowStuffWorks,Entertainment,158089,1995,128
NhW0o2ym8h8,Paris Attacks Truth: ISIS is a False Flag,corbettreport,News & Politics,142424,1977,177
MWN32ToTRCo,SATANISTS PAY KIDNAPPERS to ABDUCT WOMEN & CHILDREN!!,The Black Child,People & Blogs,191851,1953,104
po8bO5NP0B8,Body Language: Trump On Charlotesville,Bombard s Body Language,Entertainment,49688,1943,296
2F4LA73MKNM,The STRANGEST THING  about Stranger Things...,the Truth is stranger than fiction...,Film & Animation,72022,1884,98
G_mA3WQ2b6M,FEMA WHAT IS THE TARGET,RichieFromBoston,People & Blogs,38544,1864,59
b0Xp-pUV8H0,Americas Corporate takeover is almost complete,RichieFromBoston,Comedy,33022,1811,71
bgSySPgjofY,Illuminati Ritual Performed On LIVE TV: Lucifer Released,ExplorerOne,Education,424517,1772,1388
URURxpA5qj8,Do You Think Justin Bieber is a Girl and Miley Cyrus is a Boy-You re Probably Right,pocketsofthefuture,Howto & Style,224532,1742,413
VRTMHh3xvu0,False Flags And Drills: What They Aren t Telling You About Vegas,The Alex Jones Channel,News & Politics,60258,1635,63
z7ZOPtaVpUI,Stephen Paddock s Ties to Hallucinogenic Drug Scammers - Las Vegas Shooting - Part 36,Blackstone Intelligence Network,People & Blogs,40074,1540,66
_CGXgnH2HBc,"Reality Intercept_ed as Deep State Winner Busted - #NewWorldNextWeek",corbettreport,News & Politics,45565,1359,29
bnhGQN1IFLs,Woman Embraces Extreme Body Hair After Life-Changing Accident,Inside Edition,News & Politics,137611,1345,275
OKvejmyx2rU,Florida Shooting: Parents Teach Your Children,ashtonbirdie,News & Politics,12426,1247,74
VK1Oj8XuugM,Authorities identify Texas church shooting suspect,ABC News,News & Politics,430915,1243,872
NPy7arsGAZs,Comparing John Podesta s Voice to Voice Heard in Disturbing Leaked Video,Sheila Allen,News & Politics,80052,1179,35
74EeRkC9Z_Y,Black Child s TOP TEN ILLUMINATI-FREEMASON Moments of 2015 Pt.2,The Black Child,People & Blogs,107382,1167,77
VA3_kasCves,Sandy Hook Senator:  This happens nowhere else  - BBC News,BBC News,News & Politics,66599,1166,130
FtxWaHFu4pM,POLIGHT responds to his Brothers The Red and Blue Pill and HOK Reunion,iAmBrotherPOLIGHT,Education,88381,1156,1150
6i5NVpyxr8U,Brussels Belgium Attacks 322... Coincidence? False Flag Illuminati Exposed!!!,TruthUnveiled777,News & Politics,100298,1108,263
Iy3Zb8CMjQs,HUGE JADE HELM UPDATE MEMO Outlines Obama To Use Force Against Citizens,Christian Journal - Media,Education,143367,1047,114
Hijokqljmn4,Grenfell Tower: Hero firefighters cry during minute s silence,5 News,News & Politics,199406,1023,95
yrc9ztpzI-4,Opus 27 final,Steve Pieczenik,News & Politics,24804,979,41
lsN8Of7dEVM,Ole Dammegard | The Vegas Shooting: Inconsistencies & Strange Symbolism,TheHighersideChats,Entertainment,62314,974,66
XPeDu8sbj5w,Tommy Sotomayor vs Brother POLIGHT Debate Good Men or Misguided Women i.e Nas Jay and Carmen,iAmBrotherPOLIGHT,Education,46658,964,438
eU8Ab-RvjC8,Super-Bowl 2018: Fake-Sports-Ritual mit den Illuminati-Sellouts Justin Timberlake und Tom Brady,TrauKeinemPromi2,People & Blogs,35018,871,63
yofVZLJopwo,Cernovich About What Really Happened With Bannon And Breitbart,OpenMind,News & Politics,33010,820,89
U0EtnFeEZ-I,Prophecy | Death of Billy Graham  God s Servant - Signs and Ramifications | Neville Johnson,The Seraphim,News & Politics,39362,799,15
Ano3u_ct_F0,HUGE JADE HELM 15 UPDATE UN Trucks Spotted In Missouri And Military Is Digging a Lake,Christian Journal - Media,Education,140540,790,157
2iIBiVYWT9U,The complex - PAYDAY MONSANTO,brand1,Nonprofits & Activism,68754,788,18
jZYlZu7ija8,81 MPH Amtrak Train Crash (The Disturbing Facts That Will Creep You Out),Right Wing,People & Blogs,131367,785,219
-XMAF-ClDDs,Brother POLIGHT Gives Young Pharaoh a Very Serious Warning,iAmBrotherPOLIGHT,Education,47824,750,300
q41ipXNLJPY,Full Show - Leftist Billboard Calling For Murder Of NRA Members Kept Up / Milo Hijacks Infowars,The Alex Jones Channel,News & Politics,24491,746,50
vLShCSa8kGM,Leaving Las Vegas...,ThePottersClay,Education,7778,681,8
6g4-SOPnxyk,PT.1 RAW FOOTAGE ACTIVE SHOOTER Caught On Camera inside Las Vegas music festival PT.1,Stay Woke TV,Autos & Vehicles,93398,654,471
2Z0bZBPpDsM,9/11 The Israel Connection - James Perloff,Freeman Fly,News & Politics,34983,640,65
ZaGZXUFtiMw,Morgellons  What They Don t Want You To Know! 832 343-5425,Michael Chapala,Education,66729,612,60
5P8ox8SCVcY,Harald Kautz - Vella Speaks Morgellons-Watch This video first,Quantum Resonance,People & Blogs,29461,608,18
yO8h5LxYH8E,THIS is How LOW The REPUBLICANS Can GO - Thanks To TRUMP Jr.,SHYDUX MEDIA,People & Blogs,69362,584,61
SUtKEinuxOM,(FULL) The Pleiadians are Amongst Us - The Real History of Man !!!,OOWK MEDIA,Education,46607,582,58
X6HAI18WwDo,DR. STEVE PIECZENIK on Coast To Coast AM,Steve Pieczenik,News & Politics,57862,572,15
SEeF1R0a15U,MK Ultra trainer story. Her Identity Revealed. Was she murdered?,Sage Wanderer,People & Blogs,27831,570,16
VeLPPt4Npo0,James Perloff  One Nation Under Satan  Council on Foreign Relations  Secret Bloodlines,Leak Project,News & Politics,53958,570,26
Mo0kxqnQ_q0,I m Here to Crush Your Dreams,pocketsofthefuture,Howto & Style,18165,563,29
ioMx-RtOkWQ,"#Q #QANON - BROWARD SCHOOL SHOOTING - COUNTY SHERIFF EXPOSED - #MAGA #draintheswamp #thestorm",Timothy Holmseth,News & Politics,12068,563,10
SNiPFlhMTXQ,Can a $1500 Product Save You in an Inescapable Highrise Fire Like Grenfell Tower - SkySaver ?,NeoUnrealist,News & Politics,68573,550,118
zjAKttNbOQQ,Sandy Hook Strange Stories Collection,911TruthNOW,Howto & Style,86548,529,71
JZXXOt3KoJk,Jason Derulo Says He s Ready to Shoot the Facebook Killer | TMZ,TMZ,Entertainment,51130,508,38
JpsBD3qZA4A,Truck Hoax Berlin 19.12.16 Dashcamvideo DEBUNKED,Systemkritiker,Music,85118,502,176
VvWeNtHX6tk,EXCLUSIVE MIND BLOWING Interview W/Dr. Judy Byington Satanic Ritual Abuse & Multiple Personalities,Victurus Libertas VL,Entertainment,13752,483,17
XAkxdkfqn-M,Very Important Fema Camp Documents Leaked Watch and Read Links,TheKimrob,News & Politics,81791,474,21
5R_CjEDQjQo,Alex Jones (FULL SHOW) Friday 12/15/17: News & Analysis  Roger Stone  Paul Joseph Watson,Ron Gibson,News & Politics,43487,447,42
JIWBwTL8pdA,Jackpot The House Always Wins,American Intelligence Media,News & Politics,11718,404,17
bYntxw5wRuc,Youmacon 2012 - Lemon Demon Concert,Youmacon,Entertainment,18119,400,1
62NkjW41_0k,Seth Rich s Neighbor Mark Mueller is not Scott Roberts,Sheila Allen,News & Politics,7295,343,20
Yb_B1EqK9uM,They are no longer planning to crash the economy!,Jonathan Miller,Science & Technology,6093,342,24
_WpwNtDBsF0,NEW: Madonna Performs Illuminati Ritual At Australia Concert,ExplorerOne,Education,41676,333,61
EeVMCOfYhJo,Lemon Demon - Geocities,NeilCicieregaMusic,Music,19764,330,5
RuZh85Sy2XE,NEW! Simpsons Predict Trump In 2000 DEBUNKED!,ExplorerOne,Education,54015,327,38
oc73dcnpoMA,Manchester: 100 Days After the Attack [Part 1],ATS News & Politics,Nonprofits & Activism,24974,311,19
kBybLudqYMk,Hollow Da Don and POLIGHT on Leaving the Hood and Commercial Success,iAmBrotherPOLIGHT,Education,16092,310,83
-4J2B1o-Pyw,Musical Truth - Mark Devlin,soulaware.net,People & Blogs,20316,283,12
oaCvpEmul0Q,Patricia Steere / Russianvids. 152. Flat Earth & Other Hot Potatoes,Flat Earth And Other Hot Potatoes,Education,5477,275,53
H6GAoqvK5s0,American Standoff,Paul Niblock,News & Politics,18444,274,13
o4tMpi_0Zk0,Should Nicki Minaj Respond to Remy: Daylyt vs Brother POLIGHT,iAmBrotherPOLIGHT,Education,12899,231,70
6687ry83ctw,Why Would The Right Attack a “Shooting Survivor ?,Red Sky,Education,7317,228,5
i5St1jNBBsM,Cicada 3301 created a new decentralized encryption and shared it with us,Defango,Science & Technology,7844,198,10
NS4deo4TWcU,One Texas family lost nine members in church shooting,CBS This Morning,News & Politics,44422,192,39
DN5QX-BljUY,DEATHBED CONFESSION of Top Secret Government Agent - UFO s  Aliens  Roswell  Eisenhower Breifing,Patriot News Organization,Travel & Events,47382,188,23
-C10meArIIc,Noticias Fabricadas y Actores de Crisis Nº10 - Barcelona  Homenaje a los Medios de Comunicación,Desmontando a Babylon,News & Politics,8748,180,6
h6MApqzNwd0,Times Up - The Trump Tower Fire - Hawaii False Alarm & More,Shaking My Head Productions,People & Blogs,6032,179,16
PnqDyUSq140,Brazilians Use Apps to Dodge Rio Gun Violence | NBC Left Field,NBC Left Field,News & Politics,95054,177,41
VX3uvxbsVWc,The Luminary - Flow State [Official Music Video],ItDjentsTV,Music,3524,177,7
8wDpqNW17cI,Reina saldırısı gerçeği Jacob Raak Gerçek saldırgan mı planlayıcı mı,Tutas Guroni,People & Blogs,46633,177,8
KcTeiqnUy2I,Mr. Robot: Alf Cameo - Alf Kills Gideon!,Fruity Lexia,Entertainment,21340,171,4
yYEXx4kFqQ0,Paris Terror Attacks FALSE FLAG PSYOP: The Numerology Documentary,Brother Berg,People & Blogs,34936,167,52
tehvXO9-nyw,Father of New Anti-Gun Crusader Works for Major CIA-Linked GWoT Defense Contractor,AmericanEveryman,People & Blogs,3446,150,5
FiMPQ6SSEMk,Rush Limbaugh Video Thursday- February 8 2018,Tish Dixon - Rush Limbaugh,People & Blogs,9605,135,7
FudMyjOtX2w,Terra Piatta | Da 143Km↑ _sub ita,Alpha Resch,People & Blogs,16308,132,50
VuLQfVZn97w,NEW - They Are Preparing For The GOAT s Return: Are You Ready?,ExplorerOne,Education,4663,131,8
ovtQCFsD2nc,The Tengri 137 Manual Part 1,Defango,Howto & Style,6655,131,18
7bRAl3qV1Bw,Las Vegas Shooting: What is the  No Real Victims  Theory and Who Does it Serve?,AmericanEveryman,People & Blogs,13302,121,71
rvR6ArQS8ps,How Pennsylvania state trooper ambush suspect Eric Frein was identified by police,TomoNews US,News & Politics,14583,108,8
bw5F48m-Ktg,A New Message from Tengri 137  Baatar Kerei my friends They are real!,Defango,News & Politics,4643,106,16
m8YcYAWIpBY,Escaping Conflict Through Music in Ukraine | NBC Left Field,NBC Left Field,News & Politics,19745,100,33
Hm_nnb6BfM4,Vegas Massacre - The Search for ANY Evidence of Real Deaths - Part 12 - FINAL,NowTheTruthTV-15,People & Blogs,10407,100,15
upVA--ueh8g,The Truth About School and What It Means to Our Society - Homeschool Your Children! Share This!,Patriot News Organization,News & Politics,2085,99,4
-vx2rPz3Gsk,ALEX LIVE FROM THE FIELD! - ALEX JONES INFOWARS,INFO WARS NEWS,Entertainment,1594,94,4
IBFxNYOzbn8,INFOWARS Caught Coding The London Bridge Terror Hoax! Proof Alex Jones is Controlled,Johnny Supertramp 3,News & Politics,6920,86,44
k8DBQoc6ub8,Paris Attacks: New Video  Survivor Stories from Inside Bataclan Theater,ABC News,News & Politics,40491,84,166
vPNaidF6HC4,EXPLOSIVE Documentary Exposes What REALLY Happened In Las Vegas,End-Time Youth,Nonprofits & Activism,5937,80,7
bG-fzlpDDdI,Texas church shooting suspect s neighbor  stunned,CBS This Morning,News & Politics,22010,80,30
wKWZzZvJav4,Mr. Robot Reveals: 9/11 Truthers Scene (5/9 Truthers),ExplorerOne,Education,4393,77,5
ih5KbNBR0pM,Grenfell Tower - New Apartment for Rent - Nobody Died,The Rockno,Film & Animation,10160,76,28
ip8z-a_RDco,100% Proof Part 2: Las Vegas Shooting was DEFINITELY...YOU DECIDE,Robbo Max,People & Blogs,16487,75,24
ENa10kogqvw,Mr Robot Reveals: FBI Operation BerenSTEIN,ExplorerOne,Education,4563,72,14
TLQbnQEu0JE,Witnesses caught up in Paris attacks speak of terror,euronews (in English),News & Politics,67452,65,17
B8TlUtEBeSE,Grenfell Residents Speak The Truth About The Grenfell Tower Fire | @Block23Ent,Block23ENT,Education,5348,63,2
U0aCY0L-2qQ,London Tower Fire - How Did Fire Spread Inside? preliminary visual investigation,mental_boost,People & Blogs,20160,57,12
Hojm8RorDas,Zachary K Hubbard | Fibonacci Numbers  Gematria  Satan & God + Space Needle  Chief Seattle,Zachary K Hubbard Classic s,Education,2165,48,5
8V_B1CrcT1o,Helicase - Mental Roots [Exclusive Premiere],ItDjentsTV,Music,964,47,1
_uy1c10QB4U,The Flu is Much Worse Than We are Being Told,Kill The State Live Free,Education,2504,39,1
8s2vabZO50g,Nancy Kerrigan 1998 Breaking The Ice Profile,HolyProd,Sports,10556,35,5
KRtWxmptGQs,KATY PERRY S MK-ULTRA MIND CONTROL MELTDOWN,ConspiracyFiles YouTube,Education,28650,34,3
MMIAc7dJKXo,CNN ANCHOR FAKE CRIES ON CUE AFTER MOM OF SHOOTING VICTIM BLAMES PRESIDENT TRUMP FOR KILLING,HanZ TV Network WHTV,Gaming,7604,30,46
jUID9ZGM0Z0,London 3rd June  Attacks : How can people believe this stuff?,ObeLines,People & Blogs,954,30,3
ioc-nwcLew8,I was Wrong about being Wrong! George Webb & Jason Goodman Rod Wheeler Agenda Revealed,Johnny Supertramp 3,News & Politics,2204,28,34
nB7fSJCrp-I,"ALEX JONES IS A FRAUD! APOLOGIZES FOR #PizzaGate PAID AGENT  SHILL CON",ConspiracyFiles YouTube,Education,1021,26,10
FhSP_EzxnKg,Amerikalı Acemi Yalancı!,Mikro İfadeler,Entertainment,22557,26,3
jbtaC4Xc1Mg,COG - YEAR of 100 (Satanic Freemason Tributes),Citizen of Gotham,Education,277,24,1
msk4PhuIPYw,Israeli Gov t Plots to Take Down UK (British) MP s - TRUTH (2017),Trust No Man,News & Politics,532,21,0
KtuS64CTTKc,Fort Lauderdale Shooting Hoax - Air Canada Says Killer/Guns Did Not Board Flight,Trust No Man,News & Politics,1605,20,4
CT1tQEry6-o,Nasty flu season finally starts to wane,CBS News,News & Politics,444,19,5
UYEwrM-4DyQ,Conn. Medical Examiner --  Probably The Worst I ve Seen,Wall Street Journal,News & Politics,15966,18,42
tTRnO392krU,ILLUMINATI RITUAL  PREDICTIVE PROGRAMMING  MOCKING CONSPIRACY THEORISTS  TRUTH IN PLAIN SIGHT.,ConspiracyFiles YouTube,Education,1370,18,1
Pg7i5z1iw5s,COG -  Hurricane Harvey  HH Embedded in Charlottesville  Va Protests (Trump  Nazi  & KKK Tribute),Citizen of Gotham,Education,448,18,6
ANUZtyiaUw8,How To Spot a Liar,Martin D Metdubbelss,Nonprofits & Activism,114,14,0
Lc7WXBuEFQA,New York truck terror attack hoax,Reality Check 123,People & Blogs,491,12,0
uoLLwbEu9Ko,Shakedown (1988) Twin Towers scene,Hocus Focus 911,Education,364,11,1
jKf3lmwsWsY,Cliven Bundy Serves Notice on Harney County Sheriff David Ward  Oregon,Mars Daniels,News & Politics,139,7,0
o9nEYVEC7o0,ME TOO  MOVEMENT EXPOSED!!!,Israelite Anime,Entertainment,639,6,1
6obWS90lA00,Laura Ingraham criticizes LeBron James for talking politics,TP Clips,News & Politics,2287,5,19
LS0YktPnoeM,Terrorism in Edmonton? Car/Knife/Truck  attack . [2017] In His Grace 🌸🌹🌻,In His Grace,Travel & Events,71,5,0
t6CXWDIeWNk,Presidential Debate - Deleted Scenes They Don t Want Us To See - 3rd Party,Trust No Man,News & Politics,172,5,1
P6k0JQBvQuI,COP said FLORIDA High School SHOOTING was Rehearsed (blame pharmaceutical co. MIND-CONTROL PYSOP),PROVE YOURSELF,Education,654,4,1
pptebG3cA3E,Manchester Arena Bombing Hoax or Real,WTFworld,News & Politics,196,4,0
PZ-1ixhZLbg,London Terror Attack 1 Musical Trolleys,WTFworld,News & Politics,80,4,0
cx87qlXhLmQ,FAKE Las Vegas HERO OFFICER  JESUS  BREAKS SILENCE!!!,Israelite Anime,Entertainment,433,4,1
TmNsg7XIlcU,CHILLING 1958 Message From A Royal Canadian Naval Officer,tomcat8153,Education,174,4,0
Z9HzqTNBPG0,Creepy Joe Biden to run for President in 2020,Don Parker,Education,45,3,0
iLIu0CZZcdE,Jay Carney Blames Mitt Romney for Benghazi 5-10-2013,Patriot News Organization,News & Politics,1934,3,6
HJPVHdPPi3c,FBI Director Comey - Duping Delight,Matthew Hazlett,Film & Animation,539,2,2
MPZNNfay-Xg,London Terror Attack 2 Sheeple Treated as Hostiles WTF Baaaaaa,WTFworld,News & Politics,50,2,0
NIh5AA6J8KA,St Petersburg Explosion Metro Train Bombing Selfies and Smileys,WTFworld,News & Politics,86,2,0
-G9sg-MSYiI,Actor John Hamm Flashes Masonic Hand Sign In H&R Block Commercial,ComYxCon4LiFe,News & Politics,2706,2,8
l6Px3NWIgaM,Dana Loesch discusses mental health and access to firearms,TP Clips,News & Politics,80,1,0
YzVzjb9nW9w,Glee Actor Mark Salling Committed Suicide!!!,ComYxCon4LiFe,News & Politics,1866,1,2
GX3hQq1pLTU,VETERAN EXPOSES CORRUPT U.S. MILITARY INDUSTRIAL COMPLEX,TheHouseOfJoseph,News & Politics,10,0,0
IRUZU62tbwY,WORM PARASITES INFESTED IN SO-CALLED “ FRESH FISH “ PACKAGED FOR SUPERMARKETS,TheHouseOfJoseph,News & Politics,12,0,0
FBxlZpg2YTw,Cop Killer Eric Frein Captured | msnbc,MSNBC,News & Politics,4342,,
SApT31sr70M,SHOCKING TRUTH ABOUT THE GRENFELL TOWER CATASTROPHE  please share before its taken down,Yaseen Vlogs,People & Blogs,60787,,
Pgzav8v6Swk,Morgellons Worm Testing,michelle x,People & Blogs,275,,
jcvIg43LMBw,CELEBRITY CONSPIRACY THEORIES 2,shane,People & Blogs,6333749,188242,1367
UlDlPL2GlSg,KARDASHIAN CONSPIRACY THEORIES,shane,People & Blogs,4861126,147373,1266
6emzOgONXEc,BEYONCE CONSPIRACY THEORIES,shane,People & Blogs,4647644,136724,952
CB6TiRJNI-Q,Spider-Woman s Big Ass is a Big Deal!,Maddox,Comedy,2665435,86619,2212
H_8y0WLm78U,The price of shame | Monica Lewinsky,TED,People & Blogs,7596211,82901,8590
fJe0cmOvM94,Match the Job to the Person | Lineup | Cut,Cut,Entertainment,3190383,77190,1176
JFpanWNgfQY,Syria s war: Who is fighting and why,Vox,News & Politics,3851380,67798,7302
pvXJnukCFoo,Betsy DeVos Gets Grilled: The Daily Show,The Daily Show with Trevor Noah,Comedy,4362005,59537,1260
Q5YJ7mh8zWc,How To Be A Russian Oligarch  With Billionaire Mikhail Prokhorov,The Late Show with Stephen Colbert,Entertainment,3774134,51592,3392
ocs5O2Gu7BU,YOU CANNOT UNSEE THIS,Paul Joseph Watson,News & Politics,517995,44004,278
rWHrWuDnReM,I m Poppy - Trailer,Poppy,Entertainment,1081214,41877,3601
uqaCRzKQmbg,Democrats All Agree with Trump’s Immigration Plan! 😆,Mark Dice,News & Politics,315378,26358,344
Q_a4d6grlAY,5 Nostradamus Predictions for 2017!,Top 5s Finest,Entertainment,6996657,23092,12259
9Z4lQ4k_BQ8,Uganda - Even Worse at Elections Than America: The Daily Show,The Daily Show with Trevor Noah,Comedy,2673909,22022,702
J7-LLNDxQ3w,YouTube s New Propaganda Video Backfires - BIG TIME!,HighImpactFlix,Entertainment,361160,20626,2202
_pCk1qc4JvI,MUST SEE! BLACK FBI SPY TELLS EVERYTHING,Standin Tall,Education,1245729,11218,774
7WQeqE943Uo,The Family Guy/Boston Marathon Clip is NOT a Hoax,Paul Joseph Watson,News & Politics,2824344,10317,6481
tFgF1JPNR5E,Tom Cruise s Heated Interview With Matt Lauer | Archives | TODAY,TODAY,Entertainment,4899527,10159,2340
tyBrxxUWO28,INTERVALS  In Time  EP - Full Album Stream,Intervals,Music,817907,8163,101
wOO2O25wIjU,Why Is the World Legalizing Marijuana All at the Same Time?,aplanetruth.info,Science & Technology,574589,7893,937
dYcf4RkCqh4,Did JFK Survive His Assassination?,Alltime Conspiracies,Education,626991,7503,1587
sVL59_I-z88,Alex Jones Declares Holy War On CNN Journalist,The Young Turks,News & Politics,318847,7276,1251
FMT0UqSJWuo,Aesthetic Perfection - Never Enough (Official Video),Close to Human Music,Music,753801,6686,332
15GtRc7ViBk,TELEVISION Will Kill you. PATENT to PROVE it..,RichieFromBoston,People & Blogs,258019,6560,344
9fb1kyhH--M,Alex Jones Reads The FULL Declassified FISA Memo On Air,The Alex Jones Channel,News & Politics,141088,6219,129
G2Ta5uAlqgM,Illuminati  Reptilians & The Manipulation of Reality - David Icke,David Icke,Science & Technology,542571,5954,345
_o1Gz9pNHc0,10 Creepy Things Everyone Ignores About The Pyramids,TheThings,Entertainment,1147275,5730,2929
iLsVHSflCgk,Mr. Robot s Carly Chaikin Answers the Web s Most Searched Questions | WIRED,WIRED,Entertainment,342690,5475,173
q8R9MDt4jEc,7 Propaganda Techniques Used on You Every Day,Stuff They Don t Want You To Know - HowStuffWorks,Entertainment,355699,4781,179
-b9j6fJqD-g,Ultimate TV Mind Control Documentary | Media Manipulation ▶️️,ODD Reality,Education,225784,4765,167
OXavIbOQnZw,Paris Attack False Flag: Conspiracy Hoax Exposed,Young Philosopher,News & Politics,710167,4594,1083
F2RNi3gihQs,The Las Vegas Shooter Timeline Changes Once Again,Stefan Molyneux,News & Politics,122762,4057,275
Rl8UE1IRaxY,Rapture occurs between NOW & April s New Moon  2018?,gevte,People & Blogs,268663,3845,474
68zgT3fJHf0,You DISGUST me  Carly Fiorina DESTROY Whoopi Goldberg,50 Stars,News & Politics,708950,3318,951
58wZfOn5UEA,Democrats Blame Bernie For School Shooting,The Jimmy Dore Show,News & Politics,82141,3305,117
Y7d5jRollnE,EPIC - Tomi Lahren OBLITERATES Joy Behar & The View over Trump,ELITE POLITICS,News & Politics,434947,3084,429
fO2wq_1z5C4,Oliver Stone: Shocked at How the CIA is Treating Trump,iBankCoin.com,News & Politics,280727,3001,224
KN3s851I6k4,Shadow People and Sleep Paralysis,Stuff They Don t Want You To Know - HowStuffWorks,Entertainment,205092,2977,141
YJrkbgiETzs,COMET PIZZA HIDDEN ROOMS | DINER EXPERIENCE,reallygraceful,News & Politics,113622,2513,110
v9A24vYJu8Y,BlaqueHairHatted Sportscaster Has Wig Split Live On TV! Hilarious! Pre Panther Show,TNNRaw2,News & Politics,63783,2511,213
sGqmL7n3SzM,Demons  Directed Energy And Bullshit.,RichieFromBoston,People & Blogs,51666,2489,125
-dxfwyYyb_Y,Ghosts and Infrasound | Stuff They Don t Want You to Know,Stuff They Don t Want You To Know - HowStuffWorks,Entertainment,183499,2485,158
zN5BHTv3Pq8,Reptilians Are Demons NOT Aliens (2017),TheScariestMovieEver,People & Blogs,120323,2463,275
Al8S_zLOiJc,Brenda Spencer Documentary | I Don t Like Mondays,Female Killers,Education,624618,2422,231
u2hcgneB5IQ,You re Pushing A False Narrative  - Sarah Huckabee Sanders vs The View Panelists ● FULL HD,MagiCal HD,News & Politics,638142,2369,792
8ap0gEb-9Kg,"#1 Artifical Intelligence Lucifer s Vessel/Can You Hear me now! Part 1 HD by Nicholson1968",Nicholson1968,Education,47219,2344,50
7RuGRZNoUy4,New Sheriff in Town,American Intelligence Media,News & Politics,29614,2204,34
grdm2okSToQ,Gang Stalking & V2K Testimony by Private Security Whistleblower,RichieFromBoston,Education,60151,2045,91
xQd7r87Mw0s,Las Vegas GUN GRAB begins HR3999,RichieFromBoston,Education,40008,2009,47
Mz--CuPO_fw,A.I being Built and they are going to take over?,RichieFromBoston,People & Blogs,32288,1819,67
N9rfdNf5zro,The CIA Preps Their Next JFK Psyop,corbettreport,News & Politics,71793,1816,49
rE0Z2k6BJI0,Ben Shapiro and Piers Morgan on guns,CNN,News & Politics,186632,1546,99
yIUU_VIZn6o,How Mainstream Media Fakes The News - Behind The Scenes,KillingTime,News & Politics,125934,1428,49
HK5_xobq2HE,The Anarchists Cook Book – Chapter One: Drugs - Myles Reviews,Myles Power,Science & Technology,22816,1407,26
Okw0AFZZDCQ,BREAKING: Vegas Shooter Believed He Was Under CIA Mind Control,The Alex Jones Channel,News & Politics,47149,1352,60
_EjVmT-D3KM,Animals as leaders - Weightless,n01zs3,Music,149048,1244,32
zTeuAojMa3c,Newtown  Connecticut Shooting: 27 Killed  Gunman Dead at Sandy Hook Elementary Tragedy - ABC News,ABC News,News & Politics,457722,1198,381
ItbRU_8gVRI,EXPOSED: The Clinton s & CIA; Trafficking Cocaine,Conspiracy Expectation,Science & Technology,124388,1197,79
AjZTktm3QkY,What They’re NOT Telling You! The TRUTH About Dallas  Alton Sterling  And Philando Castile,TruthUnveiled777,News & Politics,73529,1049,155
owXPL57VrWg,Dr. Umar Addresses brother polight... THE CON-MAN,HALAK,Education,287154,970,275
A7SyECFP-Qk,Jerome Corsi Analysis of Recent QAnon Posts And more,The Matrix War,People & Blogs,43465,846,20
rtBcCXbKadc,Shock Video: Confirms Conspiracy Theories On Vegas Massacre,War Room,News & Politics,91221,801,62
cZ5SDqxTzcg,Illuminati Shill Steve Harvey & the Real Miss Universe Scandal,pocketsofthefuture,Howto & Style,57711,744,65
9nnooNTqK6o,"Lionel Interviews Larry Pratt of Gun Owners of America on #FloridaSchoolShooting",Lionel Nation,News & Politics,13489,744,23
S-GBfx7AmNc,Mass Shooting Survivor Says Tragedy In Vegas Brought Out The Good In People,The Dr. Phil Show,Entertainment,39955,726,25
fS1bq_YrcgU,Ole Dammegard exposes international False Flag psyop corporate hub: Crisis-solutions.com?!,Alfred Lambremont Webre,News & Politics,33250,722,19
4za2JguqRLI,Cannibalism & World Government,Urban Prepper1,Education,67217,719,71
EeYahKKdbGg,Why Trump s approval rating is rising bigly,Mike Cernovich,News & Politics,5875,598,10
tCr9iWFGKnU,Christian Slater  Rami Malek Preview ‘Mr. Robot’ Season 2 | TODAY,TODAY,News & Politics,61603,591,8
YRUMtopcNk4,What Might a Civil War Look Like? Matt Bracken on The Hagmann Report 6/29/17,The Official Hagmann Report,News & Politics,24428,572,30
MWNTNgFblIU,Elliot and Shayla kissing scene || Mr. Robot,The 30th PineappleCan,Film & Animation,162194,557,20
SQ-Qohf9Dtc,Texas Church Shooting,CBS Los Angeles,News & Politics,204456,553,114
mAgAzWxhzxE,Florida-Orlando HOAX-Proof of fake Testimony-Codes Involved( PT1),Annie Logical,People & Blogs,63838,547,63
54AcnaiMcFI,Heads Up! Bilderberg Leader Peter Thiel  CIA Surround Veterans Using Jade Helm,DAHBOO777,News & Politics,44867,539,43
TxfxFQ3Q7So,Channeling Stephen Paddock | Las Vegas,Deete,People & Blogs,46828,537,241
A-9i20HESX8,Adam Lanza...Did he really exist,krizzee22,Nonprofits & Activism,158179,534,235
Kq0g6L--GoA,The SisterHood Of Death: Sandra Bland Sacrafice,M. Mitchell,People & Blogs,20761,519,28
jLiDE5hFcco,New Eyewitness Confirms Multiple Shooters In Vegas Massacre,War Room,News & Politics,19474,494,15
WMjt863otL8,"Agent Orange – The Synthesis of 2 4 5 -Trichlorophenate - #3",Myles Power,Science & Technology,5849,489,5
lv7LssDf0nQ,Tierra Plana en los Mass Media - El 11s - La Iss y Don Pettit - El Sol y Más // Hangout // Parte_1,Iru Landucci // Nur para todos // Tierra Plana,Science & Technology,16132,469,31
yz8-TslcPzE,Facebook Killer: Cleveland Ohio Murder On Facebook Live,HollywoodLife,Entertainment,186899,467,245
1DMloEoIoIs,White Man Confesses the Insider TRUTH About His People...,Your Radical Home Sista,Education,13173,464,44
1wJOJ99524M,Cryptocurrency Taxes: 2018 & 2017 Rules Explained by a Tax Guy and What The Law & IRS Say,Craig Mason s Reasonable Conversation Channel,News & Politics,12563,457,14
RNjihsm5pQE,MY GANG - Payday Monsanto,brand1,Nonprofits & Activism,41037,437,6
8K99X9cC5LA,GIANT Weather Modification Cloud Machine From NASA~BBC News,TheKimrob,News & Politics,92388,419,51
BpvuMLmNKKY,Orlando Shooting Survivor | Shot 3 Times  Saved by Police,ABC News,News & Politics,47365,385,262
kr5BBWmBKjE,Why Is the World Legalizing Marijuana All at the Same Time,aplaintruth.info,Science & Technology,8874,368,20
1RFh7rBRjTA,Paul Preston- Connections Between CALEXIT and Nevada Incident- CSS-10/8/17 (Hour 3),The Common Sense Show,Education,18518,345,21
BHFFA89wxlo,Stockholm attacks and possible upcoming events | Ole Dammegard with Jim Fetzer,Ole Dammegard,Entertainment,17881,341,18
5il2rqC4x2g,Milo Yiannopoulos: Trump To Uncover Decades Of Democrat Voter Fraud,OpenMind,News & Politics,4501,308,6
psxEvONFvyM,Las Vegas shooting witness describes chaotic scene,CBS This Morning,News & Politics,84896,304,96
spZULD2Kfjk,Piers Morgan Says Pro-Gun Advocates Were Right All Along About Tyrannical Government,Patriot News Organization,News & Politics,47181,285,11
cw9BeSHLMuQ,DALLAS SHOOTING ⚠ ALL USA PEOPLE NEED TO SEE THIS ⚠ (SHARE NOW) AENT,Watchman TV,People & Blogs,33653,284,45
RenMJQvPIjc,Court releases documents from the Las Vegas shooting,RT America,News & Politics,12305,265,18
eXQY5FPSYfw,Republicans Blame OBAMA for Russian Meddling,David Pakman Show,News & Politics,6299,257,16
pzuvt9K3V5M,CIA Agent Malcom Howard Deathbed Confession: WTC7 Was A Controlled Demolition  911 Was An Inside Job,HowISee TheWorld4,News & Politics,10218,256,18
KhiFMJK_400,Florida school shooting: Nikolas Cruz makes first court appearance,Global News,News & Politics,73546,254,39
DGoxGoBRzLU,elliot rodger cartoon,Comictures,Film & Animation,17737,252,57
rttA7HUlm2w,Trump Banned Words,CrimsonStudios,Comedy,1493,234,6
8fxycA9qKj4,ANP - JADE HELM 15: Troops Missing Unit Patches  Veteran Warns This Is  VERY Big  Issue,Citizen of Gotham,Nonprofits & Activism,54296,222,70
CmxBwckCbjo,Mueller Criminalizing Trolling? | Mike Cernovich on the Russian Indictments,Mike Cernovich,News & Politics,2599,203,3
jPrKcAZ2kRc,Truck Launches Off Bridge w/ Trailer Attached,Patriot News Organization,News & Politics,71969,179,17
5O77bVfDs08,London Grenfell Tower Fire Exposes Social Divide Of Wealthiest Borough,HuffPost UK,Sports,16774,170,21
XBbMbsyBgIc,Broward Sheriff says 14 victims in high school shooting,ABC Action News,News & Politics,46436,169,25
2uOp6SRZxgo,Tengri137 puzzle new Findings Twitter Updated + Audio file @666ab731,Defango,Science & Technology,3857,163,1
Vgg7LdK3dsY,ISS FRAUD EXPOSED !!!,Zero11s,Film & Animation,6161,156,35
7aS1WZhpI7Y,How To Fix Pennsylvania s Damaged Democracy,TYT Politics,News & Politics,2052,142,7
clgkr4Hiw0g,How Couple Saved Manchester Bomb Victim: ‘A Little Girl Staggering Out Of the Smoke  | NBC News,NBC News,News & Politics,19979,132,37
Zc7wuOmdPhM,Fakes  Vermutungen und Auffälligkeiten beim Vegas-Shooting,Alexander Benesch,News & Politics,9063,125,117
8AZgbaEIorA,Is Jim Carey about to expose the Illuminati in Hollywood?,Sage Wanderer,People & Blogs,3335,122,9
EqdqZqurxt4,STEVE PIECZENIK: LAS VEGAS = 911: DAVID KNIGHT: Condensed Oct 4 17,CIRCULAR TIMES,News & Politics,10030,116,16
GFA7Iodclh0,Tour of Elliot Rodger s Capri Apartment,Melissa Choate,People & Blogs,12247,112,19
q1qo9b1QY0o,Ingegnere Torturato Vede Gesù Cristo In Visione | Testimony,Alpha Resch,People & Blogs,6800,109,1
h6HVMx2bUYM,False Flag Las Vegas,"#somelivesdontmatter sldm",People & Blogs,4350,102,13
zyKsSjgGG3Y,Alleged NSA Leaker Reality Winner Makes First Court Appearance | TODAY,TODAY,News & Politics,12870,93,28
f-jzjRpXCcI,A Rational Discussion About  Journalist / Activist David Hogg,AmericanEveryman,People & Blogs,2195,80,28
HnB0rsRksxs,Boston Marathon Bombing Explosion Conspiracy Hoax: THE TRUTH REVEALED!,EastleyJackets,News & Politics,24645,71,34
-eP0rnvIYIk,President Trump s Full Speech CPAC 2018 - Part 1 of 2,MLordandGod,Film & Animation,685,67,2
AT4iUjOUkS4,Frontline - Who Is Lee Harvey Oswald / JFK Assassination Documentary,Documentaries and Chill,People & Blogs,22714,66,32
T0sA_uHaE7M,Jade Helm 15 Spraying the Skies,chicenburger,People & Blogs,19600,66,15
fjjzMSrPDgk,Best ever duping delight,junglesurfertv,Entertainment,3746,65,10
vak6v222Aqg,LAW SUIT PENDING AGAINST SANDY HOOK & NFL ?!? - 2017,Anthony Walker,Music,3366,61,9
5gt6pCjPTLM,Florida Shooting during drill? (Student explains),DTR89,Comedy,6061,60,2
0Tn6S78v9gQ,Die Las Vegas Vertuschung von OJ,Martin Jütte,News & Politics,5620,53,14
7CKe9YH20ks,"Why #ReleaseTheMemo Shows Humanity s Critical Tipping Point in The Battle for its Awakening",Craig Mason s Reasonable Conversation Channel,News & Politics,730,51,1
olezCyhg2PA,People Running In Terror At Ariana Grande Concert At Manchester Arena Concert,ImMikeRobertson,News & Politics,29948,47,17
6WpGcaD7A6Y,Boston Bombing Part 13 - (Take 3!!) Same Woman - multiple events  Sandy Hook  Albuquerque  Roswell,mumofgraveypie,News & Politics,8460,41,4
sUxeOJRFxo0,Students at Olympic Heights High School walk out to protest gun violence (11 minutes),WPTV News | West Palm Beach Florida,News & Politics,2307,39,11
fc26HrK75eU,FDA MAJOR COVER UP FOR BAYER~Spreading HIV Aids Virus,TheKimrob,News & Politics,1119,35,0
4QUHE7m8LSA,Don t ever stay at Hooters in Las Vegas,Town Bizznizz JS,People & Blogs,16387,34,31
RXhrcAEx0as,To: Peekay  Russianvids  and Robin,The Voice of Reason,People & Blogs,121,33,1
UMtdgCFIYuc,Sandy Hook FALSE FLAG Conspiracy,FkeBld,Education,1798,28,6
c8z10nCvpPw,London Grenfell Tower Fire - More Purple and Blue Flame Close Ups,mental_boost,People & Blogs,5961,27,4
Ha80Dv817b0,Noticias fabricadas y actores de crisis Nº 3: Masacre 49 muertos en el club Pulse de Orlando 1,Desmontando a Babylon,Science & Technology,2281,26,0
0fRQA78uLFc,Sionismo & Stella di Davide/Remphan _sub ita,Alpha Resch,People & Blogs,762,25,2
IFbC05spBdo,El Caso UMMO - Todo lo que necesitas saber para creer  visto desde otra dimensión,Desmontando a Babylon,Science & Technology,853,24,2
PLoRNg2vXpo,Robbie Parker s 911 call from Sandy Hook 3,ReinhardvonHolst,Nonprofits & Activism,725,23,3
UcZRDZg57UY,322 London Terror Attack - 76 mph ... really?,Hocus Focus 911,Education,597,23,1
V-YFbcWhqjc,New York Halloween Terror hoax,Rainbow Bright,People & Blogs,438,23,2
q3m3ghG5XBI,Walmart Pico Rivera ( Jade Helm 15 ) 6/21/15,Chris G,Film & Animation,7356,23,3
JLbZcMDGYLg,Why is this guy all over the news?,Susan Hulcher,People & Blogs,1055,19,1
1Dn6mM3-NcU,HAF & ASNM: MKUltra II (CIA  NAZIS  Prodigy  & Mobb Deep),Citizen of Gotham,Education,247,19,0
gQmgvnNJJWs,Mystery Show  the art of creativity  Dec9,Steve Turgoose,Nonprofits & Activism,140,18,0
G5Qjw2YTVas,President Donald Trump Floats Pay Bonus For Teachers Who Carry Guns In Class | NBC Nightly News,NBC News,News & Politics,1825,14,6
wn0BdYBvY7A,GIANTS  DEMONS  FALLEN ANGELS  NEPHILIM  ANNUNAKI?,ConspiracyFiles YouTube,Education,1167,14,3
QkY10db-rok,Reptilian Shapeshifting Caught on Camera,Son Goku,Gaming,1960,14,1
g2noMedXe1s,New Evidence Against Tonya Harding in Nancy Kerrigan Attack,Among News,People & Blogs,4914,13,2
E5mI7N79Zqg,FLAT EARTH (CLEAR PROOF),FkeBld,Education,320,13,10
mEN2a3BAEr0,CNN 02 20 2018 cooper,Tom Bogg,People & Blogs,5969,12,6
WEAyR3Pnxnc,why shapeshifting videos ARE NOT comprassion errors,Son Goku,Gaming,846,12,6
t-Etkp7lWFs,Analysis of the Reptilian Tongue Flicking Reflex,Son Goku,Gaming,855,11,1
pi4fVfn19GM,VIDEO: Students  Parents React To Deadly School Shooting In Parkland,CBS Miami,News & Politics,1483,9,11
-Go45tkiFk4,I Got Hired at Nickelodeon!,FkeBld,Entertainment,60,9,0
bzg8_LUc77g,322 London Attack - Frain Interview excerpt (Obviously),Hocus Focus 911,Education,146,8,1
3lCVapOMRZc,"Wendall Shepherd Trumpet Player #OpFeedTheHomelessCharlotte",GhostofFawkes,People & Blogs,255,8,0
kh1fYFFegnk,illuminati alien hibrids = genetic invasion army.,Son Goku,Gaming,1061,7,4
qzic_CDM7n8,The Dam Breaks on Benghazi - Liberal Media Joins the Coverage of the Benghazi-gate Scandal (ABC),Patriot News Organization,News & Politics,400,7,1
DUEYbqGjgUM,Orly Airport Terror Event,Hocus Focus 911,Education,46,7,0
ZxF6KSwi0Ho,If God s wasn t a threat  Satan would not be at war with Him. [2018] 🌷🌹🍁,In His Grace,Education,32,7,0
FlsWeMOqo3s,Bravestarr Tex Hex Unpacking (REUNITED!!),FkeBld,People & Blogs,34,7,0
pRAtCpIosAU,TLBTV: Global News Update - Florida False Flag Shooting  The Constitution & More,TLB Project,News & Politics,436,6,0
kdTcxt9wQ-4,BBC Busted Staging Chemical Attack In Syria More Fake News,WTFworld,News & Politics,124,6,0
_KA7ThPNuxc,Piggy Wants a Parade,FkeBld,News & Politics,111,6,9
36ARlZEtHMM,MEE TOO  Movement EXPOSED!!!,Israelite Anime,Entertainment,481,6,2
REUFNvSitGk,Empire of Aaron IV,FkeBld,People & Blogs,27,6,0
_qEbonygXQ4,Reptilian Hibrid speak.   we will wipe you humans off the face of the planet,Son Goku,Gaming,691,5,2
HapPO6pbDfw,Interesting... David Hogg | CNN,Uniquely Windy Sky,Howto & Style,125,4,0
KuKHxxK05zE,BREAKING Dozen Shot @ Mother s Day Parade in New Orleans 5-12-2013 **More False Flags?**,Patriot News Organization,News & Politics,684,4,2
1RP9mJliRsI,Westminster Psy-Op was Wargame Scenario,Hocus Focus 911,Education,117,4,0
tHz4cK9qfb0,FLOATING!,FkeBld,People & Blogs,61,4,0
57nWIRUrpn8,The Illuminati Hybridization program to conquer earth,Son Goku,Gaming,607,3,1
6SyHMV9NZcY,Boris pokes the Bear + Syria Propaganda,Hocus Focus 911,Education,23,3,0
KqgEhS2Ugp4,GOVERNMENT TO REPLACE FOOD STAMPS WITH THE “ HARVEST BOX “,TheHouseOfJoseph,News & Politics,17,2,0
aAgHmXOTe6w,WHEN ARE YOU GOING TO GET ON FIRE!? (GMSSFDISCUSSION),TheHouseOfJoseph,News & Politics,12,2,0
6HTTecLrIGs,NEW LAS VEGAS AD SPARKS FIRESTORM,Israelite Anime,Entertainment,71,1,1
-xYHEbEY-lQ,"Reptilians in TV shows 2#",Son Goku,Gaming,316,1,1
shWNKNbGwbw,MenOfValor13 CHANNEL DOWN! SUBSCRIBE TO MENOFVALOR12 BACKUP CHANNEL,TheHouseOfJoseph,News & Politics,13,1,0
HVZaBhpNB2k,RUSSIAN FAKE BLACK LIVES MATTER GROUP EXPOSED!!!,Israelite Anime,Entertainment,43,1,0
ArS44F0kQXA,KOBOLDS AND CATACOMBS CARD REVEAL AND ANALYSIS PART 4,RYAN BACHATA ROCKSTAR,Gaming,22,1,0
WYs4TdTdaxA,Multi-State MANHUNT| ANOTHER FAKE SHOOTING HOAX!!!,Israelite Anime,Entertainment,82,0,1
uj-iserbkkc,America s Newsroom - Trump Polls CPAC Audience,TP Clips,Autos & Vehicles,148,0,0
voqPHEjkf6g,Tucker Carlson Tonight - Tucker Carlson - Moral Blackmail,TP Clips,Autos & Vehicles,7,0,0
MJuSBxuJYt8,Lewd Comments,Hocus Focus 911,Education,35,0,0
Fg0Z-ThmMVM,David Hogg,WikiWikiup,Education,878,0,0
BiuUd4y_Ykg,ANTIFA vs Trump Supporters{AGENDA},Israelite Anime,Entertainment,27,0,0
0fVZOp61mgI,Haarp scalier clouds in Illinois,CHEMTRAILS R DEATHTRAILS,People & Blogs,36,0,0
w9CjTBl-uBM,Funny baby,GhostofFawkes,People & Blogs,23,0,0
a77DNyX9EsM,ROCKSTAR EXPRESSIONS: BLACK PANTHER AND WONDER WOMAN,RYAN BACHATA ROCKSTAR,People & Blogs,7,0,0
pxIp_Y4ovU8,Jason Aldean False Flag Las Vegas shooting Mind Control on Country Music fans for Gun Control,ColonelCasperKY,Education,2095,,
rKN4KK1mT-Q,Mia Farrow. By Transvestigator Contributing Author.,Apostle Laura Lee - Church of Philadelphia,Education,3611,,
TLO5HzxpAM8,Bob Dylan Tranny Sold Soul To Satan,Apostle Laura Lee - Church of Philadelphia,Education,9593,,
zMgXQslbKAg,America s Sweetheart Is An Over The Hill Tranny.,Apostle Laura Lee - Church of Philadelphia,Education,10282,,
UcnyTUqWWqs,Morgellons Weaponized Mycroplasmas,michelle x,People & Blogs,314,,
BIOde2oKCpE,Morgellons Bits & Bobs,michelle x,People & Blogs,246,,
6Twzk3wbSek,Secrets of the Louisiana Theater Rampage - A First Look at the Forbidden,NowTheTruthTV-6,People & Blogs,3559,,
sUcrYUzB814,Morgellons Golden Head Fiber,michelle x,People & Blogs,181,,
BCAr1rDov1Y,ABANDONED Property & People Culling,michelle x,People & Blogs,100,,
q8rH5lDLrD0,Port Arthur  Massacre  FAKE II - The Strange Case of Andrew Mills - 2015 Anniversary Special,NowTheTruthTV-6,People & Blogs,13137,,
oa4Jhn2s8sg,Chattanooga  Shooter  - Secret Life and the Film Industry,NowTheTruthTV-6,People & Blogs,1549,,
bA5K0TLUzTg,Are You Seeking Out Blessings From The LORD More Than The LORD Himself?,Tearstojoyministries.org,Music,29,,
Sf_uV8QEqzk,Morgellons & Orgone,michelle x,People & Blogs,221,,
o-qF5HgwZ1A,Two Suns Two Sunsets,michelle x,People & Blogs,145,,
o9uYBhyZgwM,Morgellons Curry in a Hurry,michelle x,People & Blogs,143,,
NvDvESEXcgE,Movie Accent Expert Breaks Down 32 Actors  Accents | WIRED,WIRED,Entertainment,4972661,123487,1738
I07p0KZS6XQ,13 Scariest Things Caught on Dashcam,Chills,Entertainment,8418827,72289,15615
95KTrtzOY-g,The Colbert Report - President Obama Delivers The Decree,Comedy Central,Comedy,2850749,40863,748
1oxEitLU9ps,The Surprise That Left Steve Harvey In Tears,Steve TV Show,Entertainment,7471682,39875,1034
Hjec21YF6JM,President Trump Casually Makes Another Damning Admission: The Daily Show,The Daily Show with Trevor Noah,Comedy,3108998,35139,1130
-qa5eOUrHrc,Real Demons Caught Assisting World s Top Magicians - ILLUMINATI MAGIC EXPOSED!,Spy Kitten TV,Education,4358909,23823,7850
X1KccZnak7c,Actor Replacements That Totally Ruined The Show,Looper,Entertainment,3269564,23494,2284
Uf1mHaLJ804,Clayton Moss  a boy who was chained up and tortured by his own family on the Oprah Show,Carol Dawn,Music,3363838,18869,1308
LL-TJ5QA1hE,Andy James & Angel Vivaldi - WAVE OF SYNERGY [OFFICIAL VIDEO],Angel Vivaldi,Music,823099,17087,189
pnGl8Nz0oLE,Total Emergency Alert: Elite Now Evacuating,The Alex Jones Channel,News & Politics,2201938,16447,4928
QD2dAdRJibY,Die Wahrheit über den Jungen vom Mars! Was ist das Geheimnis der Sphinx?,CreepyPastaPunch,Entertainment,698838,15503,1543
r9Rwi-tam1o,Stuff They Don t Want You to Know - DMT,HowStuffWorks,Science & Technology,1845219,15381,719
KzqMzX4_1Eg,Mark Cuban On Trump:  He Didn t Do The Work  He s Lazy,The Late Show with Stephen Colbert,Entertainment,3088668,14718,2910
CPgHCPQ_GPI,Karli Harvey: We weren t supposed to cry || STEVE HARVEY,Steve TV Show,Entertainment,1917461,13273,247
GWKeqDiPNts,Who Is The Rothschild Family & How Much Power Do They Have?,NowThis World,News & Politics,2126260,13205,3775
gH02Eh44yUg,Scientists simulate jet colliding with World Trade Center,PurdueWTC,News & Politics,11264566,13173,7999
MnSAB4qeDug,Evidence Suggests S-Y-R-I-A G-A-S ATTACK Is False Flag,The Jimmy Dore Show,News & Politics,286973,11311,599
uNERE2JMwoU,2nd plane in view for 25 seconds,CTV911,Science & Technology,9247556,11093,1835
Qc0gm_1bl9c,Exclusive: Obama s Biggest Secrets Released,The Alex Jones Channel,News & Politics,810267,9557,942
e8gNaG3XIcI,Jeb Fears Trump knows Who Was Behind 9/11 Attacks!,The Alex Jones Channel,Nonprofits & Activism,1249709,8437,918
CLkQ0LxTwmA,Charleston Shooting Not Racially Motivated Conservatives Say,The Young Turks,News & Politics,470408,8423,2769
ijFPMrptrwE,President Obama cries during gun violence speech,CNN,News & Politics,978454,7799,2730
Q5f_EK0j_ko,Chloe Bennet on Valentine s Day Plans & Dating,Jimmy Kimmel Live,Entertainment,635725,7471,318
12ruPAknYYA,Justin Bieber: Pedophiles Run The ‘Evil’ Music Industry,"#SeekingTheTruth",News & Politics,629058,7235,565
K6vvx2rHid0,"#pizzagate: A Primer",martyleeds33,Education,377335,7203,396
XFs_KAC1Djg,Ted Nugent Destroys Jim Carrey,The Alex Jones Channel,Nonprofits & Activism,1559636,7046,1624
VJorKZEbQsA,Who Built The Moon? - David Icke - The Lion Sleeps No More,David Icke,Nonprofits & Activism,710472,6023,683
7RuFGkqYAL4,London attack hero: ‘I hit attacker with a crate’ - BBC News,BBC News,News & Politics,600829,5746,242
dosAKJOYsR4,They Don t Even Hide it Anymore - Admitting Insanity  Displaying Creepiness,HighImpactFlix,Entertainment,83055,5276,98
2xdqjMRff74,She hurt my feelings!  Ann Coulter TRIGGERS Muslim Snowflake,50 Stars,News & Politics,275769,5261,228
nXlOWek7tro,YOU & November 4th,The Prepared Mind,News & Politics,242806,5176,492
Jfd5isYwer0,Illuminati Black MagiK Television Tricks REVEALED!!,The Black Child,People & Blogs,959951,5101,983
wmLNm7jSIZc,Brother Polight on Why Jesus Couldn t Be White or Mary a Virgin,djvlad,Entertainment,298073,5089,358
wbuPU46fsWs,Ibuprofen a Tool for Agenda 21?,The Daily Sheeple,News & Politics,347858,4990,368
vadSaWyiozg,9/11 Breakthrough Energy Technology | Dr Judy Wood,GlobalBEM,Education,604197,4455,433
LryQey8mdu0,Texas Church Massacre: What They re NOT Telling You,The Alex Jones Channel,News & Politics,114906,4436,215
6LP0d9DoxEY,A Reaction to Robert Muellers 13 Russian Indictments (AKA Underwhelming Farce),Styxhexenhammer666,News & Politics,64263,4146,57
0LL9Jnos-GA,The Terror Within: Former DHS Officer  Julia Davis Speaks Out!,The Alex Jones Channel,News & Politics,745305,4055,247
Hz6bstyEykE,Disturbing Photo In Sandy Hook Shooting Report,The Young Turks,News & Politics,147351,3855,1167
Hk2b8RL551E,Joe Rogan on OUTRAGES predictions that actually came true from people,Joe Rogan Experience,People & Blogs,560112,3646,380
KNzcQ_3JRLE,2013 - Teenager Exposes Rothschild Family!!!,LexLugerBeatTutorial,News & Politics,593803,3563,230
jFGDnVA0wXQ,Our Own Military is at WAR with us TEXAS under attack,RichieFromBoston,News & Politics,151302,3507,142
SRE--PVY_s8,The Secret AGENDA Behind The Orlando Mass Shooting (2016),TheScariestMovieEver,Education,164026,3141,392
k8To6N6uicQ,Body Language: Susan Rice 2.0,Bombard s Body Language,Entertainment,50853,2272,32
1_hGNyGLeqo,Playboy Transgender Centerfold,RichieFromBoston,People & Blogs,36704,2081,77
A9lPOiqj42k,Joe Rogan Duncan Trussell - Aliens  Billionaire Conspiracies  Skull and Bones  Secret Societies,JOE ROGAN UNIVERSE - FAN CHANNEL,People & Blogs,261745,1988,256
lQ_wRU0tNBE,Body Language: Alice Cooper,Bombard s Body Language,Entertainment,32399,1953,40
7USVhEPCc-U,AI making up Fake people for staged events,RichieFromBoston,Science & Technology,34764,1929,39
bD4R6kXaZjA,Trump Blaming Democrats For His Mess,The Young Turks,News & Politics,126831,1809,143
maTWHpcVv4c,Strange video from The Tropicana,The Outer Light,People & Blogs,248750,1776,197
N-sStJn3LmA,Tony Awards Honors Orlando Victims,ABC News,News & Politics,194505,1713,167
RAGJkwPaYDs,Corporations That Want You Dead - Jim Marrs,Freeman Fly,News & Politics,140180,1683,88
aibKXJ9AVhU,Actor Caught In 9/11 Lie,The Young Turks,News & Politics,132699,1640,135
JdoSyBhBCCs,2017 Chemical Attack in Syria - DISGUSTING FAKE NEWS FROM CNN. OBVIOUS FALSE FLAG,Xendrius,Education,188320,1548,456
PQYx_17JHTY,The stars reveal the truth - it s all a LIE folks ✞,Astro Not,Science & Technology,86555,1543,163
hCnmGWO5K1s,Morgan Freeman s GRANDDAUGHTER: Exorcism or BLOOD SACRIFICE?,The Black Child,People & Blogs,108010,1540,75
jXR3CvVNOCM,CHARLIE SHEEN COREY HAIM STORY BREAKS; YOU WONT BELIEVE THIS!,James Munder,Autos & Vehicles,197671,1361,274
-njvBwTcDF0,The SUMMER OF HATE.,The Black Child,People & Blogs,45985,1347,151
dp_Xx7a0VX8,Florida shooting survivors to march  demanding change in gun laws,CBS Evening News,News & Politics,207175,1339,3348
bb0gpVOrzUM,POKEMON GO : C.I.A./NSA/ILLUMINATi SURVEILLANCE!!!,The Black Child,People & Blogs,80236,1256,67
_gliHOhXYFQ,9/11 Shanksville Eyewitness Susan McElwain,Terrorcell2,News & Politics,353582,1247,215
fYw40izWPpo,Tesla Model 3 Abholung im Werk  erste Eindrücke  T&T Tesla USA Teil 3,T&T Tesla,Autos & Vehicles,36657,1178,73
NOwHH0uJPdo,Früher normal  HEUTE VERBOTEN! 😲 | myTIME,myTIME,Howto & Style,359863,1177,257
JE_lyJkcAhY,Multiple dead in shooting at church in Sutherland Springs  Texas -- live coverage on CBSN,CBS News,News & Politics,321347,1125,417
3TykouYJM8k,Hey Republicans  Your “Thoughts And Prayers” Aren’t Working,The Ring of Fire,News & Politics,13280,1093,22
osKt5VZd8-E,Mike Cernovich Drops the Hammer on the FBI,Mike Cernovich,News & Politics,7167,1003,6
h0w3XnfsslY,Call for Crisis Actors in Bernie s Hometown DURING the DNC!,Truthstream Media,Travel & Events,32895,967,21
C1oP_NQvN8s,Why California cannot secede from the United States,MrMBB333,People & Blogs,43332,967,52
-dkZN28oYO4,Latest Muzzle Flash from Las Vegas Mandalay Bay Hotel Shooting,Krazy Panda,People & Blogs,485956,941,524
22V3rTMwNzY,Jade Helm Decoded,The Alex Jones Channel,News & Politics,193244,926,74
6HCWQcSUMf4,Who are the victims of the Paris Terror Attacks?,FRANCE 24 English,News & Politics,99844,903,54
LeHE4WNqrUM,Infowars Reporter Makes Anti-Trumper Cry!!,THElNFOWARRlOR,News & Politics,37107,876,36
E55Yr2msrAw,Native American Women Speak Out About Sexual Violence | NBC Left Field,NBC Left Field,News & Politics,118837,871,220
2HFzEGFtpgQ,Inside The Mandalay Bay s 32nd Floor,CBS Los Angeles,News & Politics,409389,827,225
-YMgCKkx3xU,Undercover FBI Agent Tells All,David Pakman Show,News & Politics,30440,803,26
x66AphDNZSg,Ungereimtheiten bei Terroranschlag in Berlin: RT Deutsch hakt bei Regierungspressekonferenz nach,RT Deutsch,News & Politics,105264,752,38
J9JQl6D8iBY,Bro. Dick Gregory:  The Truth About Sandy Hook.  (1/13/2013),WeAllBeTV,Education,146434,720,53
q4nulyRWnO8,New Evidence: Boston Bombings were Staged,The Alex Jones Channel,News & Politics,47795,695,46
eDhpiUlWV7Q,New York City Terror Attack. What you need to know!,FullSpectrumSurvival,Education,43257,685,123
O5i79ynLHOs,So you think Jade Helm is just a Drill?(2015),event horizon,News & Politics,99977,685,101
NOSu6uMzL44,mass hopenosis - payday monsanto,brand1,Nonprofits & Activism,59041,670,11
UpUh9FIo1Uw,Everything You Need to Know About Flying Saucers and UFOs,Lionel Nation,Film & Animation,26122,668,27
nWv2x8iVZYQ,Cody Snodgres - First Public Interview After His Accident on The Hagmann Report,The Official Hagmann Report,News & Politics,24335,648,13
OzRkmf735p4,The Golden State Killer identified as Steve Leflar?,Defango,News & Politics,14879,613,19
na7e_VgC2JI,Orlando Shooting Survivors Describe the Moment They Heard Gunfire | The Jeremy Kyle Show,The Jeremy Kyle Show,Entertainment,87498,599,283
DCteL2AqkQY,Dick Gregory exposes Charleston CHURCH Shooting as A Hoax,BlackHistoryTv,Entertainment,90787,588,48
0D4KFmRP58U,Better Know Thy Enemy-Nicholson1968,DoUSEEwhatEYEC,People & Blogs,25463,545,23
ZoUbL8Xu_pU,Alex Jones: Shooting Is False Flag To Blame Me,Secular Talk,News & Politics,20667,533,86
LFW5vyyypOA,I Don t Even Know Man,Jason Unruhe,News & Politics,8112,506,57
32HS62tuqHE,Dustin Hoffman says the Creepiest thing to 17 year old intern!!,pocketsofthefuture,Howto & Style,18206,484,34
pr-mT6co2a8,TerrorStorm - (2nd Edition) - A History of Government Sponsored Terrorism [FULL],Servant2All,News & Politics,75010,450,24
LEgLw6MNhMg,Gunshot survivor: Gunman laughed after shooting victim,CNN,News & Politics,102835,408,638
dOA2BRlx05U,ROGER STONE  ALEX  FISA MEMO  GOWDY  NEW FBI DIRECTOR? TREASON! - ALEX JONES INFOWARS,INFO WARS NEWS,Entertainment,11575,406,2
1T75fZqBYLw,"#pizzagate  The Unbiased Facts. (martyleeds33 mirror)",TyrannyUnmasked,News & Politics,10703,358,23
uTaB2hV86h8,Psychological Operations - PSYOP - Being Conducted on SOCIETY,David Vose,News & Politics,31797,342,80
ORihK4Upl14,Fox News Live - Fox & Friends - President Trump Breaking News,FOX Media,People & Blogs,65272,321,34
_MHlzSixqgM,FAKE - The Framing of Lee Harvey Oswald,TrunksXV,Nonprofits & Activism,85916,313,33
HWfoAf77egM,Facebook Killer Commits Suicide,CBS SF Bay Area,News & Politics,127220,296,37
YNqUQR8c3J0,The Holocaust according to the Young Turks,Mike Cernovich,People & Blogs,5178,295,36
uGBi3mMB48s,TYT - 01.04.18: Trump Is A Child  Bannon  Hope Hicks  and Neo-Nazi,TYT Shows,News & Politics,38876,286,37
iT57XjMB9s0,Dr Steve Pieczenik OCT 21 2017 CONVERSATION ABOUT ISSUE OF VITAL NATIONAL IMPORTANCE|Alex Jones,Dr Steve Pieczenik 2017,Science & Technology,14051,283,19
hw4rsCztwU4,U.S. Army awards Medal of Heroism to 3 school shooting victims,CBS News,News & Politics,19980,274,15
YsX3PciurGc,(FULL ALBUM) Polyphia - Muse,Alnez,Music,35157,269,7
-PGLCmccU_I,Philando Castile Illuminati Exposed,God s Son,People & Blogs,15947,264,47
6zYFQISzw8E,Democrat congressional candidate sexually harasses women on Twitter,Mike Cernovich,News & Politics,3141,260,17
guNgx5BPBM0,52 Minutes Show Why Conservative Media is a Joke | Mike Cernovich Periscope,Mike Cernovich,News & Politics,3188,253,10
3yLG1Dh-T8I,IRREFUTABLE PROOF that Alex Jones IS Bill Hicks,Breaking The Matrix,Education,20302,206,71
i8E95eoM2-w,New details emerge in Las Vegas shooting,RT America,News & Politics,47857,191,234
SB9Ya4I5_GU,Read Twitter with Cernovich. What s on your mind?,Mike Cernovich,News & Politics,1567,190,7
WrUG00hzZ9U,"#FakeNewsweek forced to retract fake news story about Cernovich!",Mike Cernovich,News & Politics,1260,183,1
Ke1M-W2rgEc,William Cooper - Hour Of The Time - Very First Broadcast - Legendary.,Patriot News Organization,News & Politics,9771,177,2
SQz-GYmbP-8,Hacker Drops Seth Rich Bombshell  Could Blow Case Wide Open,MLordandGod,Film & Animation,5074,170,3
4vm1MY-gNe8,A Night for Freedom DC,Mike Cernovich,News & Politics,1487,169,4
YFOUOnfOQhc,The White Rabbit on the Phone about Doxxing   Burning Informants  and Crowdsource the Truth,Defango,People & Blogs,3940,167,35
SxeYoKCVwFs,50 Years of KEZI 9 News: The Diane Downs Case II,KEZI 9 News,News & Politics,132369,167,13
Tn8zWYxE6_Q,Fake News Exposed in the Mainstream Media - Raw CNN Gulf War Footage,Liberty Tactics,News & Politics,28189,165,15
TDravtEdz9o,Pruebas de Noticias inventadas  actores de crisis para atentados y mas - FAKE NEWS DaB Radio,Desmontando a Babylon,Science & Technology,11620,153,10
WS6piDAQa1M,Gematria  the God Code & Organic Number Matrix +Zachary K. Hubbard & Jesus Christ,Zachary K. Hubbard,Education,3476,152,21
Sd4i_1zlGno,TYT - 11.30.17: Tillerson  Tom Cotton  Geraldo  and Trump ‘First-Rate P**sy’ Comment,TYT Shows,News & Politics,16957,151,17
LAv1-Sk3wcs,Fotos de Rambla Barcelona falsa bandera o evento real,Deep Web Oficial,People & Blogs,16895,147,89
1zKzanNShsc,Prof. James Tracy Explains Sandy Hook Massacre MSM Misinformation,Academic Freedom Conference - Are there Limits to Inquiry?,Nonprofits & Activism,50191,136,66
Aw9TPNcL02w,Gays Upset There s No Lesbians in  Black Panther  & white Conservatives Love Them 4 It...,Your Radical Home Sista,Education,1624,135,2
J7c2LrUY_6c,Three Funny Dog Videos Not To Be Missed! LOL!!!,HowISee TheWorld4,News & Politics,732,132,2
p8PxPXgvC_8,😱20yr Old Woman Gouges Out BOTH Her OWN EYEBALLS w/Her HANDS!!!!😱,Your Radical Home Sista,Education,2198,131,7
PCv6RLJGjPA,George Bush Laughs,HowISee TheWorld4,People & Blogs,1287,126,0
Mo9Hr9RDfsc,A Pilgrim as Placed the Spear. Whats Next? Sevens.exposed cicada 3301,Defango,Howto & Style,4733,126,15
Ylt9xafK-F8,Las Vegas Shooter Stephen Paddock’s Note In Hotel Room Is Under Investigation | TODAY,TODAY,News & Politics,71940,124,73
IrJmhEzrlYw,BACKLASH! CNN’s Ratings TUMBLE This Week -Drop to an ALL TIME LOW,MLordandGod,Film & Animation,1167,119,0
clmrIndabmM,London Attack (False Flag + Crisis Actors Anyone),Rant Radio,People & Blogs,2581,116,15
3Fbf-bv3dvk,Orlando: False Flag Signs  FBI Informant & Govt links - UK Column June 14  2016,21stCenturyWireTV,News & Politics,10945,111,8
5iMh9njRMeo,NY Truck Attack False Flag Explained- Sayfullo Saipov  The CIA Psyop & Antifa The Enemy Of The State,TOTALECLIPSE Page,News & Politics,4477,94,15
84KZJGz37-c,Theresa May defends Grenfell Tower response - BBC Newsnight,BBC Newsnight,News & Politics,65191,90,825
0J19eTQeOms,I CALL Bronx-Lebanon Hospital June 30  2017 While  Shooting  Incident On-Going,HowISee TheWorld4,News & Politics,868,89,5
4OUeXIdlPBU,Nigel Farage: Most People In Britain Are Trump Supporters,MLordandGod,Film & Animation,702,87,1
-NGH71x1M58,CLINTON CASH THE FULL OFFICIAL MOVIE – Director s Cut,American Born Republic,News & Politics,7151,85,6
bEn1kK3zAP8,PAUL JOSEPH WATSON: TERRORIST are PEOPLE TOO! - ALEX JONES INFOWARS,INFO WARS NEWS,Entertainment,952,83,0
_QcoPDT7sZo,9/11 VicSims: The Investigation,FringeReality,Education,12184,83,23
ClQO6lJleoo,Zachary K. Hubbard  TFR Live  Gematria Effect  Feb. 21 +Class Action Lawsuit Against Google,ZACHARY K. HUBBARD 13,People & Blogs,1476,81,6
8FdniB5uixc,The Las Vegas Shooting And What You Aren t Seeing,The Last American Vagabond,News & Politics,20145,79,29
DPJY1Viri9w,HowISee TheWorld Talks With Ole Dammegard of Light On Conspiracies Parts 1 & 2,HowISee TheWorld4,People & Blogs,1611,76,3
dTPa5ntfEIA,RON PAUL  LIVE! 12/5/17 ALEX JONES INFOWAR,INFO WARS NEWS,Entertainment,2120,76,3
gp7-JZPLRK0,Dr Steve Pieczenik & ALEX JONES September 28 2017 | BOMBSHELL INTERVIEW,Dr Steve Pieczenik 2017,Science & Technology,4373,74,3
jlJrp2Xi6fI,JESSE VENTURA / CITR Global Podcast Episodes 1 to 3 - The Best Documentary Ever,Miller Mraz,People & Blogs,7091,73,4
Ayi69eQd6A8,New Sandy Hook school opens nearly 4 years since massacre,CBS Evening News,News & Politics,12596,72,189
EkEo1TLnnT8,The Clinton Years  See and hear,Crash Reboot,News & Politics,17697,70,11
dfXW_FXxwL4,American Spy Caught in Russia Trying to Recruit Secret Service Members,Patriot News Organization,News & Politics,27923,68,16
SSUjZ8K5Adg,BRUSSELS LOCK-DOWN  CATS & GHOSTS ALL PREDICTED FALSEFLAGS... SHARE!,Direct Action 2017,News & Politics,9229,67,10
5Hl9EY7jJCg,The Bitcoin Illusion is Falling: The Truth of BTC Legacy is Coming Out,Craig Mason s Reasonable Conversation Channel,News & Politics,502,66,1
CnoEUs60vDc,New Video Shows Initial Moments In Deadly Fort Lauderdale Airport Shooting,CBS New York,News & Politics,74771,66,62
o0tmQIzzKCk,The Big Picture: Robin Of HowISee TheWorld Talks With Bernie Suarez Part 1,HowISee TheWorld4,People & Blogs,1309,62,4
8HEeY71jMog,17 False Flag Operations in AMERICA done by The FBI + Baltimore Rioter s From Out Of Town?,AMENTI Investigations WILL OPEN YOUR EYE S,News & Politics,2889,61,2
V1mEdeLVz14,EOS Crypto Review: Why I Like EOS | This is Not Investment Advice Ep. 01,Craig Mason s Reasonable Conversation Channel,News & Politics,844,59,0
m6PlwsHHsqU,Pulse Lawyer Attests To Clients  Credibility  But Doesn t Know Who s Who!,HowISee TheWorld4,News & Politics,420,54,1
3voA3ALnjo8,FBI Son & Crisis Actor Superstar Hogg,Jae Neo,People & Blogs,14913,53,16
D128fkbjg8Q,Truth about entertainment industry 2016 Celebrities Exposed Satanic Agenda in Hollywood revealed !!!,VeilLifter,Education,5328,49,3
2gFNJxgoNcM,DANGER GMO Trees The Increasing Threat,TheKimrob,Nonprofits & Activism,939,47,1
tv6pFoPqTxY,Happy Eyewitness & Parents victims - Heroes for a day,Sleeping Apples,Comedy,982,46,1
1rsF4u97Zhk,9/11 A Dark Shape Appears ... Center Of The World (PBS),911InvestigationVids,News & Politics,8492,44,9
FJQp3NvceIc,Breaking News! Grenfell Fire Hoax Goes Up In SMOKE!! Bombshell George Webb News!! Holy Shit!!,Johnny Supertramp 3,Entertainment,1706,43,19
Kp9g5YQg5sw,Melbourne Car Attack  Blocking The Scene With Trams,HowISee TheWorld4,News & Politics,574,43,6
ZDzQhaGymbo,A close look at the Las Vegas shooting (Part 1),Divine Divide,People & Blogs,4373,38,21
8z7RgDAy5sk,Video shows Eric Matthew Frein taken into custody,CNN,News & Politics,20365,34,18
NKt_l-5kEeE,"The Occult #23 and The Parkland Shooting",Rose Hannah,People & Blogs,881,33,5
jEjWzxESbaE,Some evidence that the Stockholm terror attack 2017 was a staged event,Gobbodanese,People & Blogs,4615,33,30
dWkph-4s5Fo,Sandy Hook Actor Robbie Parker - a closer look,Robbie Parker,Film & Animation,8548,32,7
TZW23XYb9vo,Cryto Mega Crash! BitConnect done?? What s the deal?!,Craig Mason s Reasonable Conversation Channel,News & Politics,359,32,0
8NHgy64_xXA,Fake Terror: Iraq Car Bomb Hoax Exposed!,InfoStrike,News & Politics,2495,31,2
lhbA3dfQLwM,The One Word Meme That s Pushing Crypto Forward,Craig Mason s Reasonable Conversation Channel,News & Politics,167,31,0
e9eve61JUf4,NYC false flag  he asked someone to call 911 with a cell phone in his hand recording.,TOO Fear GOD,People & Blogs,1112,30,0
mhv3TS1zLRU,Rockstar dai Korn a Gesù | Brian Welch _sub ita,Alpha Resch,People & Blogs,762,29,2
N7aK-JcTSFI,Vegas Choppers Help Extract GunMEN,Kill The State Live Free,Education,2225,29,6
h51pIBFsfaE,I m Afraid You re In the Wrong Bathroom PART 2 OF 2 [PULSE],HowISee TheWorld4,People & Blogs,334,27,0
BUIWH_08__Y,London Fire (Hoax) Grenfell😖,Timothy Holmes,People & Blogs,4857,26,63
hpe2Ke4UFZo,9/11 Flight 11 - Tail Fail,911InvestigationVids,News & Politics,2093,26,7
nUSdw0ZZJAo,Colorado WalMart Fake Shooting -  Shooter  Connected to Virgin Galactic and MEDIA?,NowTheTruthTV-15,People & Blogs,3556,25,16
FySxk5DNqi8,The Big Picture: Robin Of HowISee TheWorld Talks With Bernie Suarez Part 2,HowISee TheWorld4,People & Blogs,475,25,4
e0fLjr15agE,IRON MOUNTAIN (Video-trailer 5 min) DaB Radio 3punto0 - Episodio nº 17,Desmontando a Babylon,Science & Technology,589,23,0
o_oGR1-GI8Y,Grenfell Flaming Debris Close Up Zoom Photos and Video,mental_boost,People & Blogs,8661,21,16
iAR-e1_qvlI,Crisis Cast  la fabbrica degli attori pagati per recitare in falsi attentati.,MARCO ESCAROTICO,Nonprofits & Activism,2373,20,4
CthL3ZO0gQE,COG - TRUMP  HITLER  NAZI  KKK  & Charlottesville’s Protests (223rd  224th  & 233rd Days of 2017),Citizen of Gotham,Education,327,19,1
KWAZFjm3Y18,Grenfell Tower West Side 4 am - full video - stabilized - UNBELIEVABLE,mental_boost,People & Blogs,3304,19,3
fdC4PO59cao,COG - PSYOP on September 22nd  2017 (Autumnal Equinox  Satanic Freemasonry  & Zionism),Citizen of Gotham,Education,302,18,0
DDYmynGgNhQ,*LIVE*: Freedom Rallies! Ed.: Qanon:  Panic in DC !   LITERALLY MORONS!   Crypto Comeback!,Craig Mason s Reasonable Conversation Channel,News & Politics,232,17,1
XMF8gQ_e_A0,False flag shooting in Sin City Las Vegas (MARTIAL LAW ON DECK)!!,MenofValorSouthCarolina,Education,5708,15,12
VbBwbucpICg,Nancy Kerrigan Attack - Witness Interviews - January 6  1994,IntersportChicago,Sports,14211,15,3
xy1h_JrIL1U,Nancy Kerrigan on Tonya Harding Movie --  Nobody Consulted Me  | TMZ Sports,TMZSports,Entertainment,7662,15,4
tf4L2QldXZU,COG - Jay-Z’s New Album “4:44” Embeds 9/17/2018 PSYOP (Piety & Draconians),Citizen of Gotham,Education,294,15,1
l243v-oTiNQ,9/11 No Way! - Impossible First Time 767 Jet Flight Control And Navigation,911InvestigationVids,News & Politics,826,15,2
evQ4fTHcUao,Best sermon jam by preacher CHARLES LAWSON - NO MORE DEATH - MUST SEE VIDEO!!,VeilLifter,Education,113,14,0
r9mAObYYemU,A State of the World Talk,End Times Headline News,News & Politics,109,14,0
vuyM3EBARE8,COG - London Attack (9/15/17): Tribute to Autumnal Equinox  Trump  Queen Elizabeth  & Theresa May,Citizen of Gotham,Education,176,13,0
RbjWi8-lDh8,Grenfell tower crisis actors in action,Inasya L,People & Blogs,1087,13,8
4BbiBfmC6YA,9/11 Wrong Engine - Pratt & Whitney PW4000 FEMA NIST NCSTAR 1-2B,911InvestigationVids,News & Politics,1110,13,2
IefMn_3rPTQ,2nd video different perspective or,Brian Mitchell,Education,1656,13,1
WZuJZwdY8f0,End Times Headline News - Monday  February 19th  2018,End Times Headline News,News & Politics,905,11,0
smADkNMXMdk,YAHOO ADMITS THE STUDENTS ARE ACTORS....SORT OF.,ILLUMI SYNTH,News & Politics,293,10,2
Wd-oyRoNNP8,Eric Paddock Confirmed Actor. Connected to Sara Brady,AW Media,News & Politics,715,10,2
RzARrPZbH1I,Giovanni visione di Gesù,Alpha Resch,People & Blogs,173,10,1
Qcd6gGqZZpQ,Funny guy calls CNN fake news in aftermath of NYC Truck attack,Shadows Of Wolf,News & Politics,284,9,0
MvCu8MlH0EU,9/11 Plane Parts - Boeings In A Five Gallon Bucket 9-17-01,911InvestigationVids,News & Politics,666,9,0
vyVCmm0YLmE,London Terror : What time is bus ?,Hocus Focus 911,Education,66,8,0
E7RAuU_nNKM,9/11 Disappearing Towers - Center Of The World Video Manipulation,911InvestigationVids,News & Politics,543,8,3
-RY580j56cY,Concerns Grow Among Business Owners Over White Lives Matter Rally,NewsChannel 5,News & Politics,2734,8,13
Dc1KoDO8zu4,Another Day  Another Strike,End Times Headline News,News & Politics,65,8,0
I66wGwNVpuI,THIS VIDEO ON FLO RID A PROBABLY WON T LAST THE DAY EDUCATION,tomcat8153,Education,67,7,0
52UBhIWha18,How Pennsylvania state trooper ambush suspect Eric Frein was identified by police,News Direct,News & Politics,2225,7,6
vQj1A-ory4Q,Goodbye Blue Skies,Mike WhoRu,Entertainment,242,7,0
_0ki59RxtjU,Tried to save abandoned Cat,kicktroolinface,Science & Technology,133,7,0
bFGZZm0tNT8,CHEMTRAIL PROOF (CLEAR VIDEO EVIDENCE),FkeBld,Education,109,6,0
jBlAFnN9b8U,DAVID HOGG FULL INTERVIEW WITH CHRIS WALLACE - FOX NEWS SUNDAY (2/18/2018),For the People,People & Blogs,661,5,9
5TxUJ2kQgLE,London 322 Terror - 3rd Eye Witnesses - Industry Insiders,Hocus Focus 911,Education,109,5,0
Sbmj9rOkDp8,DOCTOR   Steven Greer DEBUNKED,Son Goku,Science & Technology,208,5,3
Xh1N2ftmHbk,9/11 Evan Fairbanks - Unplanted Landing Gear On The Floor At The Police Desk,911InvestigationVids,News & Politics,366,5,0
NL7oVMitl-c,first snowfall of the year,kicktroolinface,Science & Technology,37,5,0
ledku36r2-Y,“Whatcha doin’ there Rabbi?”,Facts are Antisemitic,News & Politics,16,4,0
dguEUF2qwHs,Ryan Bachata Rockstar and Yurika Bachata Romantica Part 1 at Afro Latin Vegas Festival 2018,RYAN BACHATA ROCKSTAR,People & Blogs,103,4,0
79rr0Lv23NI,Who’s behind Gun Control in America,Facts are Antisemitic,News & Politics,11,4,0
htj7RDZtsDM,MANDELA EFFECT TICK TOCK WHAT S WRONG WITH THE CLOCK,CHEMTRAILS R DEATHTRAILS,People & Blogs,482,4,3
iwbuPjrseJ4,Frosty the Snowman Subliminal Christmas! Feat. Stephen Hawking.,Break Free T.V. ™,People & Blogs,79,4,0
xddPugqS_IM,REINCARNATION: THE CYCLE OF DEATH & REBIRTH,TheHouseOfJoseph,News & Politics,15,3,0
93cI7FTlwDg,ROCKSTAR VS ROCKSTAR: A STAR REALMS STRATEGY AND GAME PLAY VIDEO SERIES,RYAN BACHATA ROCKSTAR,Gaming,54,3,0
F1Bku5eF5RQ,Joe Biden Receives MEDAL OF FREEDOM AWARD! COMMENTARY!!,Break Free T.V. ™,People & Blogs,68,3,0
LYAji5zLlz4,Funerals for Florida school shooting victims ((No Hoax!)),downstreamTV,Nonprofits & Activism,465,2,22
lP_K98-jHJc,Mike Parziale: Hollywood Pedophilia and Sex Crimes ● MIRROR [2017] 🌹🍁🍂,In His Grace,Education,121,2,0
zW_eYAwHdAs,Reptilian news host with a slit pupile (reptilian shapeshifting),Son Goku,Gaming,157,2,1
y6Fr2cSiKFM,ROCKSTAR EXPRESSIONS: RISE SISTER/BROTHER RISE CHALLENGE AND THANK YOU TO MALIA,RYAN BACHATA ROCKSTAR,Gaming,10,2,0
JPwdNNa5vIE,Hilary Clinton shapeshiting. reptilian slit pupil,Son Goku,Gaming,180,2,1
5YLP93Y3Gc0,KOBOLDS AND CATACOMBS CARD REVEAL AND ANALYSIS PART 2 (TWO LEGENDARY WEAPONS AND ROGUE SECRETS?),RYAN BACHATA ROCKSTAR,Gaming,31,2,0
quiHR_bqW8c,KOBOLDS AND CATACOMBS CARD REVEAL AND ANALYSIS PART 3,RYAN BACHATA ROCKSTAR,Gaming,27,2,0
ZAU-OrVqJqY,KOBOLDS AND CATCOMBS FULL SET REVIEW LIGHNING ROUND,RYAN BACHATA ROCKSTAR,Gaming,31,2,0
NJ_H3o0mUxw,Sandy Hook father addresses  good guy with a gun  myth,TP Clips,News & Politics,114,1,1
hgVkOT5-p6g,“Flight 175” from The Center of the World,Facts are Antisemitic,News & Politics,2,1,0
yr9ekftizLo,Alan Greenspan - “We run the world and there’s nothing you can do about it”,Facts are Antisemitic,News & Politics,4,1,0
2cXccs8ok9M,Manchester : An Undeveloped Plot Line,Hocus Focus 911,Education,62,1,0
0OTL-hbawFY,Nicholas Cruz NOT EXPELLED?? THEY????,CHEMTRAILS R DEATHTRAILS,People & Blogs,38,1,0
vQQCh-KfBbg,EPIC BEST OF 3 S WITH YARBOA AND DUSTO (STAR REALMS STREAM HIGHLIGHTS 09/14/17),RYAN BACHATA ROCKSTAR,Gaming,18,1,0
iGj9v-MWiOc,NEW!!! ACTRESS SPEAKS OUT ON WEINSTEIN SCANDAL!!!,Israelite Anime,Entertainment,46,1,0
ZzjxUBoSY3I,“Truth sounds like hate to those to hate truth”,Facts are Antisemitic,News & Politics,7,1,0
krZFzTIHFUY,That Face You Make When That Jam You Haven t Heard In Forever Comes On,GhostofFawkes,People & Blogs,150,1,0
9CCKgQydxHQ,Sessions addresses Parkland school shooting,TP Clips,News & Politics,7044,0,3
yYEYxNEZ_d8,“Flight 175”,Facts are Antisemitic,News & Politics,6,0,0
eQGQA2ft4nQ,Malcolm X - “$20 From George Lincoln Rockwell”,Facts are Antisemitic,News & Politics,1,0,0
Je-vDS72de4,YOU HAVE TO BE A COMPETITOR IN THIS TRUTH!!!(gmsSFdiscussion),TheHouseOfJoseph,News & Politics,4,0,0
XB8f7vJSU2A,Treasure! Happy Birthday Evie!,RYAN BACHATA ROCKSTAR,Gaming,32,0,0
h_H7Gax8ec8,PESTILENCE: ANCIENT VIRUSES & BACTERIA WILL SOON PLAGUE THE MASSES,TheHouseOfJoseph,News & Politics,5,0,0
uCQfI0dfM5E,47,GhostofFawkes,People & Blogs,8,0,0
2NIjqluZIqA,Adolf Hitler - The Final Days,Facts are Antisemitic,News & Politics,1,0,0
86yk8tzLPIw,The Real Truth about Hooters and the shooting,bill1224601,News & Politics,2583,,
PUth2hSpXhs,Nancy Kerrigan and Tonya Harding (stock footage),FilmArchivesNYC,News & Politics,14174,,
IV1HFRLLYzM,Morgellons & Your Nuts,michelle x,People & Blogs,389,,
Vb4Ka_BuGhE,Confirmed - The Lanza Family Is CIA Connected,NowTheTruthTV-7,News & Politics,1496,,
5ZbpDQgul2I,Reese Witherspoon/Carrie Underwood. CLONEY LOOKIN!,Apostle Laura Lee - Church of Philadelphia,Education,3527,,
vbAlpTRkPpU,Morgellons Deception goes Deep,michelle x,People & Blogs,642,,
NHj1ZmQySl8,Why Does  Dylann Storm Roof  Appear NOT to EXIST?,NowTheTruthTV-6,News & Politics,2293,,
X2TPmPmNNKE,The journey takes another turn !,michelle x,People & Blogs,500,,
VNke5xXPcyc,Port Arthur FAKE - Where Does the Story Really Come From? - 2015 Anniversary Special,NowTheTruthTV-6,People & Blogs,2058,,
ynRuy_kh25s,Waco Biker FAKE - No Deaths No Burials... Even of FBI Infiltrator!,NowTheTruthTV-6,People & Blogs,2902,,
xSU39Jt9cfA,FLAT RAP by PAYDAY MONSANTO,TheNASAchannel,News & Politics,34074,,
jKbpfKhopkM,GUN CONTROL: Demonic New World Order AGENDA,daryl lawson,News & Politics,723,,
40WjQqSBXo8,Zeitgeist 1 Der Film der Dein Leben verändert Doku Deutsch ✅,Kicks Open,People & Blogs,3221,,
t281rgbCfLI,School Lockdown Stories Animated,Llama Arts,Film & Animation,9157105,116014,3085
L_-N9_tnWBo,15 year old girl leaves anti-gun politicians speechless,James Madison,News & Politics,10601943,103046,9716
0Ejaw0F8-sY,Jim Caviezel Testimony (Actor Who Played Jesus in The Passion of the Christ Film),Christus Rex,Nonprofits & Activism,5119215,72337,2181
sVAzIFtu4d4,10 Safest Countries If WW3 Breaks Out,Top Lists,Entertainment,11981386,71012,6953
LQMvZ5nvjc8,Jim Carrey on His Famous Beard & Leaving the Spotlight,Jimmy Kimmel Live,Entertainment,7053274,66950,3361
QXWNChoIluo,Millennials in the Workforce  A Generation of Weakness - Simon Sinek,After Skool,People & Blogs,2713124,64558,28266
KUPuMs3E_k0,The Rape of Europe,Paul Joseph Watson,News & Politics,1922660,37051,2574
v76B8GUYflk,Stand-up set by Trevor Noah,Comic Relief,Comedy,3782204,28170,548
QFNrq9MHxBU,Rami Malek Makes His  Ellen  Debut,TheEllenShow,Entertainment,1483319,22646,118
ocbLw49Or44,MONO INC. - Children Of The Dark (feat. Tilo Wolff  Joachim Witt & Chris Harms),MONO INC.,Music,2493788,21384,705
F7B0Cngn5qs,Ultimate Highlights: Infowars Reporter Owen Shroyer vs. Trump Protesters,The Alex Jones Channel,News & Politics,617735,21178,375
mwkLAlKWWHw,Brittany Murphy: Tragic Accident or Conspiracy?,Kendall Rae,Entertainment,288924,20628,169
0QTYUv2nXiw,This Is The Biggest Secret They Dont Want You To Know!,THAT IS IMPOSSIBLE,Entertainment,1355190,15725,1829
zNqxUuyHFzc,Eerie Predictions in Vegas... Cui Bono?,Truthstream Media,Travel & Events,471947,12096,366
kVZp4cbFHXA,Who Really Is Red X?? - Teen Titans | Cartoon Conspiracy (Ep. 188),ChannelFrederator,Film & Animation,317102,9239,186
CjQzmG1WdDc,Attentato a Bruxelles - I video sono FALSI - Ecco le prove schiaccianti,Daniele Penna,News & Politics,853233,8569,1600
6qKrPPv2ErY,Abby Martin Exposes Untold History of U.S. Empire,The Jimmy Dore Show,News & Politics,341736,8167,556
RAAztWC5sT8,9/11 False Flag Conspiracy - Finally Solved (Names  Connections  Motives),Alternativ.TV,News & Politics,1760327,7890,773
O3laKncBzE0,What the Media Won t Tell You About Venezuela,reallygraceful,Education,272703,6579,751
iBUEUupzTno,Open up your mind and try to understand whats going on people!,freedomfan0801,Education,4887941,6130,2464
ZPopPkglQNI,The REAL Reason The CIA Needs Tom Delonge,Mouthy Buddha,People & Blogs,364964,5861,556
wB4RelW5M-c,CNN Caught Staging a Fake News Video!,Mike Cernovich,People & Blogs,426918,5787,191
3Ih-GoaoFwA,The Real Texas Chainsaw Massacre (True Crime Documentary) - Real Stories,Real Stories,Education,1073900,5219,547
3b64s0NAO10,The reason Glenn Beck was Fired!,FindingYahsWay,News & Politics,1735792,5163,1489
Ry1sS2DNK0U,Mr. Robot Parody - When You Watch Too Much Mr. Robot...,The Normies,Entertainment,144631,4944,199
7d_zdOYeAGY,Der schreckliche Unfall im VRChat Spiel! - Ich werde es nie wieder spielen!,CreepyPastaPunch,Entertainment,71646,4280,158
dmZGmPi2i78,Something STRANGE Is Happening In America! You ll Never Guess What It Is!!!!!,TruthUnveiled777,Science & Technology,384860,4247,327
m_RYbJUtpo8,Trump’s Worst Cover Up? | The Daily Show,Comedy Central UK,Comedy,510491,3690,185
kONwC-87Rn0,What Is Going On With Trump s Hair? | The Daily Show,Comedy Central UK,Comedy,460730,3686,177
SsHOC_q_2_Y,Caught on air doing this...,CNN,Shows,726372,3670,476
veequ3eKxn0,Everyone In America Needs To Watch This— Mainstream Doesn’t Want It OUT…,Lisa Haven,News & Politics,50418,3610,71
ePPdUUISQOs,FDNY 9/11 Survivor Witness and Whistleblower: Speaks on WTC 7,WeAreChange,People & Blogs,166898,3374,72
DXvcomlFe68,Lionel Nation and Styxhexenhammer666: The High Summit on All Things Pertinent and Supremely Critical,Lionel Nation,News & Politics,67082,3280,102
b-RR1gUj61Y,Congress KNOWS What’s Coming! BUT DO YOU?!?!,TruthUnveiled777,Science & Technology,145323,3208,164
dNRuKLLiAvs,British Activist INSULTS Ann Coulter  Watch how she responds,50 Stars,News & Politics,198331,3024,187
Fn3eIKB8-qw,High Level Intelligence Source Unloads Deep State Secrets: Must See Full Interview,The Alex Jones Channel,News & Politics,143062,2975,89
0aZA8dww_Fo,Anderson Cooper Confronted On Being In The CIA,WeAreChange,News & Politics,140537,2878,219
v90SN7_0HhQ,Anonymous What They Aren t Telling You! Bitcoin Phenomenon!,Anonymous Global,News & Politics,443031,2461,1045
yzBtQvNoAqQ,Body Language: Cocaine Cassie,Bombard s Body Language,Entertainment,56818,2248,61
1uz_4nRvVWc,Eye-Witness Goes Against The Official Las Vegas Story,War Room,News & Politics,420633,2178,338
cA--67Len4I,Californians Fleeing  Nanny State  for Texas,CBN News,News & Politics,130792,2053,145
ztTPzCuMs3c,RichieFromBoston FOUND DEAD.,RichieFromBoston,Science & Technology,111846,2051,95
l-zHWXvafgM,"Anatomy of the #LasVegasShooting Coverup: Citizen and Civilian Journalism Outclass Deep State #MSM",Lionel Nation,News & Politics,28893,1993,18
1Pua-izeMSE,Did Billy Ray Cyrus Admit to Selling Miley & Family to the Devil?,pocketsofthefuture,Howto & Style,309171,1978,240
Ef4TkZBxuy0,ISIS Recruitment Tactics | Stuff They Don t Want You to Know,Stuff They Don t Want You To Know - HowStuffWorks,Entertainment,138433,1958,191
j0Phy7ULPtM,Eric Dubay  Matt Powerland  Tila Tequila and b.o.b,Jake The Asshole,People & Blogs,39281,1900,178
-L8xFOjNi78,"What #HarveyWeinstein Needs to Say to Bring Down the #Hollyweird Hypocrites Who ve Disowned Him",Lionel Nation,News & Politics,29027,1867,33
ShKAo-vLe1E,Baltimore protesters swarm CNN live report,CNN,News & Politics,757403,1856,1025
p0Qy24DXfdY,5.23 - 5/22 Manchester False Flag as Seth Rich Story Explodes & BIG Project Updates,Destroying the Illusion,People & Blogs,57165,1780,158
2t2dme7FMrw,"#LasVegasShooting: 58 People Dead  546 Injured and Legacy Sockpuppet Media Still Refuse to Dig",Lionel Nation,News & Politics,18745,1622,23
7GYW3elFs8c,Space Travel is a Hoax - 100% PROOF,Jake The Asshole,People & Blogs,57400,1611,432
9DFtaHxKSEw,Steve Pieczenik: Giuliani Will Throw Clintons  Asses To Jail,OpenMind,News & Politics,105770,1607,46
n9QxfWlMOCg,Facebook KILLER Steve Stephens FOUND DEAD ! REACTION,K E L L,People & Blogs,72059,1539,62
amgRI9c8ww8,Everything Is A Crime In America Now: Ridiculous Things Adults and Kids Are Being Arrested For,Lionel Nation,News & Politics,24223,1532,20
bAKR9Bnf1pY,"OM#G! Military Man Speaks Out About FEMA Death During Hurricane Harvey WATCH BEFORE ITS TAKEN DOWN!",TheWorld IsUpsideDown,News & Politics,74125,1496,84
ogx5_X9byDU,Are Children Inside the Paddock Home at Bohemian Grove? - Las Vegas - Part 79,Blackstone Intelligence Network,People & Blogs,40955,1379,118
-58cAOaHKDs,Is Jennifer Aniston the Queen of some Illuminati  Skull  Death Cult?,pocketsofthefuture,Howto & Style,182295,1315,248
NWW6DNIn7vc,Events Around The World Are Perpetrated By The Elite s Special Units:Ole Dammegard,X22Report Spotlight,News & Politics,51998,1279,65
3Mqa3b9nzr8,Apollyon RISING!! Absolutely Guaranteed!!,theJonathanKleck,Education,34859,1078,83
-MqWp93aJ6s,The Official Facts Do Not Add Up In Vegas - Episode 1392b,X22Report,People & Blogs,45683,1056,59
_2uGgSgw914,Alex Jones  BETA SEX SLAVE screws Charlie Sheen for 7 MONTHS UNPROTECTED!!,The Black Child,People & Blogs,90060,1046,181
8QLyum1gxBc,Basic Physics Experiments Prove 9 11 was an Inside Job,Stop And Think,Education,99509,1026,62
wyU7waJWL-c,Who Is Troy Goff and Why is He Guarding Jesus Campos  House,Jason Goodman,News & Politics,57863,1004,59
nJWmOpqCvQs,La Experiencia Cercana a la Muerte más increíble de la Historia (Parte 1),Vicente Fuentes,Science & Technology,27212,943,46
NwvaL-qnF3U,David Duke vs Rabid Leftist Cenk Uygur,Political Comedy,Comedy,73790,918,242
QmtyseJ3nYc,Refutando los ``Telescopios con CGI al estilo NASA`` de la Tierra Plana,Alerta Pastores Masones Infiltrados,Education,13345,905,138
8U6tReIKa-s,ELLIOT RODGER World of Warcraft History,BasedShaman,Entertainment,43683,892,199
Qy3FODnRmic,Body Language: McCain,Bombard s Body Language,Entertainment,18666,852,43
oq2FbCBf2W8,Are we not being told the Full Story about what happened in Las Vegas?,Leak Project,News & Politics,67112,829,186
Zeh_He3CLDU,Planes vs. Demons  more mind blowing news showing you Chemtrails aren t what you think they are!,Enslaved By No Media,People & Blogs,50292,822,128
kfsInwOGdxM,Paris attacks: Video of Brahim Abdeslam suicide bomb at Comptoir Voltaire restaurant - TomoNews,TomoNews US,News & Politics,433142,809,230
e26Eysq22Yg,Dylann Roof Bond Hearing. Victims Address Charleston Shooter In Court,Les Grossman NEW OFFICIAL CHANNEL,News & Politics,277036,804,119
Oko5XFW0VIE,Florida shooting eye witness accounts DONT MATCH MSM,RichiefromBoston II,People & Blogs,12365,801,22
GDq5T1xG6c8,A Closer Look at Bike Path Route NYC Terror Attack Suspect Used,Inside Edition,News & Politics,69601,785,44
aU3xJH2dgb0,Snog - Cheerful Hypocrisy,Richard Grant,Music,42704,730,21
053YRK59xuw,"Serco’s stranglehold on the US military - CTM #712 – Field McConnell",John B. Wells The ONLY Official CTM Channel,News & Politics,33161,712,29
KKn_ucvHoRM,HOLLYWOOD FILMS SECRETLY DICTATED BY THE CIA- SteveTalks.tv,Steve Pieczenik,People & Blogs,45641,691,15
t4BhmL_Z8Rg,Laura Loomer vs LVMPD,Jason Goodman,News & Politics,24170,673,50
dFaqsc4lNyk,SNOG - Everything Is Under Control,Richard Grant,Music,66649,659,24
bDzQi7Aq4Bc,London fire: Huge blaze breaks out in west London flats - BBC News,BBC News,News & Politics,386344,648,113
9LwjAgU_2hc,What exactly is a  False Flag ?,Destroying the Illusion,People & Blogs,12267,640,14
jzxR6tGXvEk,Heartbreaking account of surviving the Orlando massacre,CBSN,News & Politics,109161,638,436
foZxFPnmI3E,The Facebook Killer Is Dead But This Isn t Over - What You Need To Know,Press For Truth,News & Politics,16961,632,20
UbCbPRg5UfE,Lawrence On The New Job Description For America s Teachers | The Last Word | MSNBC,MSNBC,News & Politics,30232,584,18
JiNjkQ-gfbA,Mauro Biglino ci parla della massoneria,King Mida,Nonprofits & Activism,103442,545,53
71ZexWUuU1s,La Ciencia Aeroespacial es Ciencia Ficcion,Iru Landucci // Nur para todos // Tierra Plana,Science & Technology,11892,523,55
ncWblQvWNY8,What is the MANDELA EFFECT? Scientist provides clues...,TheHealthRanger,News & Politics,20622,519,62
Y8bZFR8XfMQ,CSPAN: Richard Gage Challenging 9/11 Myths  Lies and Conspiracy,Lionel Nation,Film & Animation,23188,516,33
1XipK_ih1jU,Is the Moon REALLY 238 900 Miles Away from Earth?,Agent S,News & Politics,32170,504,71
VG1TNdK85dc,Las Vegas Shooting Could Be A False Flag,The Alex Jones Channel,News & Politics,35186,492,103
uxTV2E87ki4,Sean Murray reacts to Sony President Shuhei Yoshida comments and The Know,Mitchollow,Howto & Style,16123,451,47
TfiNwzWg8dI,Tierra Plana en los Mass Media - El 11s - La Iss y Don Pettit - El Sol y Más // Hangout // Parte_2,Iru Landucci // Nur para todos // Tierra Plana,Science & Technology,13989,438,30
gjBIri8g5Fw,★ FULLY EXPOSED! CNN Fakes Interview & News in the Same Parking Lot! Red Truck & Bus !,Mood Mind,Comedy,54589,434,23
FpNMW74TRiU,Dr. Steve Pieczenik and Alex Jones Bombshell Interview,The INFOWAR Armory,News & Politics,25340,432,15
pL6aIsR0IR8,Jeff & Ted Broer - Hidden Revelations Of World Control,Jeff Rense,News & Politics,22118,427,27
hhiK9TGMivs,You Probably Don t Want to Hear This,pocketsofthefuture,Howto & Style,14353,384,33
IBoHuATYybk,What Really Killed Michael Hastings? (Just asking...),Truthstream Media,News & Politics,11465,369,10
HkfHu5arvxg,Coachella s homophobe Schattenseite.. | Die Erdogan-Hysterie!,levlonog,Entertainment,3468,369,10
yl-HFSfUKMs,Dr. Steve Pieczenik: Osama Bin Laden Died 10 Years Ago / 9/11 was an Inside Job,19thetruth84,Nonprofits & Activism,44290,364,14
YSXAyJMidJw,Orlando Hoax ( I ve Had Enough ),DoubleHoopNation,Nonprofits & Activism,63033,361,198
4hUUDVIMy_A,Author Of Pedophilia & Empire: Satan  Sodomy  & The Deep State - Joachim Hagopian Interview,Victurus Libertas VL,Entertainment,8566,358,11
Cn3PRCMtIMk,Sandy Hook Bloopers and Outtakes Part 2: The Sound of Psyops,Hoax Busters Call,News & Politics,70066,350,60
0iwRgpUPpH4,About that Alleged Hillary Clinton Sex Tape,pocketsofthefuture,Howto & Style,10400,345,47
PpyIfGtX43Q,Baghdad Bombing Hoax,Howard Johnson,News & Politics,102030,345,13
96syRuHvYDI,WTC Collapse - The Case For Nuclear Fusion,Conflagration2100,Education,48589,337,87
qp0g2ZFE6Ns,Parkland School - Student Admits to Drills on day of Shooting,Valley Forge Network,Education,48326,320,11
j0MeHiyI_zk,Video shows Orlando shooting victims huddled in bathroom,CBS This Morning,News & Politics,109397,302,74
_5vYyALPsCw,Snog  The Clockwork Man,Richard Grant,Music,17080,269,5
GoQYE-zssvQ,The Most Thorough Analysis of the Orlando Massacre You ll Ever Hear,Lionel Nation,Film & Animation,31981,254,167
0kvSd1kIM-A,Protester with his hands up arrested by police in Baltimore,CNN,News & Politics,226610,253,106
IbS4alpXINE,Fake War On Terror Based On Lie Of 911 & Unreal Events - Comm Pilot William juanmatus.com,108morris108,News & Politics,7375,240,10
xDPN2y_OkGc,SNOG - Cheerful Hypocrisy (Aesthetic Perfection_RMX),Richard Grant,Music,9916,239,7
fonjYUEKbCI,Top Secret America - From 911 to the Boston Bombings ++ PBS Documentary,Manolo,People & Blogs,82482,217,42
7IXaqilHuKs,Sandy Hook Justice Report by Wolfgang Halbig - December 10  2017 - Episode 20,Sandy Hook Justice Report,People & Blogs,7146,216,12
5ADg3cD5bfY,Students call on Congress to act on gun control,Face The Nation,News & Politics,23906,204,1001
6VG3NEgbqkQ,A nice story book reading,Mitchollow,Gaming,2811,192,4
WjQ7Y5YRn20,Grenfell Tower Fire: BBC London News Evening Bulletin 14.6.2017,MP s Newswatch,News & Politics,74570,188,63
sqPP4MfBNf0,Survivors describe Texas church massacre,ABC News,News & Politics,22534,183,28
yMKE0ZjID9w,Xentrifuge - Machine Winter,Psyklon Industries,Music,12027,176,2
sxsP84jGvX4,Roger Stone And Alex Jones Discuss Events Unfolding Inside Trumpland,OpenMind,News & Politics,10437,169,10
LKd1bID7m6o,ACTORES DE CRISIS (o de falsa bandera),Magna Veritas,News & Politics,3943,168,15
ADpJoY0Q-ak,Boston Bombing Pt 1 - Real or Hoax  you decide - The blast,mumofgraveypie,News & Politics,50413,165,55
sxVd6dxDbRI,[591] Unlocking Lee Harvey Oswald & The JFK Files,Watching the Hawks RT,News & Politics,7125,164,16
S9xXo7QgEyo,Ft. Lauderdale Shooting Hoax Fully Exposed,Phony Fake Show,News & Politics,5106,155,5
_h6_F_xhSPo,Las Vegas Shooting: Patsy Suicided and Video Proves Multiple Rifles Firing Simultaneously,AmericanEveryman,People & Blogs,29073,152,42
EjJnoFppzLg,Boston Bombing Was Fake? Leaked Photos EXPOSED,InformOverload,Entertainment,28268,148,73
jctbbm5-sfE,Sandy Hook  Newtown School Killings: Conspiracy or Coincidence?,MrLotineGuy,News & Politics,47315,147,37
5DRL2SRpUTc,Arrested NSA Leaker Exposes Julian Assange  Wikileaks  and Luke Rudkowski!,Johnny Supertramp 3,News & Politics,14768,145,131
RPARaxPp6rE,Eric Paddock LYING and inconsistent in both interviews about his brother Stephen MUST SEE,Logical Atheist,News & Politics,33820,139,75
d6i7-IAyLF0,Murdered Family Members of Multiple Black Celebrities: COINCIDENCE or more SINISTER?,AMENTI Investigations WILL OPEN YOUR EYE S,News & Politics,13846,137,10
MakS1yCTwUw,Paul Joseph Watson About Trump Tweets  Idiot Jennifer Lawrence And Other Deranged Left,OpenMind,News & Politics,2158,133,5
BPVoK92lYSU,UK: Person trapped in burning Grenfell tower block,Ruptly,News & Politics,206189,132,53
qlqHl8yIZ7o,Snog - Rich Kuntz,Richard Grant,Music,5988,131,3
bKQ9Hj4OAnE,Payday Monsanto - National Emergency,TheAntiNWOMusic,Music,7808,131,1
6rLe-S_bp7o,TERRORIST ATTACK DURING ARIANA GRANDE CONCERT IN MANCHESTER ARENA,Lalo Elizondo,Comedy,93699,128,43
qGRWi_pvIdI,Reina nın ortağı saldırı anını anlattı - BBC TÜRKÇE,BBC Türkçe,News & Politics,144875,127,28
8ig6kFpP1-A,Bruno Borges and Elfemor the Antichirst sevens.exposed cicada 3301,Defango,Music,6075,118,12
_llIJ8lbU58,WHO DID 9/11? al-Qaeda  Saudis  CIA  Mossad? Find Out Now!,Trust No Man,Howto & Style,9382,114,14
JCAD_imfbzg,Las Vegas: Überwachungsvideo zeigt filmreife Flucht aus einem Verhörraum,RT Deutsch,News & Politics,17389,111,3
4r1jk3MNrUo,MAN GOES CRAZY During A UFO Sighting  Y all Need To Be Shooting That  We Getting Invaded  2016,AMENTI Investigations WILL OPEN YOUR EYE S,News & Politics,14228,110,6
7bA955prn4Y,DIE LAS VEGAS LÜGE 1! THE TRUTH ABOUT LAS VEGAS 1! FAKEALARM! Ungereimtheiten aufgedeckt!,Freund der Wahrheit,People & Blogs,7683,109,10
MMR_rqflhoE,Las Vegas shooting everybody locked in @ HOOTERS Casino !,Ronson ¡n s¡n California,People & Blogs,36935,97,9
X4gfZg9msbg,Mr.Robot 2x12 - Tyrell Shoot Elliot Scene,NOPTIRA RENTON,Film & Animation,17770,94,3
TNwDVmHaPoM,Black Lung  Hype & Drive (Hologram_ RMX),Richard Grant,Music,7403,89,0
MgyKWcz9TPw,Grenfell Tower Inferno s neighbouring tower is BAD,likklewicked,Entertainment,6940,88,4
5MuK1o73pNw,FERGUSON : ANOTHER  CRISIS ACTORS  FALSE FLAG? YOU DECIDE...,Barnone11970,News & Politics,7430,83,27
ESXgXI1lm_M,May 23  2017 Is the Manchester Attack a Hoax?,Hard News TV,News & Politics,12218,82,53
2sRALHrtWbQ,With Mass Shootings In America  Nothing Has Changed | MTP Daily | MSNBC,MSNBC,News & Politics,6275,81,13
dcR6-j6nf6g,Flat Earth - Venus & Mercury In The Night Sky Proves it?,Jordon Rains,Education,3384,80,22
AMT7BPAugOA,The Truth About The Grenfell Tower Fire,Random-TV,News & Politics,8174,75,7
ulfCjUG6E6U,"The Lanza Family May Only Have Existed as a CIA Operation # 1",Pete Pan,Nonprofits & Activism,10950,74,17
iHOyS8vsT4M,Nick Ferrari Criticises Government Response to the Grenfell Fire | This Morning,This Morning,Entertainment,9195,74,9
IdthJVwMpw8,Ambulance cell phone footage at Hooters from MGM grand after Las Vegas shooting,Red Hammer Hayes,Entertainment,3080,69,6
zA_paNul53U,The Botched Vegas False Flag and the Fake Hotel w/ Secret Underground Subway Connection - Brad Olsen,Mysterious Outpost TV,People & Blogs,6610,63,10
8wVjEl5BQy0,GEOENGINEERING NIGHTMARE DANE WIGINGTON,SNAFU radio,News & Politics,1787,63,1
91kDDpgKYW0,Amanda Knox Interview Analysis with TJ Walker on Inside Edition 5/1/13,Mark Goldman,News & Politics,73263,61,51
L4XUpO68rbs,Manhunt For Facebook Killer Ends After Tip From McDonald s Worker | NBC Nightly News,NBC News,News & Politics,12464,56,8
d7Xjy2eMobA,Proof Wikileaks is the Deep State in Sheep s Clothing,Johnny Supertramp 3,News & Politics,1235,51,10
VFuKVA8CNSE,GUESS WHOSE BEEN CLONED!!! PART 5/14,AMENTI Investigations WILL OPEN YOUR EYE S,News & Politics,6851,51,8
wnDB5PuWcks,Beyond Reasonable Doubt Part 7,Conflagration2100,Education,3060,46,3
S-gTH-RDYJQ,Vera Wang on Nancy Kerrigan s Skating Costumes,verbalgirl,Entertainment,29052,45,2
bSN-1f4f2Ls,FALSE FLAG CRISIS ACTORS  EVENT  Remix VIDEO. FERGUSON PLANNED? Part 1 2 & 3.,Barnone11970,News & Politics,3317,45,14
WaJwMU_PSmg,Nancy Kerrigan (USA) - 1991 World Figure Skating Championships  Ladies  Free Skate,3Axel1996,Sports,21098,44,7
HCfSw_gwGjc,So You re Going to the Armed March on D.C of 1 000 People? Don t Be a Kokesh Zombie!,Patriot News Organization,News & Politics,2602,43,28
rIiMsjTLIGE,*THE BIBLE GLITCH* Should We Be ConCERNed? + My Glitch In The Matrix Experience!,AMENTI Investigations WILL OPEN YOUR EYE S,News & Politics,2002,42,7
5FGswrwUYj4,Las Vegas Mandalay bay shooting ? Masonic number ( 33),From the dust 92,Travel & Events,4605,41,5
DLckOTC2TuM,Beyond Reasonable Doubt Part 6,Conflagration2100,Education,2634,41,2
IclXUrDzoDo,Sandy Hook Actor Parents,NOP da CALL,Gaming,6748,40,4
9It-Enjw9dY,TEXAS CHURCH SHOOTING HOAX?!?! WAS IT A FALSE FLAG?!? GIVE UP YOUR GUNS!?!?,HouseOfFreewill,Entertainment,3278,40,18
7lZ7n3ZDNAU,Seth Rich $7 Million Dollar GoFraudMe Page! More Proof of Death Hoax,Johnny Supertramp 3,News & Politics,1322,38,13
F98pdRHb01M,Explaining CIA mk ultra mind control program  government experiments and their victims 2016 must see,VeilLifter,Education,1643,36,0
lhkgyaVa1F0,Shocking interview with Grenfell Tower action group,Bypass Mainstream Media,News & Politics,1078,34,0
MBOGtEqjSEQ,NYC possible terror attack: Suspect from Tampa,ABC Action News,News & Politics,10123,34,7
7_nJrG-dZgE,The ADL and MSM successfully trolled: to peddle White Supremacist Conspiracy of shooter,USNationalistNews,News & Politics,1379,30,11
lDdRPYUxWgo,Elliot Rodger s BMW Not The Same In Hoax Pics,The Veracity Sector,News & Politics,3512,29,44
ZkOGqXvl0m4,Satanic Food and Drug Administration EXPOSED  they want you sick broke and dead!!! GMO,VeilLifter,Education,437,28,0
f4CgNWoP20w,ALERT: Amenti s DISTURBING DISCOVERY Hopefully it won t be yours!,AMENTI Investigations WILL OPEN YOUR EYE S,News & Politics,1460,27,4
whzSwJaNOrk,2017-2020 REALLY? Time Traveler s Knew Donald Trump Was Coming and Leaving!,AMENTI Investigations WILL OPEN YOUR EYE S,News & Politics,1558,26,4
0SiwulwbTfY,Shooting suspect s friend: No malice shown towards p...,CNN,News & Politics,5902,24,11
zmCDN12QSpY,Truck plows into Christmas market in Berlin HOAX - FIREFIGHTERS or PARAMEDICS ?,Sleeping Apples,Comedy,1209,24,5
G70Bd_W3mXI,Florida school shooting reignites gun control debate,CBS News,News & Politics,4493,23,55
XroU5qMPNRw,Google News & 5 Fast Facts Might Get A Good Black Man Killed...,Your Radical Home Sista,Education,297,23,2
QfUSmmAhivE,Los mismos Testidos de Banderas falsas.,Joan Martinez,Travel & Events,2303,23,0
MmD68jUq9n0,Andrew Dice Clay talks acting acclaim  Trump  and Cosby,Larry King,News & Politics,959,22,3
S3myazpxleY,NASA - What Would You Have Us to Believe?,M Turner,Education,1053,21,3
Df3Iwau1JVk,Crypto Mega-Crash! (s--tpost edition!) What s happening? Are you holding? Cryptpocolypse?,Craig Mason s Reasonable Conversation Channel,News & Politics,286,20,3
dpFqvpNIWDs,Autopsy: Nancy Lanza shot 4 times,CNN,News & Politics,11583,19,11
AGDKxD4jMF8,Droni Killer  Prossimamente  sui migliori TG _sub ita,Alpha Resch,People & Blogs,714,19,0
uzOv5XOc1l0,HAWAII MISSILE FEAR PORN!,LacyBC71,People & Blogs,135,18,2
_q65NbwYzBs,NASA Bloopers - TRAILER 11,Enoch Quran,Science & Technology,1055,17,0
YkMPfmigWWM,Flat Earth - The Moon Landing | The Van Allen Belts | NASA Deception,M Turner,Education,1329,17,12
NJpyR91KRKk,THE GAMES  THEY  PLAY: The Kenneka Jenkins Hotel Murder Mystery 2018,AMENTI Investigations WILL OPEN YOUR EYE S,News & Politics,1641,16,3
SERHCblZ0yg,Sandy Hook School Shooting Medical Examiner EXAMINED_Part 2,Conflagration2100,Nonprofits & Activism,3195,16,11
ug-WgAoguFM,Nancy Kerrigan - 1992 Pro-Am Figure Skating Challenge  Ladies  Artistic Program,3Axel1996,Sports,4923,16,4
5T-7_QJFgXY,WTC Director Alan Reiss duping delight psychopath,911TruthNow YouTube,Education,1543,15,1
7crAfuE2DzU,COG - Shane McMahon’s Emergency Helicopter Landing PSYOP (Satanic Freemasonry & O.J. Embedding),Citizen of Gotham,Education,232,15,0
Xj79qiHfxxU,Something Really Ceepy is going on in Italy,Sleeping Apples,Comedy,278,14,0
f1rs0CazLxk,Cell phone saves American wounded in Turkey attack,Fox News,News & Politics,2874,14,27
Ce04xdrFeEY,Mind Control The More You Watch Corporate Media the Less You Know,Conflagration2100,Education,1432,14,0
MCJ2xEYDrvY,They live  we sleep! Movie/documentary and a proof that we live in a MATRIX 2016,VeilLifter,Education,719,13,2
GbeXioJMBFQ,Antichrist Dajjal - Weather Control,Enoch Quran,News & Politics,1227,13,2
0temGvbSimk,9/11 Engine - Is This A Part Of One Of The Planes? Ann Curry (NBC 9/12),911InvestigationVids,News & Politics,1118,12,1
fmipG5RCiXk,REPTILIAN EXPOSED!,FkeBld,Entertainment,302,10,4
Qw5fKr_dQiY,Steve Jobs could be alive if he knew about cancer cure - apricot seeds - vitamin b17,VeilLifter,Education,141,10,1
1DsI6jVBwho,Another miracle bullet  grazing  this guy. North America Lockdown 101,The Voice of Reason,People & Blogs,45,9,0
-4z4vd_4xXU,Inside Alleged Cop Killer Eric Frein s Hideout,ChrisXMedia,News & Politics,3059,9,5
JtTV1tt2IGE,Freemason Billy Graham dead at 99,The Voice of Reason,People & Blogs,106,9,1
k7juNixdfmw,THIS IS THE VIDEO THAT THEY DO NOT WANT YOU TO SEE!,tomcat8153,Education,147,9,0
NkJScVza60c,Grenfell tower London fire planned ahead?,luangbamak,Entertainment,920,7,3
X7W6pyTLk9U,End Times Headline News - Wednesday  February 14th  2018,End Times Headline News,News & Politics,433,7,2
H8E2FnLdyWs,Horns Symbol - Roots and Misunderstanding,Sleeping Apples,Comedy,123,7,0
MSNcAQf2yIY,Shelbyville Businesses Prepare For White Lives Matter Rally,NewsChannel 5,News & Politics,1901,7,19
vkeF_DGuiig,Why New York City attack was a false flag!,False Flag Network,News & Politics,884,6,4
uG4yWJaQqNA,CNN Gives Scripted Question to Shooting Survivor,Kill The State Live Free,Education,125,6,0
TMxKcjTWmOQ,A woman that was with a Satanist without even knowing it,Raise a Little AL,People & Blogs,181,6,1
kRZ3NHBxI4M,Global War Plan Being Executed,Kill The State Live Free,Education,45,5,0
VCeySnb-P5k,Repeal The Patriot Act,Mike WhoRu,Entertainment,36,5,0
wDF1OJVB3s0,Trump Flip Flops on Gun Control,Kill The State Live Free,Education,42,4,0
dOp8wkLuG64,Renzi - il Burattino,Sleeping Apples,Comedy,283,4,1
O7rGWXYNQxM,Benghazi Whistleblowers Under Fire in Widespread Smear Campaign by Government,Patriot News Organization,News & Politics,308,4,1
YDq8LG2N9eI,Gene Rosen At Sandy Hook School  has to be reminded of lines,Robbie Parker,Film & Animation,2978,4,7
1TbDkvH_zFU,Quran and Ancient Cosmology: Flat Earth  Firmament  Geocentrism,Enoch Quran,News & Politics,158,4,1
C4S522dang4,Professor David Hogg - international research collaborations,universityofleedsuk,Education,481,4,0
GuAJ6dWKUHQ,AG Sessions Orders FBI Review After Parkland School Shooting,Don Parker,Education,18,3,0
eR3ng0WnI5U,The Second Amendment is Still a Safe Guard from Tyrants,Kill The State Live Free,Education,40,3,0
hhpQb6GXSaQ,Die Cracker,Kill The State Live Free,Education,25,3,0
Fxztt_gmpoo,Actors FAKING events.Proof all media is CIA run create propaganda to dismantle your rights.crisis.,KASLOE THE PSYCHOE,Entertainment,16,3,0
_hkWCtAdKb0,A love for others has gone cold,End Times Headline News,News & Politics,87,3,0
o3Hud2-66fg,HAPPY 2017! A YEAR IN REVIEW (BIG ANNOUNCEMENT AT THE END),RYAN BACHATA ROCKSTAR,People & Blogs,43,3,0
4F_CI2uCHfw,Who Is James Bruce?,Mike WhoRu,Entertainment,792,3,1
kesaLP1HrJ0,A Dream within a Dream By Gary Lite,tomcat8153,Education,43,3,0
APXOnsk1C3A,Weather Modification Prophesied 1400 Years Ago?,Enoch Quran,News & Politics,168,3,0
TVh6d2212ts,1400 Year Old Prophecy - WEATHER Control - Antichrist Dajjal,Enoch Quran,Education,94,3,0
rzEqY9Fai5A,3 Acres Buildable Lot N.Y. State,kicktroolinface,Science & Technology,57,3,0
aHwVXdAUGbA,Marjory Stoneman Douglas High School student David Hogg Thoughts and Condolences,Everything Channel,News & Politics,180,2,5
LuZ5tPcOJPc,Myth of the Celebrating Palestinians,Facts are Antisemitic,News & Politics,3,2,0
SATccP8Yv8s,Thou Shalt Not Frack And Google Self Driving Auto,Mike WhoRu,News & Politics,22,2,0
yWpZGnCY_Xg,Wolf Blitzer - Zionist Pig,Facts are Antisemitic,News & Politics,8,2,0
F1kSjsEgT3w,Texas Church Shooting {JUDGEMENT FROM THE MOST HIGH},Israelite Anime,Entertainment,66,1,3
8_njHWw3IEQ,Djinn in the Deja blue water bottle,CHEMTRAILS R DEATHTRAILS,People & Blogs,35,1,0
8C1RM9sXUTA,Solar Grand Minimum! ISON! Atmospheric Collapse! Ben Davidson of Suspicious 0bserver,GhostofFawkes,People & Blogs,115,1,0
-soJsRltflE,Ben Davidson of Suspicious 0bservers on Monsanto JP Morgan Nikola Tesla & More!!,GhostofFawkes,People & Blogs,93,1,0
qte19YFk7VU,New kitchen addition in Norwalk Connecticut for,kicktroolinface,Science & Technology,23,1,0
cNTh-UMiGp0,Hollywood raises millions for IDF,Facts are Antisemitic,News & Politics,4,1,0
yB7YNQZa3eI,DOG DRESSED LIKE HUMAN BOY ACTS LIKE DOG!!!,CHEMTRAILS R DEATHTRAILS,People & Blogs,52,1,0
W_ahaOFOSlA,LET IT SNOW LET IT SNOW LET IT SNOW WEATHER MANIPULATION SNOW MACHINE???,CHEMTRAILS R DEATHTRAILS,People & Blogs,49,0,0
Njcs3xhTXYY,"Felix Lucky #OpFeedTheHomelessCharlotte",GhostofFawkes,People & Blogs,27,0,0
rOOTC79QcuE,HE S GOT BETTY DAVIS EYES,CHEMTRAILS R DEATHTRAILS,People & Blogs,25,0,0
GwusC18Ec54,CLOUDS FORM ENTITIES,CHEMTRAILS R DEATHTRAILS,People & Blogs,14,0,0
2PacTXkcXTA,Crazy sky(2),CHEMTRAILS R DEATHTRAILS,People & Blogs,10,0,0
MKgY6P1WmWo,48,GhostofFawkes,People & Blogs,2,0,0
dVKbXzkAuS4,ROCKSTAR VS ROCKSTAR: STAR REALMS POST-GAME ANALYSIS OF AN EPIC COMEBACK,RYAN BACHATA ROCKSTAR,Gaming,25,0,0
D7GdI3XDQ2k,PROVERBS 21:31 : BUT SAFETY IS OF THE LORD,TheHouseOfJoseph,News & Politics,8,0,0
177MsmkSr64,MANDELA EFFECT FIELD OF DREAMS 12/17,CHEMTRAILS R DEATHTRAILS,People & Blogs,40,0,0
OvbTV41aBWQ,End of the world as we know it!! Ben Davidson of Suspicious 0bservers gives us the scoop!,GhostofFawkes,People & Blogs,41,0,0
GCxY-Y8JT6Y,NC Union County Military Trans 10/8/14,GhostofFawkes,People & Blogs,33,0,0
jzdlrRT04zI,Parent Describes Roswell School Shooting,Mike WhoRu,Entertainment,28,0,0
FGiQ5kpT7wA,Ignorant Modesto man stalks Iraqi born American citizen,Facts are Antisemitic,News & Politics,1,0,0
5pEeqISLBxw,Walt Disney s Donald Duck Magic Stick more esoteric satanic worship to indoctrinate the children,KASLOE THE PSYCHOE,Entertainment,20,0,1
7IED9r2JW00,Adele is a MAN. TRANNY. FALSE FLAG DISCOVERY.,Apostle Laura Lee - Church of Philadelphia,Education,32048,,
L34M6hCuDno,Donald Trump  FAKE LATEX HAND!! DISGUISE!! ACTOR!! ROLE!!,Apostle Laura Lee - Church of Philadelphia,Education,15002,,
9XVVZmNYrGY,Seinfield Is A Disguise. Another Obama Match & Rabbit Hole.,Apostle Laura Lee - Church of Philadelphia,Education,6221,,
8jc3oDFGwCE,Louisiana THEATER MASSACRE - Accomplished Without a Single Shot,NowTheTruthTV-6,People & Blogs,751,,
Z0B8JhOe3KU,JFK Assassination: Prayer Man is Lee Harvey Oswald,Lone Gunman,Education,110635,,
STYy5ow5OR8,The Search for Skip Wells - Chattanooga  Shooting Rampage  Victim,NowTheTruthTV-6,People & Blogs,2314,,
adRvGey9J4Y,Sandy Hook School Shooting Medical Examiner EXAMINED_Part 3,Conflagration2100,Nonprofits & Activism,1668,,
iYnD5NqJJ24,¿Qué son Actores de Crisis?,Caos,News & Politics,1131,,
ZIBB5pjX2zk,Beyond Reasonable Doubt Part 1,Conflagration2100,Nonprofits & Activism,7630,,
EfotncoLjPY,Chattanooga Rampage - Secret Origins of Victim David Wyatt - Oklahoma City Connection pt 1,NowTheTruthTV-6,People & Blogs,462,,
4a8T9odlsY4,Beyond Reasonable Doubt Part 2,Conflagration2100,Nonprofits & Activism,4679,,
_8PxfEjuvOo,Beyond Reasonable Doubt Part 3,Conflagration2100,Nonprofits & Activism,2284,,
Dk2WKOwF-yQ,JARED KUSHNER DARK WEB ZIONIST ROTHSCHILD GOVERNMENT CLOUD COMPUTING MARK OF THE BEAST,Honest News Network,Education,9294,,
9-4V3HR696k,Why Some Countries Are Poor and Others Rich,The School of Life,Education,3516315,,
qI5o1yVVHXY,CELEBRITY CONSPIRACY THEORIES 4,shane,People & Blogs,5629277,208754,2189
QMapSAKvB7U,MOON LANDING CONSPIRACY THEORY,shane,People & Blogs,4370882,206244,2647
EYt-ApeqWP0,EXPOSING THE TRUTH ABOUT JAKE PAUL,ComedyShortsGamer,People & Blogs,2134880,135614,8824
tGRzz0oqgUE,Janelle Monáe – Make Me Feel [Official Music Video],Janelle Monáe,Music,2174584,71799,5506
OFPwDe22CoY,The Speech that Made Obama President,THNKR,Education,10647854,66218,3613
dc3p9G47VJ4,Who s killing who  by race and gender  FBI statistics.,Thunderf00t,Entertainment,737072,32665,1452
lMhl2AuMo3Q,Go Behind the Scenes with Joey Graceffa - Escape the Night Trailer,Joey Graceffa,Entertainment,637461,27825,174
pKGvEF0NAy8,Black vs. White Lives Matter - Social Experiment GONE WRONG 2016,BuzzPranks,Entertainment,2677010,26763,4709
37zvOZ17eSE,10 Horrible Insults From Donald Trump,WorldPrestige Kids,Entertainment,5761809,20098,14824
E9RmAo6XVAA,Reza Aslan Cannot Be Trusted,David Pakman Show,News & Politics,515506,19441,2757
KYneLGRTgy8,Mark Cuban: Only Morons Start a Business on a Loan,Bloomberg,News & Politics,3700387,19289,1853
vaTr3WE6oEs,"Instant Karma - Feminist Edition #2",ABLAZE,Entertainment,1440765,18425,3356
a0wwYDoI32A,Paris Isn t Paris Anymore | A Story About The Last Time I Visited Paris,The Iconoclast,News & Politics,405001,15745,2760
sadR4E01WUU,24 Stunden durch Sin City | Galileo | ProSieben,Galileo,Education,2295275,13662,876
g-ex4Q-z-is,The Fake Abortion Clinics Of America: Misconception,VICE News,News & Politics,1398360,13219,2382
2AE0tMvL-aM,Allison Williams Reveals What White People Ask Her About Get Out,Late Night with Seth Meyers,Comedy,1115251,12373,303
-N3JUV9LieU,redsama reagiert auf unsere 300€ spende... apored spielt jetzt fortnite?,Garkolym,Entertainment,420684,12372,620
Tb2iFikOwYU,Things we wont say about race that are true,Mario Noentry,News & Politics,838022,10054,1017
oqiFCg7ye7E,The Moon Landing Conspiracy - Unexplained Objects,Alltime Conspiracies,Education,1127374,9568,1021
TwDGQTCWA4I,Who Will Be Sent to a Fema Camp,The Common Sense Show,Education,1011156,9282,1306
8LqoLBQ68Uw,Former CFO Now Unemployed  on Food Stamps After Viral Video,ABC News,News & Politics,1966231,8849,2113
3wj4ncIEDxw,White Helmets | Official Trailer [HD] | Netflix,Netflix,Entertainment,955143,8060,6368
-IatwoA00E0,ODDBALL THE GREATEST AMERICAN HERO,dingo585,Entertainment,1510613,7842,218
4DuKsxtLY58,Grime artist AJ Tracey on Grenfell Tower fire:  We ve seen no government response,The Guardian,News & Politics,205034,7256,204
0IbuVQWzgXM,All Hell Breaks Lose On Fox News: Laura Ingraham Eviscerates Megyn Kelly  Live On Air.,Top Stories Today,News & Politics,1560966,7236,1637
eIsTsvno4D8,Here s the David Spade Joke That Kept Eddie Murphy Off  SNL  for 20 Years,Complex News,Entertainment,5203839,7086,6471
pB2pnnC2gAM,SJW Politics Ruin Grammy Awards,No Bullshit,Entertainment,154794,6568,586
PJ4p-_9eNAg,After release interview with Sean Murray is a complete joke,Mitchollow,Gaming,190676,5150,1054
VvQ-OrMIdtQ,Manchester Bombing Witness: ‘It Sounded Like A Gunshot’ | TODAY,TODAY,News & Politics,899211,4486,1241
QM7ebcR3-xE,Fake Moon Landing | As Seen On TV | Movies & Television ▶️️,ODD Reality,Education,139955,4432,262
xUBpoyKxArU,Dying at the Hospital Door: Ebola Virus Outbreak | The New York Times,The New York Times,News & Politics,2370072,4210,1502
F1q80d2vUp4,Anderson Cooper CIA Agent,Mark Dice,News & Politics,177818,4052,242
HJhb-ue2DiY,Manchester  Terror Attack Ariana Grande Concert! 22 Dead - (Compilation),Just Gone Viral,Entertainment,1458980,4002,626
7PpsCCTMP8w,Debunking 9/11 conspiracy theorists part 4 of 7 -How did WTC7 collapse,Myles Power,Education,187187,3930,1118
XE_6eA4QRUU,Sodomites and professional Christians,RichieFromBoston,People & Blogs,44286,3373,177
mjBcig5YLRE,Sixteen Years Ago Today Was My Red Pill Moment,Lionel Nation,News & Politics,56851,3306,138
TkCqH7xORi0,PROJECT BLUE BEAM Malfunctions  Caught on Tape,RichieFromBoston,Science & Technology,158564,3271,176
eZVv2AOCnaA,Proof that the news is scripted,The Truth Movement,News & Politics,600855,3127,109
6miOTbk_GSU,We Have to Talk About the Boy in the Ambulance...,Truthstream Media,Nonprofits & Activism,74178,3111,34
Zjy_MXYryEY,ALARMING! Feds Find Bizarre Results In Pacific Ocean—Where Have The Fish Gone?!,Lisa Haven,News & Politics,79875,3043,79
2OtsHg1Sfw8,Is it Over for Truthers?,RichieFromBoston,People & Blogs,61671,3001,147
65N3eP2yvbQ,The JFK Assassination: What really happened.,Jerry Kroth,News & Politics,642765,2994,309
G6gtqAr241I,9/11 Ten reasons why the hijackers were fake.,charleyhellfire,News & Politics,455256,2944,323
ROEk2w5iERY,Get Your FACTS Right!  - Raheem Kassam Schools Far Leftist Host In a Debate Live On TV,The Right Perspective,News & Politics,89236,2900,49
F_lGt6auYDo,Tara Lipinski (USA) - 1998 Nagano  Figure Skating  Ladies  Free Skate,3Axel1996,Sports,1113551,2887,253
aPzOU9iXCRQ,America is falling and Nobody seems to notice .,RichieFromBoston,People & Blogs,80643,2811,169
wcJVw5ZZD5M,MasonicWorld-Are You Ready For IT by Nicholson1968,Nicholson1968,Education,57084,2619,56
nNKt_55GGxw,This Is Why The Saudi s Are So Scared Of Trump And The 28 Pages,The Alex Jones Channel,Nonprofits & Activism,391118,2573,233
HRQRg3xhehs,Two dozen companies commit to leaving California,KCRA News,News & Politics,182244,2285,91
sjkpoMBhJAc,Las Vegas if some of it s a lie all of it s a lie,RichieFromBoston,People & Blogs,56822,2250,124
4xE9OuEJqAQ,Body Language: Putin Interview,Bombard s Body Language,Entertainment,48877,2105,84
q48wBlA-g0s,Brother Polight on Having 4 Wives and Courting 2 More: Family is Business,djvlad,Entertainment,140355,2090,283
I4RamtdSHZY,Nada Encaja en la Masacre de Connecticut,Mundo Desconocido,People & Blogs,105510,2043,97
T2aSK4fKIbU,Jack Posobiec visits Comet Ping Pong & Besta 2/3,yeter yuplo,News & Politics,202483,2019,287
9HvNvH14BGA,Manchester terror attack - through the camera lens,The Telegraph,News & Politics,532582,1959,231
8okX0Zcx208,The United States of Media Hype  Stupidity  No Critical Thinking Skills & Historical Amnesia,Lionel Nation,News & Politics,35080,1936,61
742gf4wEiaU,THIS Is Why People In Illinois Are Fleeing In Massive Numbers! Exodus Has Begun!,The Money GPS,People & Blogs,87997,1858,94
j_UhDgeWouo,Wish I May: Gabo s rape attempt,GMA Network,Entertainment,2651226,1707,1159
DstK0iIuzWs,White People are Leaving California Video www.RightFace.us,rightface1,News & Politics,290072,1653,146
xUpPtEBJdjo,Klopf nicht zurück  eine Creepypasta auf Deutsch | WorldCreepypasta & CreepyPastaPunch,WorldCreepypasta,Entertainment,48431,1637,48
cZYs88HpEb0,Jacob Rothschild Accidentally Admits The New World Order Is FINISHED!!,Love Truth - Fight Evil,News & Politics,405213,1575,470
0hP3BbksRSM,THE SELECTION PROCESS...,A Call For An Uprising,People & Blogs,38247,1483,87
b4JHeg9eDVc,Flat Earth Popular Questions,Jake The Asshole,People & Blogs,31278,1476,232
8Ol9x4da5GE,Dragnet in the Swamp,American Intelligence Media,News & Politics,28749,1440,23
lNUcaRL9HHw,Mr. Robot  Wins Best Drama Series | 2016 Critics  Choice Awards | A&E,A&E,Entertainment,143755,1417,15
CQa0y8DRnQg,Esoteric Connections Or Coincidences? - Las Vegas - Part 80,Blackstone Intelligence Network,People & Blogs,30087,1289,74
GbYNa_OzrKM,Sandy Hook Students & Jennifer Hudson sing at the Super Bowl 2013 - America The Beautiful,SandyHookSuperBowl,People & Blogs,322298,1263,371
IFM5o98yENI,Anderson Cooper responds to Bondi s interview claims,CNN,News & Politics,106234,1217,225
24iShPLNJzY,Charleston Shooting - Demonic Dylann Roof --EXPOSED--,Mark Dice,News & Politics,161784,1209,669
8WiEXaDcVEo,"#PizzaGate - False Flag Hoax starring IMDB Actor Edgar Maddison Welch",Titus Frost,News & Politics,30960,1168,78
BqQu1OkAgaI,GENIUS CHRISTOPHER BOLLYN EXPLAINS WITH FACTS WHY AND HOW ISRAEL DID 9-11,Ian Cohen,People & Blogs,74331,1100,45
9MJ8RiRz4hM,Breaking News nasa admits space is fake! Earth is Flat people,Whiskey Leaks,Science & Technology,117148,1066,446
9u4UuOQi8lA,Will Smith Sacrifices His Son to the Genderfluid Demonic Psy Op,pocketsofthefuture,Howto & Style,113627,920,117
jJpGlp9dWC0,Forbidden Knowledge  Revelations of a Multidimensional Time Traveler - Jason Quitt & Bob Mitchell,Leak Project,News & Politics,86356,857,104
_atHYhKawso,Live Stream - Let s look at Clif s December Report about cryptos,jsnip4,Education,25369,816,126
MG_cA8fHIkc,SCRIPTED | Eagles-Vikings NFC Championship  Jan. 21  2018 +SB 52 +USA Today & Vice Sports apologies,Zachary K. Hubbard,People & Blogs,52681,814,137
oTKbyqkAu7s,Senator Murphy on the South Florida School Shooting,Senator Chris Murphy,News & Politics,51779,811,493
YCt7ABe-_a8,CNN Amputee Actor - Boston Bombings,ThinkOutsideTheTV,News & Politics,124557,809,180
cQXb7EU08gE,New York Terror Ties to Uranium One?,Jason Goodman,News & Politics,23579,797,23
up97Qeepw8E,NASA caught faking space 100% PROOF 2018,Before Its Too Late,People & Blogs,51176,781,196
1QHFfPAmSGc,Why Bob Dylan will be murdered for rigged Super Bowl 52 +Denny Green & Prince reminders,Zachary K. Hubbard,Education,94334,764,365
QMJUJO794f8,Pilots for 911 Truth: Mitoa Edjang,Reinvestigate911,Nonprofits & Activism,88132,729,67
ajnzDqsYDxU,Robert David Steele: Deep State Power  Citizen Responsibilities - Pt. 2,Sarah Westall,News & Politics,25496,695,42
HZJYJECGpn0,How Assad Reacted To The White Helmets Oscar?,Syriana Analysis,News & Politics,26882,689,35
C836r_z4T98,This Moon Landing Hoax Video Claims NASA  faked  Apollo 11 Mission [FULL VIDEO],UAMN TV,Entertainment,132877,687,294
fZ1oaixuzmU,Berlin-Anschlag: Der  Dashcam -Schwindel,Gerhard Wisnewski,News & Politics,34354,669,69
lWROKa0CXWo,The James Holmes Conspiracy - Part 1/4 (Documentary),Mark Howitt,Education,201984,651,114
ImxImEf58E0,9/11 First Responder Patrick Dillon Describes Crime Scene,Joe Friendly,News & Politics,35040,640,50
KxOINiwo3YI,My Heart Is Hurting For All The People I Couldn’t Help  Says Nurse Wounded In Vegas Shooting,The Dr. Phil Show,Entertainment,45127,617,24
9YcB7PI1RFA,Ole Dammegard talking about False Flags  Las Vegas and Conspiracies but also Love and gratitude!,CABIN TALK,Science & Technology,22320,617,26
q4VH9JxexDs,NYC Halloween Truck Attack - What You Need To Know,Press For Truth,News & Politics,8996,601,20
I6KvOxnyBSo,PARIS FALSE FLAG EXPOSED: Clues  The MOSSAD Motive & The Surrendering PATSY,The Kev Baker Show,News & Politics,121637,573,95
M5XwvoEULOg,My Career As A Crisis Actor,EdwardCurrent,Comedy,9527,572,61
KLIWPmWxeus,Mounting Evidence Of Radical Islamic Involvement In Vegas Shooting,War Room,News & Politics,48244,565,100
Lbfw1NPt_YI,Sean Murray interview about No Man s Sky patch seems unrealistic,Mitchollow,Gaming,12585,522,47
WPIAp2sDzTc,The KFM investigate the London 3/22  terror  attack with Dr Nick Kollerstrom,Kent Freedom Movement,Education,23263,518,37
wrBd4bQt1Ts,Spellcasters  The Real Illuminati  Magick Military & Mind Control w/ Josh Reeves,Leak Project,News & Politics,44507,476,62
esIvAO2aIlw,Sandy Hook  False Narratives Vs. The Reality,The Alex Jones Channel,News & Politics,21913,453,17
GdwCztOZBk0,JADE HELM splinters globally colliding with Cremation of Care,The Next News Network,News & Politics,32238,450,8
-vPNCqqCYaQ,Ole Dammegard - Do You Know How to Identify a False Flag Event? - 1 of 2,Veritas Radio,News & Politics,22786,447,25
7N5ZF_atR0M,Queriendo transmitir en vivo la puesta en orbita del Intelsat pero fallo el despegue!!!,Iru Landucci // Nur para todos // Tierra Plana,Science & Technology,9956,405,28
dL2egos2nnY,The Grenfell Tower Fire - 500 Dead - The Result of Govt Negligence and Class War,thecrowhouse,Education,21929,404,41
RSoaCuZpiG0,🌐 Flat Earth they made it through the Ice wall!,Whiskey Leaks,Comedy,36264,393,142
RBqTwi_AFro,NASA - More proof of their lies and deceit. How deep is this rabbit hole?,M Turner,Education,46496,391,92
Fs_0Bgr4Mko,‪Grenfell Tower - How could it happen?‬,chunkymark,People & Blogs,12151,381,45
78PiE4vmeJ8,Fort Lauderdale Airport Shooting Surveillance Video,ABC News,News & Politics,150258,374,442
_0yN_qM_ZeM,Anderson Cooper embraces mom of Orlando shooting victim,CNN,News & Politics,49806,364,992
CV2tD7TAykY,Sean Murray has more thoughts about the release of No Man s Sky - probably,Mitchollow,Gaming,12163,357,30
2zfC-Z11O8o,Cease and Desist from Sean Murray? Also VR and speed carving,Mitchollow,Gaming,5856,348,13
IPnRT15LN0o,RARE  FIRE FIGHTERS ON CALL TO GRENFELL TOWER CAPTURE THE BLAZE ON CAMERA,DJK Visions,Entertainment,62053,347,13
KvOhxqLWx-Q,ROGER STONE  SOROS - ALEX JONES INFOWARS,INFO WARS NEWS,Entertainment,6608,315,2
O2FPB6CoI-M,Morgellons and cinnamon,Nanotransformation,News & Politics,43962,309,17
8nLhA7CVIok,Paul Wylie (USA) - 1992 Albertville  Men s Free Skate,3Axel1996,Sports,106100,306,17
HK46NnsAoeY,Dr. Steve Pieczenik on Bengazi and calls for Acts of Treason To Fix America,Belligerent Politics,News & Politics,24721,304,11
5A7hlIhHzw4,Vegas shooting victims cram into cab on way to hospital,Las Vegas Review-Journal,News & Politics,125068,285,59
IyuBUS4FdqA,Wolfgang Halbig at New Sandy Hook with New York Magazine 7/28/16,Mert Melfa,News & Politics,19668,285,27
Gp9sJkfL-oE,"HUMANITY vs INSANITY # 94 : Grenfell Tower & Corporate Manslaughter",Ian R Crane,News & Politics,27986,283,34
xLH8Ka-UxhU,Meek Mill s prison sentence  Eagles Super Bowl 52  Stefon Diggs  Fresh Prince cleats & Will Smiths,Zachary K. Hubbard,People & Blogs,15536,266,28
jCiT7Hqyzvo,By the numbers | Las Vegas false flag shooting  October 1  2017 at Jason Aldean concert,Zachary K. Hubbard,People & Blogs,15954,248,39
Be6w1mO9oKk,FRONTLINE |  Raising Adam Lanza  Clip:  Don t Touch Adam  | PBS,PBS,News & Politics,310664,236,327
C6H-LawDcaE,Police: Facebook killer is dead,Fox News,News & Politics,32774,231,31
aWD-z_D5fRc,London Fire:  We ve seen some evidence of life within the building  - BBC News,BBC News,News & Politics,108607,227,22
h7iibtQqWJ8,Victims Insist Orlando gunman did NOT act alone!,Sheila Allen,News & Politics,14207,224,30
LUlSEg2pp3o,Syria chemical attack False Flag Attacks In General,911TruthNOW,Education,31134,224,45
JNClvoJ2JRA,Scheiß auf Sexismus..,levlonog,Entertainment,1671,222,19
_T1UE48QXB4,Las Vegas shooting survivor describes helping wounded friend,ABC News,News & Politics,82261,222,232
OwnhoLEtx4Q,Las Vegas Shooting—Videos of Possible Multiple Shooters,GrizzlyHemlock,People & Blogs,28364,213,35
a45R0cuJpNI,Where I got the Data from and my talks with Rabbit  Jason Goodman this is me putting up the cards,Defango,People & Blogs,3667,202,20
TtwnDQ510ic,Seth Rich Channeled by Karl Mollison 9June2017,WhyIsThisTrue?,People & Blogs,7627,196,18
yAjjbNli76I,GRENFELL: VERY CLEVER MAN,The Tony Martin Experience,News & Politics,11846,191,9
P8pd-JYaLGQ,PSYOP: The Invisible Sword 1996 US Army Training Film; Psychological Operations,Jeff Quitney,Science & Technology,23201,190,8
SmD9wYLub8M,EXPERT: MANCHESTER ATTACK WAS FALSE FLAG,Kenn Daily,News & Politics,7980,190,21
ChgeWYoB6jI,History of Rothschild Zionism and Israel,TheKimrob,News & Politics,15980,185,18
xNlVUpQ-vqo,WEINER DROP The Enter PDANON + Mossad Materials | The Jeffery Epstein Mother-load part 6,Defango,People & Blogs,3194,180,11
Xz25AC6mIPs,I’m Disappointed That My Specialty Shines In Times Of Tragedy   Says Critical Care Surgeon Follo…,The Dr. Phil Show,Entertainment,11334,179,6
q6ta0ZZXU4g,Dedekind Cut - The Expanding Domain (Full EP) [ded005],Vincent Glandier,People & Blogs,5410,177,3
XYPSz-1GVh8,Who is Trish the Dish? Meet your Crowdsource the Truth Team Member  The DISH,Defango,People & Blogs,4696,176,56
B2JHE_86G8s,eine lange Pause...,levlonog,Entertainment,1053,172,4
5VL7sf-H-eM,JFK Hoax - Did he even die that day?,Fakeologist,Nonprofits & Activism,21869,172,37
l1fI7BjcPKQ,KuchenTV und seine Meinung zu Volksverhetzung..,levlonog,Entertainment,2455,170,58
0sgWEegdUXw,Witness: Paris street looks like war zone,Fox News,News & Politics,103528,170,67
rKiJXkRuabE,LISTEN TO THIS MAN - 5G INFO YOU NEED TO KNOW.,Cofo72,Nonprofits & Activism,5381,166,8
56ex4IaVLpM,Feb. 21  2018 Dr. Jerome Corsi On HAGMANN REPORT | Robust Counter-attack by Pres. Trump,OpenMind,News & Politics,4670,151,1
rhYRKKvX-vo,I Open The Illuminati Card Game!! WTF?! ILLUMINATI NEW WORLD ORDER 1994,Break Free T.V. ™,People & Blogs,21531,150,49
XlK2Gdo4qT0,Explanation Of Recent Safety Renovations At London Apartment Building That Caught Fire,wwwMOXNEWScom,News & Politics,70448,149,51
Dm5h8cNTzH0,Boom: Ted Cruz’s Brutal Hillary Joke Drops Jaws at CPAC,MLordandGod,Film & Animation,5242,147,8
e7hQtBYH-GQ,Busting the FAKE NEWS about Parkland!,LNT,News & Politics,1203,146,0
bF564qzE5NQ,Reality Winner mom fears she will be made an example of,CNN,News & Politics,20768,134,322
T9lKIcD1cPY,Roger Stone About Twitter Axing Conservatives  Flynn Case Collapse And Facebook Censorship,OpenMind,News & Politics,2769,130,0
-tSiHezMwz4,Black Lung  The Business Of Selling,Richard Grant,Music,10595,127,1
inVHzquZmGE,JFK ASSASSINATION MAFIA JACK RUBY S ROLE,RICK THORNE,People & Blogs,31580,120,27
SxSerGdXFwg,"The Power of White - #POW #safetypin #iSpeak4U",Mitchollow,Gaming,1442,117,7
-9kIxG0UvAw,PBS Frontline S34E10 Chasing Heroin WEBRip h264 spamTV,Michael Alliston,People & Blogs,28281,116,10
reh4gdV3ONE,Satanic Child Trafficking 2017... proves illuminati is real!!!,NOMAD S NEWS,People & Blogs,6828,112,6
9hxk1a48aEo,NEW!! LAS VEGAS 100% PROOF !!!,Truth Seekers United,Entertainment,27725,107,37
k9q9W88cxdk,(JADE?)HELM TECHNOLOGY=RFID,Amerishima2012,Film & Animation,2836,102,6
x9hkttnlHqg,Rush Limbaugh Video Thursday- February 15 2018,Tish Dixon - Rush Limbaugh,People & Blogs,7447,98,4
a6Zo0c9uvlo,Las Vegas Shooting Live DRILL False Flag Hoax Psyop - Official Lies  Paddock & The NWO Agenda,TOTALECLIPSE Page,News & Politics,3845,97,16
u4bAiBRTp3M,Is this a Free Energy machine?,Whiskey Leaks,Science & Technology,31070,96,39
aKfa1cMoMq4,Parkland high school students head to state capital to urge gun control,CBS News,News & Politics,8184,95,117
PdoWsNUlrEg,James O Brien vs Grenfell Tower conspiracy theories,I Am Incorrigible,News & Politics,17707,94,31
aYqH1vJyIi0,Massoneria rivelata 1,Amico Colaianni,Education,25277,92,19
4_sT94Ua5nA,Muslim woman witness GrenFell Tower fire from the start tells a different story of what happened.,Shady 702,People & Blogs,15888,87,24
h1JNQwEwoBI,Honoring a 15 year old hero who took bullets while saving others,CGTN America,News & Politics,7870,83,6
R6l3fugmqo4,Manhunt for Eric Frein enters 9th day  police find AK-47 and ammo in the woods,TomoNews US,News & Politics,28140,80,5
-cLvrkqZxdc,Who Was Lee Harvey Oswald? PBS Frontline Documentary,Aeolus 13 Umbra,News & Politics,21257,74,10
bo4gYfm41S8,Reality Check - Mark Humphrey is NOT the Harley Guy,falcon6073,News & Politics,19933,73,42
SMpu8XwCUkU,Theresa May Reveals NWO Police State at Press Conference in London Today,Johnny Supertramp 3,News & Politics,1789,71,1
JCOrLxzTrq4,Superbowl Audi Commercial  Pizzagate and the Hampstead Cover Up,Jordon Rains,News & Politics,4799,71,4
DwmBTp-QCWE,Kevin Shipp - CIA Agent Exposes Civil War Within Government,The INFOWAR Armory,News & Politics,2711,71,3
K8mCSdj74Ok,Grendel - Severed Nations (Ludovico Technique Remix),Woj ciech,Music,3717,69,0
D78onbNgWdo,London Tower Fire Material Burn Test - Another Science Fail,mental_boost,People & Blogs,19364,66,12
Rh5qoZCnkqY,Flat Earth the Evidence that Demands a Verdict,M Turner,Education,4306,63,6
GAXVG0SnmT4,Rumors circulate about Facebook killer  Tara Molina reports,News 5 Cleveland,News & Politics,26497,60,19
hGbb7uYMwW0,Flat Earth - Antarctica Mysteries | Flat Earth Map | World Beyond the Poles,M Turner,Education,5557,60,7
edLro4tp9AA,Orlando Shooting False Flag Exposed...,Sonarz,News & Politics,107653,57,13
l66ykm9gznA,Parkland suspect Nikolas Cruz member of white nationalist militia  group s leader says,WPTV News | West Palm Beach Florida,News & Politics,14885,55,38
qIlhRAhao1w,Fort Lauderdale Shooting Suspect Esteban Santiago to Appear in Court,ABC News,News & Politics,52129,55,326
5bzh1uJB0P0,Londra  un altro false flag?,MARCO ESCAROTICO,Nonprofits & Activism,4584,53,13
GhPwUB2b0f0,Grenfell Tower: tears in parliament as task force appointed to takeover housing in Kensington,I Am Incorrigible,News & Politics,6662,50,4
A8qKRyyb1WM,Survivor of Boston  Brussels terror attacks tells his story,Fox News,News & Politics,1208,49,17
_bbVO4rmHFg,Student journalist describes ordeal  seeks action,CBS News,News & Politics,5335,48,81
lIDWQglCqwE,Avenged Sevenfold - The Stage - Occult Meanings,Sleeping Apples,Comedy,2666,48,4
6mBfIcUKfqo,Grenfell Towers 100% Masonic-Tranny Operation!,hristos mandylor,People & Blogs,3712,48,5
va8OwU3NFlM,Truck attack,Zakleo,People & Blogs,1818,47,4
w7Pt1WNGsus,Las Vegas Shooting HOAX CCTV Footage says 10 29 2012 !! (FALSE FLAG HOAX SERIES GUN CONTROL AGENDA),VideoUpload Uploaded,People & Blogs,5658,46,4
3CdpKR5nMmk,Florida High School Student Speaks Out About Deadly Shooting,War Room,News & Politics,691,45,2
NhwHAlbVgxE,Vatican Launches Exorcism Course To Tackle Rise In Demonic Possession,MLordandGod,Science & Technology,884,44,1
0jrUsKiu2CU,National Geographic - 9/11 Science and Conspiracy,Documentary World,Education,12844,44,36
435BZJTU6lc,Donors,PAYDAY MONSANTO,Nonprofits & Activism,715,43,2
Xu1Z_vphApA,Can the CIA Hack Your Car?,Agent S,News & Politics,828,43,1
9vqtD9InVRw,Death Toll Hits 8 In NYC Halloween Terrorist Attack,Jerry Eldred,Nonprofits & Activism,10507,43,10
R8oEOWlj6n0,Andreas M. Antonopoulos Key Points on Bitcoin and Cryptocurrencies,Scott Wilhelmsen,News & Politics,2628,40,2
uiQ7j6UkPYg,Meet Lying Fraud Roy Larner and the World s Biggest Sellouts Oasis,ObeLines,People & Blogs,3013,38,54
O8sNFNLnidc,MILO & CHADWICK MOORE! - ALEX JONES INFOWARS,INFO WARS NEWS,Entertainment,420,37,3
SDOuGG8h8ic,Mark Zuckerberg Inbred Bloodline,Break Free T.V. ™,People & Blogs,2280,37,5
WsIzmDJL6X8,Grenfell Early Fire Footage and Eyewitness Accounts Compilation and fake news,mental_boost,People & Blogs,9247,35,2
HZAATg9_Ysg,London 3rd June  Attacks   Crisis Actors Talking Nonsense - Updated,ObeLines,People & Blogs,1133,35,1
xO3G79XvQE4,Korn -  Hater  Live at the Birmingham Barclaycard Arena – Tuesday 27th January 2015,ReinhardvonHolst,Nonprofits & Activism,5450,32,1
WtPcNemsqxw,London Bridge False Flag Psyop Exposed,Anon Ehmus,Education,1851,32,4
W20ukXp-ytE,Eddie Bravo Discusses Flat Earth with InfoWars Staff,Agent S,News & Politics,856,31,2
UPsj9hsAiC8,Tucker Carlson Tonight - Broadcast from Las Vegas - December 5  2017 - Archive,Clear News Now,News & Politics,2358,29,1
YlLZDOqV4BM,Orlando Shooting EXPOSED!!! False Flag Event,Multiple Sarcasm,People & Blogs,5653,28,0
PD5Yknmd3mk,Roger Stone Offers Sartorial Advice For The Portly Gentleman,INFO WARS NEWS,Entertainment,385,27,0
5SX4aPr1tRg,Inside the Crisis Actors Studio Episode 1,James Lipton,People & Blogs,1470,26,2
QTPCYC8gPpE,France: Survivor of Paris terror attacks describes ordeal after being shot,Ruptly,News & Politics,25238,26,14
FLj0IIPkw2A,Cop exposes cancer industry at a court his testimony and child loss to this industry,VeilLifter,Education,240,24,0
q28YVYoVl_s,Nancy Lanza Wasn t Home In Days Before Shooting  Unamed Party May Have Been There With Adam,HistoricalRecordsVLT,Education,2870,24,0
dWSCGCoHGSo,Police make first arrest four months after Las Vegas shooting,Straits Times,Film & Animation,7524,22,10
lhsRNlzn3D4,Maxpedition Whore!,ReinhardvonHolst,Nonprofits & Activism,1212,22,5
7oGvEuB3F0U,Orlando Shooting False Flag Exposed...,Sonarz,News & Politics,82833,22,7
ZDuJz657ZUc,Autopsy Gives No Insight On Motive In Las Vegas Mass Shooting,CBS Los Angeles,News & Politics,10888,21,59
dhtHYQNpi2g,Las Vegas Shooting...You Decide  Here s evidence!!!!,12 Pine,News & Politics,2209,21,2
RqV9bAEemyI,Kentucky School Shooting?? 2 Dead  20 Injured?? Was It A Hoax?? MUST WATCH!!,HouseOfFreewill,Entertainment,451,20,2
yktqNYoMA_s,Florida school shooting: Preventive measures,Fox Business,News & Politics,6633,19,2
aNOpe4kNFYg,Chester Bennington Is the Son of JOHN PODESTA?!?!,Break Free T.V. ™,People & Blogs,2133,19,3
4FhKpJjxZEg,Trey Gowdy Exposes The Truth About Democrat FISA Abuse,MLordandGod,Film & Animation,171,17,0
cFNroE4lzc8,(False Flags)Who Was The Mystery Lady?Threats Made 45 Minutes Before Shots Fired In Las Vegas,GMSBenjamin Israelite,People & Blogs,2134,17,1
cJhbNdnl08U,Post-Competition Interview with Nancy Kerrigan (USA) - 1994 Lillehammer  Figure Skating,3Axel1996,Sports,6336,15,3
ccf8em84m6A,What in the hell!? I DID NOT UPLOAD THOSE VIDEOS!!,AMENTI Investigations WILL OPEN YOUR EYE S,News & Politics,457,15,0
FVBzZKPOnQU,NASA Freemason Deception - TRAILER 8,Enoch Quran,People & Blogs,719,15,0
02uLrmeANZs,Donations pouring in to Parkland students   March for Our Lives,ABC Action News,News & Politics,930,14,3
t0XlMBurtqw,End Times Headline News - Tuesday  February 20th  2018,End Times Headline News,News & Politics,179,14,0
C1RbH-DL6Ng,The Janet Yellen Break Down Talking About Raising Interest Rates,Scott Wilhelmsen,News & Politics,4041,14,2
jxGZuUE30tA,How I See The World.,End Times Headline News,News & Politics,86,13,0
z-2mXddjrM4,The Challenger Disaster Hoax - TRAILER 13,Enoch Quran,Travel & Events,694,13,3
G1BTKTQn0NU,RUSSIANVIDS. NYC  CRISIS ACTORS  AND 80 S ROCK.!!,KASLOE THE PSYCHOE,News & Politics,521,12,0
LYdMuT_86MU,John Kerry Faking Broken Leg To Cover Assassination Attempt,Scott Wilhelmsen,News & Politics,596,12,0
YoLT84Y0m8g,Florida School Shooting Was Drill Teacher Verifies,Irena Hlinkova,News & Politics,295,10,1
vQVSMGG7q1o,The Unprepared ...,ReinhardvonHolst,Travel & Events,447,10,11
xKXQjjTWEoc,What are Crisis Actors?,FkeBld,News & Politics,251,8,2
d_2A1FUakeA,Emma Gonzalez and David Hogg Change start here!!!,Not James Comey,People & Blogs,768,8,24
exT_nDPtcso,Las Vegas TAKTISCHE SICHT PUNKTE - was UNS nicht erzählt wird! Englisch,Alexander Rudzinski,Science & Technology,624,8,3
taMSz57EF6k,The Las Vegas Pedophile Magician: Jan Rouven,Break Free T.V. ™,People & Blogs,864,8,2
Ua_VBcEHRVQ,Amazon Echo  Alexa  EXPOSED!!! CIA?,Break Free T.V. ™,People & Blogs,566,8,3
Nh6uldnVXfI,Attentäter von Las Vegas plante Blutbad akribisch,afpde,News & Politics,2178,8,2
N4N4-fZa0w8,Linux Approached By NSA About Backdoors,Mike WhoRu,News & Politics,1163,8,1
_iK8rEtOlq0,Flat Earth - The Basics | The Big Awakening in 2012 | Flat Earth Facts,M Turner,Education,359,8,2
TaNw7RXOtTs,Chemical Sun Rise,kicktroolinface,Science & Technology,62,7,1
D-4WhBtoNUc,Britain!,ReinhardvonHolst,Nonprofits & Activism,105,6,1
TU6PRHlfVFs,Fema Camp Opening Along Train Route - Another Walmart Death Chamber,The Voice of Reason,People & Blogs,345,6,2
J8AGa9RwvqM,Its another Sabbath eve...Happy Sabbath!,End Times Headline News,News & Politics,27,5,0
BLR-y3B1vYs,David Hogg in Marjory Stoneman Douglas yearbook,Ernest Saugebautem,People & Blogs,782,5,0
WYdD_BMnsfI,Effectiveness of PrEP | HIV Prevention Med Truvada,Ben Jacob,Education,34,5,0
c4iAy7Z6_IM,Conspiracy Truther Ripped By Sandy Hook Dad,Wochit News,News & Politics,2720,4,49
3ZCvmdGgVEs,My opinion,SomeGirls,People & Blogs,560,4,3
7UbfJyq0wf4,Plane Crash in Seattle,KudosThere ?,People & Blogs,121,4,0
oewToWL3YP8,Happy Sabbath My Brothers and Sisters!,End Times Headline News,News & Politics,44,4,0
rCJg6mcxKm8,Booming Crypto-Currency Innovation  Dark Coin  and Government Regulation,Scott Wilhelmsen,News & Politics,339,4,0
KFXFBy-GF9E,Buildings and Construction Crane Getting Struck by Lightning in Bangkok,Scott Wilhelmsen,News & Politics,478,4,1
85xPxdJomUY,The Clintons Celebrate Election Night to Soon,Don Parker,Education,38,3,1
FctI5URIb08,Ortaköy Saldırısı Gerçekleri!..   Kim bu Jacob Raak?,İSLAMİ VAHDET,People & Blogs,581,3,0
I7kVFjNBfyA,RUSSIANVIDS update!! Don t fall for the cons.feb 2018,KASLOE THE PSYCHOE,Entertainment,14,3,0
r2XCcICGEQM,"Alex Jones Backs Away From #PIZZAGATE",Break Free T.V. ™,People & Blogs,219,3,0
J9MENVWer-8,Map Deception - TRAILER 9,Enoch Quran,Education,77,3,0
IBHWbiAabzE,Cher FaceTimes Kathy Griffin,Ben Jacob,Education,220,3,2
eHMDfXMqW5g,Was the Florida Shooting a False Flag?,CitizensOutpost,News & Politics,353,2,3
Guu2ZneGNkQ,Boston Dynamics - You Have Been Replaced,End Times Headline News,News & Politics,52,2,0
iPG5vw4RvZk,What the MSM is really saying,Facts are Antisemitic,Comedy,3,2,0
YQYqqp5zpaw,Slipknot - The Devil in I LIVE,ReinhardvonHolst,Nonprofits & Activism,91,2,1
_ad23Nx_Gto,Vicar says  the rest can go hang  - Christ the living Saviour can and will save you from suicide.,KudosThere ?,People & Blogs,33,2,0
Sv8_HMWMdUc,All American  John McClane  badassery  Jake Raak **uncensored**,Rafet Türkkan,Entertainment,284,2,1
wZw4iooeYiU,Flat earth 2017 - Survivor David Hogg says he IS NOT a Crisis Actor | Trump’s son is called a “Con,Gore Care,Film & Animation,124,2,0
13E-YQ4Q4HM,My Questions For The  I Wrap A Ho  Shooting,Mike WhoRu,Entertainment,55,2,0
yGwwwACTvnI,The Scripted MSM,Facts are Antisemitic,News & Politics,4,2,0
XFvOy6_E1OU,Why Shooter Drills  Florida Shooting? Government  Media Cover-up. Why?,Joseph Farley Show,News & Politics,369,1,1
IkY6NGVSYP8,End Gun Violence in America rally,WPTV News | West Palm Beach Florida,News & Politics,204,1,0
rSnJQN4FHX0,Doomsday clock=Nuclear destruction for amerikkka PRINCEOFPOWER,MenofValorSouthCarolina,Education,7,1,0
KWSJQjtuCoQ,Staged driver shot in the leg. ya right!,CHEMTRAILS R DEATHTRAILS,People & Blogs,10,1,0
OCCM0UHSSyM,Video Response:  Amber Lyons reveals CNN lies and war propaganda,Mike WhoRu,News & Politics,45,1,0
s53sh46CGCE,Adolf Hitler - “Everything is lost”,Facts are Antisemitic,News & Politics,4,1,0
8A_Wpf2cU98,Simple Shellac Nails Tutorial & Review,Anarky,Howto & Style,48,1,0
8uYqPZ1rKHQ,At CPAC  Trump says armed teacher would ve stopped Parkland shooting,TP Clips,News & Politics,26,0,0
rggZVApB74I,FAKE BOMB FAKE NEWS,CHEMTRAILS R DEATHTRAILS,People & Blogs,5,0,0
57jxgyaBYVU,The Flat Earth Awakening on Barcroft TV Nathan Thompson ODD TV ▶️️,tomcat8153,Education,12,0,1
efSEtMq5AiI,Jon Bonet Ramsey. Transgender Satanists. Freemasons.,Apostle Laura Lee - Church of Philadelphia,Education,36643,,
POegvIveBNY,Wolf Blitzer DUAL ROLE as Gene Rosen Sandy Hook?,Apostle Laura Lee - Church of Philadelphia,Education,619,,
7S8-58DtSQU,The Texas Church Massacre PSYOP Hoax!,Love_Thyself,People & Blogs,1439,,
6O4oEFK1riw,Hayley Mills. By Transvestigator Contributing Author.,Apostle Laura Lee - Church of Philadelphia,Education,2319,,
i4hNAPpLAiQ,Special Report FEMA Region 1,RichieFromBoston,Entertainment,43876,,
WmOrvnbs-z0,Johnny Depp Gay Pedophile Exposed (MUST WATCH),3 DAYS OF DARKNESS,Education,254833,,
Xfb8K4gjWvw,Sandy Hook - The Deadliest Minute,Sandy Hook Facts,People & Blogs,13003,,
YojLrAT50hk,Fans Flee From Ariana Grande Concert Manchester Arena Terrorist Attack,MITCHELL WIGGS,Music,103506,,
0eu3qpDFhjo,Bill Skarsgård on Playing Pennywise the Clown,Jimmy Kimmel Live,Entertainment,15130372,211547,2871
g1lgUwHyKQQ,Briefcase Joe: Eminem Teaches Jimmy Kimmel to Rap,Jimmy Kimmel Live,Film & Animation,16293750,187954,2441
zhp-FTYSGe8,Why the Moon Landing COULDN T Have Been Faked,CollegeHumor,Comedy,3805927,110641,6923
q6ejo61CU6A,La conspiración más abominable,DrossRotzank,Entertainment,2644301,95254,1601
zbsZjW-m0x8,15 Disturbing 9/11 Facts You ll Wish Weren t True,HighImpactFlix,Entertainment,11051970,93767,11335
ZPHSXUS0_1c,Why America isn t the greatest country in the world anymore.,Jeff Taube,Entertainment,7605075,85425,5136
ipz5h6kO7Jc,10 Famous Child Celebs Who Ruined Their Careers,Extreme Trends,Entertainment,16038108,84220,55666
UEihkjKNhN8,HIDDEN CAM:  Gun Show Loophole  Exposed!,StevenCrowder,Comedy,4130533,81989,4781
RbimBJJiGUA,Best Freestyle of the Year: King Los Kills the 5 Fingers of Death,Sway s Universe,Entertainment,6679163,75739,2315
ryTn81fJUko,NEVER EVER PAY COLLECTIONS!,KEEPING IT REAL WITH CREDIT,Education,1946570,63797,1870
xhGyRW3F4XQ,KID CRIES TEARS OF JOY ON FORTNITE!!! (EMOTIONAL),Cizzorz,Gaming,2226192,50666,876
nxCntTmdfJ8,Truth or Dare with Rape,Anna Akana,Comedy,3315564,48835,6869
hSFWgKl-O-A,The Funniest Interview You Will Ever See!,andymerv,Comedy,8287096,36936,2091
p62zZToH7ns,Crowder Takes ‘White Privilege Test’ Live on Air | Louder With Crowder,StevenCrowder,Comedy,988660,36060,713
VXq6lSJDyLE,President Obama Targets Gun Violence: The Daily Show,The Daily Show with Trevor Noah,Comedy,2280841,34816,1614
SUMvC78efn0,What if JFK Was Never Assassinated?,AlternateHistoryHub,Entertainment,2017885,31653,832
-Dzf_XE3zH8,Lindsay Lohan on Converting to Islam | Good Morning Britain,Good Morning Britain,Entertainment,2550098,31282,5880
Dr5iQfTh-Hc,What Psychics Predict For 2018!,Kendall Rae,Entertainment,348798,21547,363
wYC6kOcX6TI,Why Isn t MSM Talking About THIS Footage From Vegas?,HighImpactFlix,Entertainment,1480731,21450,3248
XjWUz-nTKkA,CELEBRITY CASE: How Did Natalie Wood Die? SKETCHY AF,Kendall Rae,Entertainment,308477,17747,151
RCkNCOA5u-g,Neighbors From Hell | 20/20 | ABC News,ABC News,News & Politics,4767094,17547,1447
F-qdRPUC_Yw,Ryan Gosling & Jimmy Kimmel on Las Vegas,Jimmy Kimmel Live,Entertainment,1250388,13774,965
LxCc-kge2Yc,Dave Chappelle To Trump Supporters: He’s Fighting For Me  Not You | The Beat With Ari Melber | MSNBC,MSNBC,News & Politics,1463361,13665,3726
Ul8B7Y8a-3A,something very strange is going on: Crazy Events (Prophecy in the News),Jason A,News & Politics,4880722,13653,2170
FnTc3DUckH4,Trevor Noah Saw Chelsea Handler Instigate a Women s Uprising in South Africa,Late Night with Seth Meyers,Comedy,1138055,13554,218
CHsnrVP3oC0,Schwefelgelb - Es zieht mich [a+w XI],A1A2B1B2,Music,645412,13451,161
wnqxV33loE8,Blutengel - Lebe deinen Traum (Official Video Clip),Out Of Line Music,Music,1369856,12625,518
vB5vL4bJeug,Matt Damon takes out Libertarian ambush journalist,ThePropagandaFactory,News & Politics,4045423,12368,6883
KmfJzi6xgNM,Jimmy Kimmel s Daughter Cried at Holiday Performance,Jimmy Kimmel Live,Entertainment,1036546,11113,229
2GrKY7Qqal8,Matt Damon Explains Why  Good Will Hunting  Has So Much Cursing,The Late Show with Stephen Colbert,Entertainment,1079225,9568,457
ursLkIFUokE,Livin  on the Street: Whose Fault Is It When the Stock Market Drops? - The Daily Show,The Daily Show with Trevor Noah,Comedy,553401,9022,361
p-HRrtbQsv8,Men Are NOT Mindreaders!  Ben Shapiro NAILS the Aziz Ansari Debate on FOX,The Liberty Hound,News & Politics,859966,8480,494
UJelbO9h_F8,Why Hollywood Won t Cast Hilary Swank Anymore,Looper,Education,3316698,7812,2249
eYp_sjWe9uE,Steve Harvey: You can’t see people struggle and do nothing || STEVE HARVEY,Steve TV Show,Entertainment,1230035,7786,88
zfw_-d8qzkA,Finally  The Truth Behind Willem Dafoe s First Name,The Late Show with Stephen Colbert,Entertainment,720071,7452,194
STtaFO9ogNA,Why The CIA Kills Rock Stars,The Alex Jones Channel,News & Politics,734028,6537,538
-l44KUQHoVY,Understanding the syrian crisis in 5 minutes,Le Monde,News & Politics,1553902,6457,2539
AF81RV-T6_I,Joe Rogan - Steven Crowder Infiltrated Antifa,JRE Clips,People & Blogs,350663,5515,483
JF4w0QKtf0I,NEW CALIFORNIA..People are Leaving California Explained,Paul Preston,Education,374284,5421,547
dALJn6z8Eac,Vegas Massacre Solved! Cover-Up Exposed,The Alex Jones Channel,News & Politics,182239,5318,264
d0_vHSWbpwA,Conan s hair-raising fake CNN report,CNN,News & Politics,872650,5028,1130
kQ1wfWck6SM,CRAZIEST Conspiracy Theories On The Internet,Talltanic,Entertainment,842552,4908,1265
tGj1Z56zSog,17 killed in Florida school shooting,CBS Evening News,News & Politics,702303,4564,343
KMUsZAMAt-Q,David Icke  Why The System Is Falling Apart,David Icke,Nonprofits & Activism,324548,4560,172
7Q-qKwm5gL8,Tucker Carlson Wrecks CNN Over Retracted Fake News Story,iBankCoin.com,News & Politics,253555,4356,133
KP4z4hF7cTY,Pizzagate  The Context - The David Icke Videocast Trailer,David Icke,Nonprofits & Activism,262743,4267,226
qiZqoaNYfsA,Top 10 Craziest JFK Conspiracy Theories,WatchMojo.com,Entertainment,354606,4224,234
3uVnT0fVMZM,Imam di Londra:  Non stupitevi se anche in Italia ci saranno ATTENTATI. Un giorno ROMA SARÀ NOSTRA,Matteo Salvini,News & Politics,731225,4043,1443
c5Yhlo7vzT4,David Icke: The  Fake News  Hoax - The System is Desperate,David Icke,Nonprofits & Activism,172933,3974,83
ZJCiDrqjjz8,President Obama tears up during gun control speech - BBC News,BBC News,News & Politics,493916,3312,1403
0kR-bkwX6v4,Exclusive: Girl Accused of Murder Breaks Her Silence to Warn America,JoshTolley,News & Politics,141630,3025,197
-NNQ94maA6w,Top 20 Shocking Videos That Went Viral,Wacky World,Entertainment,1330756,2949,1139
_h-8dAzHy6Y,Actual proof in AMERICA of portals and Demonic visitors,RichieFromBoston,People & Blogs,72928,2754,99
gPA4KUvWS8E,Anderson Cooper Schools A Sleazy Bigot,Secular Talk,News & Politics,229280,2665,143
B5s3QDqPTHc,The Lost City of Atlantis | The Conspiracy Files,Alltime Conspiracies,Education,115669,2603,218
-Uhxyev7gI4,2016 -  It is  perhaps  the end of the beginning  - The David Icke Videocast/Podcast Trailer,David Icke,Nonprofits & Activism,118389,2519,93
WQEG_5Xr1nA,WAS THIS A RIGHT WING HOAX?,Tim Pool,News & Politics,30009,2515,168
NNuosBnlw5s,Rumsfeld slips up and admits flight 93 shot down,Basra C,News & Politics,2094667,2428,396
2u-NDNVkCOg,FEMA Ships; Reports From After AI Hurricane Harvey,aplanetruth.info,Science & Technology,129446,2319,155
DNBgtZqjtJY,Lady Gaga Breaks Down at LA Vigil Reading Orlando Shooting Victim s Names,Hollyscoop,Entertainment,284875,2164,493
Rm880Koy4Uo,CNN s Poppy Harlow MK-ULTRA/MONARCH BREAKDOWN???,The Black Child,People & Blogs,255898,2113,301
9e0LjA_XKdg,WHY THEY ARE FLIPPING EVERYTHING UPSIDE DOWN!,A Call For An Uprising,Howto & Style,54897,2096,82
7bNEHpmATuM,Full Breakdown: What You Need To Know About The Orlando Shooting,WeAreChange,News & Politics,89966,2039,241
iJVrMo4ynzs,San Bernardino Shooting Suspects  Violent Standoff with Police,ABC News,News & Politics,764028,1997,309
U1F-hk5TXn8,What is the Dragon Family? | CLASSIC,Stuff They Don t Want You To Know - HowStuffWorks,Entertainment,175072,1972,61
dfl00AuYNa0,Pizza Gate False Flag For Fake News Attacks Free Speech and Independent Media,WeAreChange,News & Politics,35415,1922,60
QGx7aifCZxA,9/11 Conspiracy Undeniable Evidence (Court Trial Evidence) Part 1 (Official Video),MonkeyDoodleCartel,News & Politics,429261,1875,314
1x8XPX7YW14,Transgender Professor INSULTS Jordan Peterson  Watch How He RESPONDS,Conservative Network,News & Politics,110782,1637,93
fELRvpvtifU,The Truth About Dylann Roof | Charleston Church Shooting,Stefan Molyneux,News & Politics,127115,1586,396
6NVPysiVsmE,MASS SURVEILLANCE: China reveals FACIAL RECOGNITION + TOTAL SURVEILLANCE!!,The Black Child,People & Blogs,72318,1585,36
WXrQsifE9eA,Oprah Loses Her Cool While Golfing with Clint Eastwood | The Oprah Winfrey Show | OWN,OWN,Entertainment,1111748,1555,1333
Tmf-rTmWCDc,Rose McGowan issues warning to Harvey Weinstein,CNN,News & Politics,166144,1552,387
wwzBkhPfYW8,Gavin Mcinnes SCHOOLS Delusional Feminist In a Debate Live On TV,The Right Perspective,News & Politics,104133,1456,72
im7EJ7TPtVY,RACHEL MADDOW: Colbert s politics a rarity on network nights,Premium Rush,News & Politics,217677,1422,94
s_MwJPS7DQQ,Gravity  ISS and Mini Moons,Jake The Asshole,People & Blogs,28259,1420,174
HM3A_-PRJ5o,What Happened Just Before the Paris Attacks,Truthstream Media,News & Politics,115654,1354,72
lq510oaqunk,WHAT MORE DO YOU NEED TO HEAR TO BE CONVINCED? (EDUCATION),A Call For An Uprising,Education,25275,1341,87
gLWMnH31D-Y,Mena Coverup - Bill & Hillary Clinton s Arkansas Cocaine Operation Exposé,charliekerper,News & Politics,145665,1293,55
HMd5MM2tmEA,Q [CLAS] FREQUENCIES,James Munder,Education,35313,1261,36
EKQ59Cq_Mhc,Requiem for the Suicided: Vince Foster,corbettreport,News & Politics,96083,1230,47
6LrWerclnMs,CHROM •╬• The Start of Something New •╬•,AxeL MoiseS Salome,People & Blogs,136608,1227,12
12uwwIWYiQo,Morgellon s Instant Cure?,underworldclassroom,People & Blogs,126763,1215,64
uyaZ2khj7wQ,Is The Ft. Lauderdale Shooting a False Flag?,The Alex Jones Channel,People & Blogs,51815,1212,75
Dn1Ua8Tg0HY,100% Proof that Alex Jones is Controlled Opposition,Anteye LaVey,People & Blogs,122358,1112,373
3xsr3rFPk2U,Chris Broussard on LeBron James saying Los Angeles is  built for stars  | SPEAK FOR YOURSELF,Speak For Yourself with Cowherd and Whitlock,Sports,193445,1086,114
6WLTbTT30ik,Stinchfield | Stephen Willeford: NRA Member and Texas Hero - 11/7/17,NRA,News & Politics,31125,1060,34
JYMYn6uwUrM,Pizzagate  The Deep State and SOULutions - Cathy O Brien,Freeman Fly,News & Politics,52156,1039,60
wRcuFGYraLM,🇮🇳 India s Rape Crisis | Unintended Consequences | 101 East,Al Jazeera English,Shows,201565,971,136
ZC8vFuF1rB4,FEA Viva Las Vegas,Jake The Asshole,People & Blogs,20528,968,99
SO8Xb-t4nT4,School Administrator Exposes Sandy Hook Stonewall,The Alex Jones Channel,News & Politics,56208,930,26
Q3vi3WY8HBs,North Korea vs USA: TRUMP Assassinate Kim Jong Un? WW3 Countdown,The Black Child,People & Blogs,61413,930,73
UlDPiiVouEw,Brussels Attack Was A False Flag!,The Alex Jones Channel,People & Blogs,103344,919,576
4Sd6EIja9WA,Bill O’Reilly Accuser Juliet Huddy Speaks Out | Megyn Kelly TODAY,TODAY,News & Politics,415399,888,1327
oSequQfLFIE,Archons  Anunnaki & The Controller of Everything False Light Soul Trap Robert Stanley,Leak Project,News & Politics,60149,813,81
mLuqwD5YloA,Your Final Wake Up Call! (Part 5 of 5),Watchman Of The Harvest,People & Blogs,58887,808,53
hyJX3fbMKWI,AGENDA 21 COMPLETELY OUT OF CONTROL IN LOS ANGELES. MASSIVE OVERBUILDING TAKING PLACE.,grindall61,News & Politics,36765,791,54
-TcJOE6FXbU,Followers Of Rob Skiba s Flat Earth Research Need To See This!,Gary A. DePietro,Science & Technology,51002,775,169
4ZmljpEf4q4,"Yes  #PizzaGate Is True - What Fake News Media Won t Report | Mike Cernovich Periscope",OpenMind,News & Politics,35757,774,111
itYbJHCECIg,How Fake Has Terror Become? - PART 1 OF 3,Richard Hall,Education,38894,746,55
G1OYiMCeYtE,‘This Girl Just Plowed Me Completely Backward ’ Says Woman Trampled During Vegas Shooting,The Dr. Phil Show,Entertainment,44861,739,20
uijO8FzmBh4,Fake Aleppo: Egyptian filmmaker charged with spreading false news on Syrian war,RT,News & Politics,24403,737,22
V4MKwzPYrbk,Drone Captures Video Of Car Plowing Into Crowd In Charlottesville | NBC News,NBC News,News & Politics,923999,735,1068
WdLJq6S71kc,Light on Conspiracies - Don t Fall For The Hoaxes and False Flags with Ole Dammegard,TheAnarchast,News & Politics,36680,734,30
uUTtUxxzPSg,Berlin-Anschlag: Wahrheit oder Lüge?,Gerhard Wisnewski,News & Politics,62966,712,179
eUfLWNcgsqU,Important! SNL Pizzagate Connection and the Illuminati Psyop Universes!,pocketsofthefuture,Howto & Style,41491,702,74
FzsoMjhGqI8,WEST LONDON FIRE! WHY ARE THE MEDIA DENYING MUSLIMS SAVED LIVES!,streetordeentv,People & Blogs,38663,693,161
Hx-h_eEYjJQ,Potential Deep State Leaker Reality Leigh Winner Gets Discovered by FBI and Arrested (REACTION),Anthony Brian Logan,News & Politics,9070,653,9
zVxvDPf4AkY,Der Fall Lisa – Die hartnäckigste Fake News über RT Deutsch,RT Deutsch,News & Politics,27612,640,31
JvPkA4NmShE,Dismantling Las Vegas Lies and Deep State Deception,Jason Goodman,News & Politics,46470,619,85
AClgIiuCRbg,Vegas Madam Snitches on Brownstoning Ops  Political Sextortion & FBI / CIA Predator Pimps Part 2,Jason Goodman,News & Politics,30093,599,42
6SbMuWdW100,Wikileaks War Lies and Videotape,Patriot Justice,News & Politics,118501,597,65
15Jsc78aQDA,London Bridge Hero Describes Fighting Off Three Knife-Wielding Terrorists | Good Morning Britain,Good Morning Britain,Entertainment,52904,588,62
eSj_aNX_gN4,...But What About The Roads?,corbettreport,News & Politics,29844,581,51
B-Au7ZvpO2E,Sarah Hughes (USA) - 2002 Salt Lake City  Figure Skating  Ladies  Free Skate,3Axel1996,Sports,191293,572,77
HNeenJ1-I5M,The JFK Assassination  Reptilians  & The Mandela Effect,kinninigan,Education,37805,559,148
4c0Z7_yWyno,Wendy Williams Reveals She’s Battling Graves’ Disease,Inside Edition,News & Politics,23328,534,22
tnIihvfQXVs,Laura Loomer Shares Info From Mandalay Bay Employees With Alex Jones,OpenMind,News & Politics,21887,509,40
0BJno8AE7Lw,MARK DEVLIN PRESENTATION AT THE OPEN MIND CONFERENCE  DENMARK  2015,Mark Devlin,Film & Animation,37371,484,25
tNL0XODSMwU,Cracking The Shakespeare Code: Part One (Conspiracy Documentary) | Timeline,Timeline - World History Documentaries,Education,43099,474,37
kAQmB74eIGo,BRITISH GOVERNMENT AND WHITE HELMETS EXPOSED ON THE BBC,SCOT TV,News & Politics,32047,450,14
f0_EyPwvWTY,NASA BRAND MAN S MORGELLONS HAIR,Skizit Gesture,News & Politics,72223,422,57
ToQNVJE4xgk,McDonnell parents live through Grace,CNN,Shows,160099,402,524
Bftv2qB1jnw,Proof jason Goodman and Trish are Lying to George and the people.,Defango,People & Blogs,21295,387,107
xSGH1UnWBHc,Morning Joe Panel Blast CNN s Jim Acosta For Arguining Immigration with Stephen Miller,iBankCoin.com,News & Politics,64124,372,239
wY1tVhDn_u0,JFK MURDER PROOF OFFICER TIPPIT IN JFK S GRAVE?,RICK THORNE,People & Blogs,55977,371,43
0DrY33Mwmkk,Eustace Mullins finding out exactly who is doing what to whom,TheRapeOfJustice,Education,18735,364,20
FWFU1GGD8gk,10-26-2017 Serco’s MH Macau Death Pool  Spot Fixed Paddock s Ho,Abel Danger,News & Politics,15524,360,17
A08URoq55RQ,Vegas Is Underwear Bomber 2.0: Defusing The False Flag,The Alex Jones Channel,News & Politics,10551,341,8
hyTTzLQ3mt0,Not an action film! Anti-terror drill featuring fake suicide attack in Manchester mall  UK,RT,News & Politics,73299,340,567
jenmNZs7hbY,NSA Hacking Leak: Who is Reality Winner?,CNN,News & Politics,46114,330,322
XE85wDMzlKU,FINALLY FIXED! No Man s Sky Patch 1.11 Fixed Everything! MUST SEE!!,Mitchollow,Gaming,6403,328,79
fGY-aUxqV5M,PAYDAY MONSANTO - ASStroNOTS (video),PAYDAY MONSANTO,Nonprofits & Activism,9235,321,8
YNb0BoVgqIU,Hours Before the Terror Attacks  Paris Held A Mass Shooting Drill With Crisis Actors,Spiro,News & Politics,10629,305,9
dw937KFfW8o,Sandy Hook ★ Principal Dawn Hochsprung Seen At Boston Bombings & Biden Fireside Hangout,connectingdots2,News & Politics,77259,299,57
JodXnRPBZJU,It Sounded Like Firecrackers Going Off   Says Survivor Of Mass Shooting,The Dr. Phil Show,Entertainment,18185,291,6
sU-XzXZxc8I,Vegas Shooting Stranger By The Second! Key Witness Campos Missing! Sherrif Avoiding Real Questions!,Justincredible Things,News & Politics,5331,290,8
5fPQ2puFmnc,Resistance Without Anger - James Corbett,Freeman Fly,News & Politics,12825,290,21
3bgzQ8nR_5c,Sky4 shows the moments protestors ran for safety when Dallas shooting started,FOX 4 News - Dallas-Fort Worth,News & Politics,249399,281,38
Fjhy7wGBsaE,Orlando shooter s 911 call transcripts released,CBS Evening News,News & Politics,79572,276,110
YLJd3cMDOJ4,Covenant - Dies Irae,Psyklon Industries,Music,28660,273,2
zFGQd_YGM2Q,IMMINENT COLLAPSE of AMERICA & Coming NEW WORLD ORDER - Sgt Major Dan Page Exposes the ELITE AGENDA,Elite NWO Agenda,Entertainment,46633,272,39
LOEqFFZCsr8,US Gov has legalized psychological operations against citizens,HowManyKnow,News & Politics,8955,269,9
UKv7jDq3fMw,How I know the cause of Morgellons,Martin Simon,Education,25430,262,42
b-wqzcRiBsU,Solitary Experiments - Sense of Belonging,Nenávisť Nekonečná,Music,53144,259,3
FbAVSFBMCcU,New York mayor: Truck attack an act of terror,CNN,News & Politics,51972,257,278
IGqZXO1xgeQ,What Really Happened to the 58 in Las Vegas?,GLOP GodlovesOurPassion,People & Blogs,92839,253,111
FacyHXsYRIY,New video shows church group moments before shooting,CNN,News & Politics,123037,241,67
wxm8FNNxens,Sarah Huckabee Sanders Wears Same Dress as Reporter to White House Presser,Inside Edition,News & Politics,14942,234,30
4JxoxWJIZss,(CR)ISIS actors practicing false flag Hoaxes | Manchester  UK,Gr8PaintDotCOm,Education,89037,224,34
xSEVw0aXdCA,UK Police Test Terrorism Attack Response In London,Sky News,News & Politics,80140,221,37
FqoN68CFKkY,LVMPD Swears Under Oath Vegas Shooting IS a Conspiracy,John E Hoover,News & Politics,4791,219,24
3IvWv9_gpiQ,There are NO satellites above the flat earth !,Martin D Metdubbelss,Nonprofits & Activism,16999,218,54
3D39VqFmKIo,The Boston Bombing Hoax Conspiracy - best videos / photos & analysis proving it was fake trickery,Juzman,Entertainment,38783,212,97
E19zACC2myg,The Attack: The Heroes of San Bernardino Part 1,ABC News,News & Politics,36405,199,23
X0MBgTdOSLA,Trump s  Screaming Protester - STAGED!!!,Agent S,News & Politics,13824,197,50
ZYjDc_x70wQ,REAL  PSYCHOLOGICAL OPERATIONS TECHNIQUES & PLANNING,PLANATE VERITAS,Education,10940,196,63
hqalkZSrL3Q,Infowars  Boston Marathon Bombing Conspiracy Debunked with Facts,AlienScientist,Nonprofits & Activism,25619,189,48
sWPdSRPE9rA,Mandela Effect: Sun hologram + ChemTrails + Plane holograms,Lone Eagle,People & Blogs,8438,183,14
w-wQTZ6DmeY,GET TO KNOW ME -- ALXXSCHMIDT,Alxxschmidt,People & Blogs,3013,182,4
pCyd8xY57GU,"The Worm Has Turned On Social Media - #GoodNewsNextWeek",Media Monarchy,News & Politics,1516,172,1
TeW65YgOLUA,SNOG This World (Done Me Wrong),Richard Grant,Music,21495,171,3
-WMShY8a7a8,Colin Flaherty interviews former prison psychologist Marlin Newburn,Armed Alabama,News & Politics,4986,168,3
XTacawtM9PM,Hidden Life of the Orlando Shooter,ABC News,News & Politics,50952,166,156
oGZp2zjqsLs,Sevens.Exposed Updated and Decrypted Liber Primus Key Cicada 3301 2017,Defango,Science & Technology,11071,160,10
THPQYbv4cBQ,Mr. Robot Wastes Bill,Ben jamin Michael,People & Blogs,31103,160,125
FLBeabSdzlI,Nur para todos por IRU LANDUCCI ¿Por que engañar si la tierra es redonda?,Ìllumination,People & Blogs,9402,155,45
fgSU966e0MU,whites Faking Attacks @Black Panther Movie - Our Rise Freaks Them OUT,Your Radical Home Sista,Education,2450,151,12
EoTYoguyngc,War Logan Pauls Video wirklich so schlimm? | Der   Dead Body Skandal  - Meine Meinung!,levlonog,Entertainment,1070,145,5
bCln71x1OJs,JFK MURDER DEALEY PLAZA WITNESSES TELL ALL & MORE !EXPOSED!,RICK THORNE,People & Blogs,17239,145,12
1ipezK8eYUk,Official: Suspect in Charleston church massacre in custody,CNN,News & Politics,68254,136,42
yjVRZEyf_vw,Mason Wells Survived 3 Major Terrorism Attacks And Says How Faith Sustained Him | Megyn Kelly TODAY,TODAY,News & Politics,16448,136,47
2-MLEPNYBUw,Freemasons And The Secret Number 88,Shaking My Head Productions,People & Blogs,5652,128,11
K1uExF0c4rU,"Nancy Kerrigan - Secrets Of Skating #1 of 6 Axel Jump",Stephen St. Romain,Sports,85959,124,5
K2kDQJbLxUI,Morgellons Disease What Is it? -Highly Contagious It s A pandemic!! - I ll Be Going Public In 5-2017,Morgellons Disease The Silent Epidemic,News & Politics,11486,121,17
JzYUzumJw4g,Survivor of terror attacks shares his story of faith,Fox News,News & Politics,1750,120,19
k2v8Z_CuOhY,BREAKING!!! Br. Dr. Cunningham MISSING After Warning About Killer FLU VACCINE!!!!,Your Radical Home Sista,Education,1009,115,1
dfnFMuvb8UY,Florida massacre survivor demands leaders actually take action,mediamatters4america,News & Politics,4594,112,64
wU9aZdJFPVQ,Did Trump Just Secretly Restore The United States Republic?,Jordon Rains,News & Politics,9987,112,12
7jyBVzOJ3U0,Brandon Tatum and Alex Jones Interview (9/29/17),The INFOWAR Armory,News & Politics,2100,109,1
90CVp-42alo,Cop-killer Eric Frein manhunt ends  ‘survivalist’ found hiding in abandoned airport hangar,TomoNews US,News & Politics,11380,106,11
8BSgVZkpLwQ,MANDALAY BAY SAME NAME GAME!!! MUST WATCH!!,Break The Matrix 4all,Film & Animation,3351,104,9
hCzj9E1T2Jg,May 30  2017 Manchester Bombing Curious Connections and Financial Interests,Hard News TV,News & Politics,4591,102,16
3HkZmyzgWmI,Adele visits the Grenfell Tower firefighters,5 News,News & Politics,35072,97,36
6DIvBQdgLAE,"Oregon Cans Nestle s Bottling Plan - #GoodNewsNextWeek",Media Monarchy,News & Politics,1005,93,1
yHD6WStfNAk,Alex Jones Preaches Conspiracy Theories  Trump Listens,Bloomberg,News & Politics,9521,92,172
_ELrzQbI4m4,Flat Earth Asshole vs Vsauce - Another Glober Bites The Dust,Martin D Metdubbelss,Nonprofits & Activism,3270,91,38
K9076F4sTtQ,🐺 Flat Earth debate in 55 seconds 🐑,Whiskey Leaks,Entertainment,2368,89,15
4J4E9mp-Ugo,ALERT  JADE HELM 15 Video taping My Home. They Been Breaking in my home!!!,kicktroolinface,Pets & Animals,12020,87,11
xWAVSdZOlY8,"Trading Desk Jobs For Corn Cobs - #GoodNewsNextWeek",Media Monarchy,News & Politics,1080,85,0
gEEtjL0pVk4,Evergreen State College SJW s and more Curious Bi George,Mitchollow,People & Blogs,10233,81,23
XysS0Xg3JM4,Jim Gard  teacher at Parkland high school  described the scene inside the school,CBS News,News & Politics,12942,76,14
PTPv0UAIHfY,FAKE NEWS POLLUTES THE NATION. psychoe warfare.,KASLOE THE PSYCHOE,News & Politics,3468,76,5
JXmvwvuQ05M,Grenfell Tower Fire: Hunt for Hesham (Day 3) - Charlotte Lomas,MP s Newswatch,News & Politics,34749,75,17
Tge93c3J2cc,Hello YT Loves!!! Checking In!,Rhia Sage,People & Blogs,498,73,1
rme_IMxTn0A,Manly P Hall Secretly Related to Helena P Blavatsky?,Apostle Laura Lee - Church of Philadelphia,Education,3371,72,12
ZGBVbF58Rvc,Commenters  A Call For An Uprising Is Russianvids . I Agree.,Apostle Laura Lee - Church of Philadelphia,Education,3330,71,69
EOtbjkUVTzo,Y Don t Swirlers Fight REAL Racist NASA? Oh  They re Happy w/Movies & Sex w/MASSA,Your Radical Home Sista,Education,761,69,4
Od1rXC7WHBU,Dr Steve Pieczenik & ALEX JONES OCTOBER 14 2017|FACE TO FACE BETWEEN Steve Pieczenik Alex Jones,Dr Steve Pieczenik 2017,Science & Technology,2452,63,4
-BjFKOLd3cw,Watergate: The Secret Story  - 1992,SMC6,News & Politics,18577,59,17
1HkAvCJLTRs,Gene Rosen walking in circles rehearsing his lines at the firehouse  approximately 10:30 AM,Mickey Rush,People & Blogs,19049,58,16
Q2c0RfkbBtY,Snotts TV  Parking Mad  Cops ARE Public Servants & Woolich Scam Exposed Again,SriLankerC,Education,2584,52,4
zD8e0-QNp-k,Anticristo 2017/18 | Il Terzo Tempio _sub ita,Alpha Resch,People & Blogs,6124,51,10
Fn1YXs3bCEg,Orlando Shooting Hoax?,Call of Duty Goddess,People & Blogs,8403,50,22
9EONP0KTvvU,REAL NEWS (3rd HOUR) Wed - 2/21/18 • Lionel Nation News & Analysis • Alex Jones Infowars,Ron Gibson,News & Politics,2226,47,0
V6OSRuQSjR8,Vegas Massacre - The Search for ANY Evidence of Real Deaths - Part 10,NowTheTruthTV-15,People & Blogs,3279,47,5
VwQJnuc6t0U,Zachary K Hubbard | Bob Dylan s  98 Grammy s Soy Bomb incident & his looming death for Super Bowl 52,Zachary K Hubbard Classic s,Education,1279,47,2
Vgf13OiOKjM,Manchester Bombing False Flag - Dead Victim is Alive,Zero11s,People & Blogs,3322,43,28
Xu06QH3bc-0,JFK The Lost Bullet Mystery Solved,Dave Surge0n,Education,10303,43,11
Akt0P_vTcss,Authorities Continue Search For Cleveland Facebook Killer,CBS SF Bay Area,News & Politics,33984,41,13
MbjXv7LdEbc,Las Vegas Shooting Hoax Staged False,ThaReaLesT62QB,Entertainment,2561,37,6
p7YQX2j542o,CRISIS ACTORS,TAYLOR BUDD,People & Blogs,518,35,0
zuCmBgjIv5I,"Waco FAKE #2 - JUDGMENT DAY",Vincent Moore,People & Blogs,2685,33,4
0wK1r0U1M9c,Duping delight witness and staged ambulances at the Manchester HOAX.,William Genske,Film & Animation,1505,31,3
2psIj8zbSbg,911 and beyond False flag s. Full Documentary.,smokin_JDQ,Education,2376,30,3
tyvYvtvEdHc,Manchester Hoax! ..-Credible Witnesses just keep coming forward !,hristos mandylor,People & Blogs,1245,30,2
QwFzvEDMSSc,Logan Paul Dog Kong Cute Moments (LATEST) 2018,LOGANG PAULERS FANS,People & Blogs,768,30,1
E3t2-dWfQUI,Stockholm Sweden truck attack hoax busted Story posted 3 days ago about todays attack,Zero11s,People & Blogs,1188,29,3
aSJ2dsYve2I,Reina tanığı: Kendimi tuvalete kilitledim,Yirmidort TV,News & Politics,50642,28,6
N9eIWVyukA0,Fake Cold Weather?? Chemtrails Blocking The Sun?? Depopulation Plan 2018?? MUST WATCH!!,HouseOfFreewill,Entertainment,837,27,1
tejWG0Afgeg,Angry cries from Fla. students spark national movement,USA TODAY,News & Politics,754,26,21
V1M4WS5pbkM,Jade Helm update- Chicken FEMA Camps!,Prepper Recon,People & Blogs,1518,26,11
yHhwLNxo_K8,Berlin Truck Hoax - 100% Proof - Israel is Behind All Hoaxes,Trust No Man,News & Politics,979,24,4
1dasXAeWgPY,We Need to Talk About Sandy Hook FULL VIDEO,Snupaboo,Comedy,1688,23,1
zySB9RuT5AA,Gene Rosen  Sandy Hook  Hero   Harassed By Conspiracy Theorists Who Claim He s An Actor,Sheila Martin,News & Politics,2134,21,16
UllLzIkFEj4,"#Reina saldırısı sonrası saldırganınsaklandığı otoparkın işletmecisi 24 e konuştu",Yirmidort TV,News & Politics,25532,21,4
DiCT3tBk7jU,Interview with Nancy Kerrigan - 1994 United States Figure Skating Championships,3Axel1996,Sports,11892,19,1
vQjCvN4PzAM,Government Shutdown 2018?? Is It All A Hoax for Martial Law?? Chemtrails All Weekend?? MUST WATCH!!,HouseOfFreewill,Entertainment,816,19,1
w4deqyMCqCE,U.S. Survivor: Turkey Attack a  Massive Tragedy,Associated Press,News & Politics,10759,19,41
jOh_Gm-n6sg,Delta Pilot SLAPS Passenger in Face  Training Video?,Jordon Rains,Education,712,18,0
Z0Vn8FmXuds,JFK TOTAL HOAX ASSASSINATION .....JACKIE HELPED FAKE THE DEATH,Jim Farley,People & Blogs,909,17,3
D60sYqBQKsE,🔴 17 AMBULANCES At HOOTERS Casino Hotel During Mandalay Bay SHOOTING For Reasons UNKNOWN !!!,The Choice News Network,News & Politics,4804,16,8
xlZYlz-2LR8,Eric Matthew Frein - Insurgency drill Psyops false flag shooter,Libertytree Tv,People & Blogs,3192,16,7
1i9ZSdZSUb4,Agenda 21 Depopulation For a New World Order,TheKimrob,News & Politics,1161,15,0
MjhUvMfEYg0,BOGUS STRIKE -- But NEW Channel! NowTheTruthTV-18. Don t Miss It...,NowTheTruthTV-15,People & Blogs,334,14,0
QfYLUOrTA2c,DAVID ROCKEFELLER DEAD: Special Interview From HELL!!,Break Free T.V. ™,People & Blogs,891,14,0
NlH8MxYn2zE,[MIRROR] Side Thorn s Crisis Actor Orientation,Trevor Punchline,People & Blogs,232,14,4
CsCIYJarFbQ,Flordia Shooting David Hogg _ What About Luis Santos CORRUPT Antonio Villaraigosa,Monique m,Comedy,820,13,2
VfN-o881zpg,Nancy Kerrigan (USA) - 1993 Piruetten  Figure Skating  Ladies  Free Skate,3Axel1996,Sports,4686,11,1
EjAGvz6HcOM,Shelbyville Preps For White Lives Matter Rally,NewsChannel 5,News & Politics,1698,11,23
XFcP4g_96hI,Fort Lauderdale Shooting HOAX - 100% PROOF of Staged Event,Trust No Man,News & Politics,642,9,0
OTHiTjIPY4Q,Crisis Actors Exposed Part 9,LionWarrior28,Entertainment,1037,9,2
ayRsVQce4Zc,Punching Nazis,FkeBld,News & Politics,99,9,1
r8cZ3OcJq8Y,02.10.2017 N24 Eilmeldung - Anschlag auf Open Air Concert in Las Vegas,Worship / News,People & Blogs,4087,9,3
kRXTM6qbYik,Crisis Actors Exposed Part 6: Simon Astaire,LionWarrior28,Entertainment,899,8,1
yORuY7-AKec,NYC Truck Attack Uber Witness On FOX - Extraordinary Details - Plane Mundane Show,Alex Aquarius,People & Blogs,497,8,1
SnGH0l8GoA0,Ben Shapiro SHAPE SHIFTING on The Joe Rogan Experience!!,Break Free T.V. ™,People & Blogs,1878,8,22
6GwONyWN890,The Mary Tyler Moore Show S05E09 Not A Christmas Story,TheDudezer,People & Blogs,1593,7,1
sivpt-HcgQo,Dying Bees Are Avoiding The Plant Life! (Birmingham UK July 2014),ReinhardvonHolst,Nonprofits & Activism,182,6,0
nH2cVGNRnyM,bad daddy hoax nyc,unseenrecordings,Education,68,6,0
uU2-jx5RakE,Real but coded up? Rikers Island Cop Gets Owned,The Voice of Reason,People & Blogs,100,6,0
Qqk-2V2uz0A,Stop rubbing his nose in it!  Good Morning Britain fire interview triggers backlash,Lightning News,Sports,12203,6,32
u8Ii7lWZT28,Las Vegas Shooting Hoax Crisis Actor BIG BROTHER SCRIPT,Bob Hawke s Skid Marks ya silly old bugger,People & Blogs,206,5,1
FvtuM8LzTLI,Stockholm Truck Attack HOAX Final Nail in Coffin,Russell Lester,People & Blogs,192,5,0
s71EVDF7LxM,NYC Halloween Terror Attack Hoax is a DHS Capstone FEMA Drill,Awgasee Zcasgete,Film & Animation,160,5,0
A0ECJhrIsjs,andrewboughton.com - Duping Delight,abought1,Entertainment,6651,5,5
jBvl6l-_fTM,Stockholm Truck Attack HOAX Final Nail in Coffin,albert 17,People & Blogs,204,5,1
Vcwn3rrz2QI,CHICKEN TONGUE GANG SIGNS!,FkeBld,Comedy,13,4,0
0Q90ZcIOHm8,Public Enemy Speaks On JAY-Z  Todays Hip Hop  and Social media?? MUST WATCH!!,HouseOfFreewill,Entertainment,46,4,0
1m7yXpFsx6g,BREAKING DIRECTED ENERGY WEAPON DEVASTATES 400 SQUARE MILES H BOMB LIKE DAMAGE,tomcat8153,Education,36,4,0
A0dQ7AMhnJ0,Holiday Shopping for Under $10! | 99 CENTS STORE,Ben Jacob,Education,30,4,0
1rDwdHYCRyY,Real-Life Hogwart s in Hollywood! | House of Magic,Ben Jacob,People & Blogs,51,4,0
kO546byoAE8,Murfreesboro Spreads Love Among WLM Rally Preps,NewsChannel 5,News & Politics,666,4,6
b208gB_wPdI,Beware of online hoaxes after Las Vegas mass shooting,KENS 5,People & Blogs,1214,3,31
Jgb3cVIDBWQ,Melania Trump Into Controversy By Florida School Survivor,Aban Famous News,Entertainment,8,3,1
SUOvhxQcKo8,PODESTA BROS ARRESTED DISNEYLAND POWER OUTAGE AIRPORTS SHUT DOWN INTERVIEW WITH 8CHAN BAKERS,tomcat8153,Education,241,3,0
XDqOH1YVJsg,Stockholm Truck Attack HOAX Final Nail in Coffin (Mirrored),Franklin Pousson,People & Blogs,251,3,0
i5FeJD5LSMY,The Pagen Truth About Valentines Day?? MUST WATCH!!,HouseOfFreewill,Entertainment,186,3,0
WI1IrKobrU8,MTSU Cancels Event Ahead Of White Lives Matter Rally,NewsChannel 5,News & Politics,697,3,5
m5BR0aMHuKs,Vegan Cheetah  Exposes  Tana Mongeau,Anarky,Entertainment,112,3,3
oLiT_ATL6mk,China Floating City Phenomenon Explained,Anarky,Entertainment,59,3,1
7OWJBCxwdFk,OCD Rant,Anarky,Entertainment,58,3,0
M7tdyJ8fFrg,Ben Jacob - Game Zone (Lyric Video),Ben Jacob,Education,36,2,0
b_C14fb2WEE,David Hogg  survivor of Florida school shooting,Dr. Marion Thorpe,News & Politics,667,1,13
R5lnA9aCtNI,Might be something  might be nothing. (Part 2),ReinhardvonHolst,Nonprofits & Activism,167,1,0
n8Ll-tb2Ncc,DEMONIC ORBs LIKE TO PLAY WITH HIGH VOLTAGE POWERLINES,JONNYY 5,People & Blogs,68,1,0
TZHGLWpPLS8,Canadian Olympic athlete allegedly involved in drunk driving incident,Aban Famous News,Entertainment,10,1,0
mJzE-nEihfI,"#Reina mağduru ABD li William Jacob Raak dan Duygu Dolu Açıklama",sosyetealemicom,News & Politics,881,1,1
tFSEWZRg6FQ,US CUSTOMS  BORDER PROTECTION SHUTDOWN ALL US AIRPORTS AFFECTED TRAVEL TRAVESTY IRAN EXODUS,tomcat8153,Education,37,1,0
lxkV-1yKRq0,Russian Cosmonaut Slams Flat Earth Theory A Response to Sergey Ryazansky,tomcat8153,Education,29,1,0
1nq5NfTSuK8,Do you still believe we went to the moon Flat Earth Man,tomcat8153,Education,12,1,0
-Fw_uMtlI8I,Sandy Hook mother discusses shootings  mental health  mental wellness,TP Clips,News & Politics,15,0,0
8Rv9Sthbl3g,Crowd erupts in cheers when Rubio mentions semi-automatic ban,TP Clips,News & Politics,70,0,1
ZvOiFw5jUoc,After MAJOR Backlash  Joy Behar DESPERATELY Tries to Pander to Conservatives,News Now TV,News & Politics,5,0,1
0MjweNDnKjE,High River Gun Grab of 2013 the public is unaware of Part 1,Raise a Little AL,People & Blogs,13,0,0
B5gH20IWkPM,RUSSIANVIDS PRESENTATION. MORE Buffoonery reality being stripped in front of your eyes.What is real?,KASLOE THE PSYCHOE,Entertainment,7,0,0
ZUf-adpKDv8,Eric McCormack sings awesome tribute song to Mary Tyler Moore,TheDudezer,People & Blogs,103,0,0
v8T6sk8MsQ8,Obama Woman Face. Michelle is a Man. Obama is a Woman.,Apostle Laura Lee - Church of Philadelphia,Education,7406,,
pJiUGukxZLQ,www.crisiscast.com,mitchstitch,Education,12759,,
qL2eLtOyHAg,The Truth about The Port Arthur Massacre,ProtectAus,Education,164705,,
8HiO4uupBPw,THE PUBLIC RAPE EXPERIMENT!,fouseyTUBE,People & Blogs,22862913,372149,40949
c4U5Y7MSAJc,Scientists Finally Discovered the Truth About Easter Island,BRIGHT SIDE,Howto & Style,7753544,119444,9335
fDvNoLboqQM,John Carpenter - Who Wants To Be A Millionaire - COMPLETE VIDEO,Jayse Greene,Entertainment,13980624,118742,2011
q5HJvpM1iFo,"Logan Paul vs KSI Boxing CONFIRMED! (✔) #DramaAlert Jake Paul vs Deji   Snake vs Wolfieraps!",DramaAlert,News & Politics,2059479,102382,5141
rgUvhNlGV0s,Stephen Calls Bruce Willis A Liar... MISTAKE,The Late Show with Stephen Colbert,Entertainment,13777751,70136,12335
ncW1MdPr1B8,Why Jimmy Fallon Seems Fake,Charisma on Command,Howto & Style,3715163,53490,10030
i1AHCaokqhg,4-2: The History of Super Mario Bros.  Most Infamous Level,Summoning Salt,Gaming,1351027,40357,1340
V8XTe0ec9Zo,King Los - War ft. Marsha Ambrosius,KingLosVEVO,Music,2237728,32130,575
Xxriepi9tvg,Infowars Reporter Owen Shroyer Makes Trump Protesters Cry,The Alex Jones Channel,People & Blogs,831851,27663,1670
3zDr04UIr8I,Cory Booker Is Not Having the DHS Secretary s Testimony: The Daily Show,The Daily Show with Trevor Noah,Comedy,1463066,26112,650
LiHb4KJLFyE,They re only TWO Genders!  Jordan Peterson DESTROY Transgender pundit,50 Stars,News & Politics,1714320,22638,1983
vrl5PFB35Ec,Mark Cuban: How I Became a Billionaire,Bloomberg,News & Politics,4318282,22101,1284
S8lbRHHU9R4,A day with a BILLIONAIRE! Join Rich Kids of Instagram s Emir Bahadir as he works out and shops!,LA Muscle,Entertainment,4373629,21147,10833
GJziBQ6OLoQ,"Joe Rogan Experience #991 - Eddie Bravo",PowerfulJRE,People & Blogs,1693580,18578,2290
GLbX9CL7Yg8,Between the Scenes - Justin Timberlake s Confusing Halftime Performance: The Daily Show,The Daily Show with Trevor Noah,Comedy,1353323,17607,3971
mXDuuIvb1KU,10 Failed Terrorist Attacks,Alltime10s,Education,1439253,17084,881
5hphhsrctwY,Sofía Vergara Gives Stephen Her Underwear,The Late Show with Stephen Colbert,Entertainment,1867432,15122,1131
DtJ0sX6X3eE,BLUTENGEL Asche Zu Asche,Out Of Line Music,Entertainment,2388757,14684,454
N-XXZ01aWvw,Faizon Love Trashes Dave Chappelle  Netflix Taking Over Hollywood + More,Breakfast Club Power 105.1 FM,Entertainment,1046179,10327,3499
93iUbW_akkE,Sweden Is OUT Of CONTROL  - Tucker Carlson REACTS To Situation In Sweden,The Right Perspective,News & Politics,524463,10038,525
Yn7criXZQnM,3 Ways to Deal with Martial Law,VikingPreparedness,Education,899843,8649,799
q55_dMAF5kQ,Kathy Bates: Never Share A Joint With A Stranger  Especially Bill Maher,The Late Show with Stephen Colbert,Entertainment,656798,7854,169
b7yIcx8A_wc,Obama Sacrificed Joan Rivers For Exposing Tranny Michelle Obama!! 2014,FisherOfMen,Education,1721588,7584,1796
XYMj29WOpGg,Conservatives To Tomi Lahren: Who’s The Snowflake Now?,The Young Turks,News & Politics,396013,7433,1036
ytLHx0DHTYw,10 Most Legendary Moments That Made Ben Shapiro Famous,Conservative Network,News & Politics,691502,7284,395
NjlC02NsIt0,GLOBAL WARMING IS THE BIGGEST FRAUD IN HISTORY - Dan Pena,London Real,People & Blogs,333908,7187,1883
JznuJqG1e-w,EXCLUSIVE: SECRET SERVICE UNLEASHES 80 MINUTES OF SCATHING TRUTH THAT WILL SHRED HILLARY CLINTON,The Next News Network,News & Politics,454986,7161,248
Kz10UlcXNHY,VITALISM | PAGAN | GUITAR PLAYTHROUGH [OFFICIAL],Vitalism,Music,394846,6722,76
K9MZPp1h690,SCARY TRUTH About The REAL Jim Carrey & Illuminati! MUST SEE! (2018),StrangerThanFiction,Education,496302,6504,645
SazYwqcGo44,Steve Harvey has a Laugh Attack,Spyrokid,Gaming,1083186,6347,191
u5Pp1HEKSPM,Cuban on Investing: Diversification Is for Idiots,Wall Street Journal,News & Politics,1323098,6225,963
OG0AxR04Byk,BREAKING CNN JUST CAUGHT RED HANDED IN MASSIVE LIE ABOUT DONALD TRUMP!,The Next News Network,News & Politics,276308,5330,340
DmOl60VP2cs,"King Los 15 Minute Freestyle With The LA Leakers | #Freestyle003",Power 106 Los Angeles,Music,218306,5212,95
7nln7edE3sY,Simpsons & Family Guy Crossover Illuminati Episode EXPOSED! Satanic Agenda Hidden in Plain Sight!,The Vigilant Christian,People & Blogs,885582,5200,4712
KwRPMJCoRKY,Dick Gregory speaks on Ebola Hoax  Obama s Secret Service Debacle  and ISIS(CIA Agents),blackmagik363,Education,510777,4883,311
PRuMV7GXkM8,"Top 10 Reasons Not To Move To Portland Oregon #3 might make you want too.",World According To Briggs,People & Blogs,409949,4414,1020
AhbhQnzmIQo,PREACHERS WARNING SINNERS - I THOUGHT THIS WAS BEFORE THE L.V. SHOOTING  I WAS MISINFORMED.,unworthyservant,Education,496153,4115,548
G_kGrcGeVVU,The Truth About Esteban Santiago and the Fort Lauderdale Shooting,Stefan Molyneux,News & Politics,109513,3995,184
TJgv39GtcJ0,When False Flags Don t Fly,corbettreport,News & Politics,216467,3669,309
tUtsMul2Xwg,Evil in Vegas | The Ben Shapiro Show Ep. 393,The Daily Wire,People & Blogs,205989,3644,241
ondgELcRsBI,The  2 Dope Queens  Introduce Stephen To  Zaddy  And  Hot Peen,The Late Show with Stephen Colbert,Entertainment,271046,3538,159
xS4MTLYQy88,Dick Gregory - The Truth About Rodney King  DC Sniper and 9/11,reelblack,Film & Animation,418566,3532,176
9XLLo0025Jc,Security...or Surveillance? The Edward Snowden Interview,RonPaulLibertyReport,People & Blogs,122799,3450,53
rKgqDes03KQ,Moon Landing HOAX! ALL FAKE! We NEVER Went To The Moon!!!,TruthUnveiled777,Education,568787,3255,2500
pwXXArj3odk,The Real Reason We Don t Hear About Tonya Harding Anymore,Nicki Swift,Entertainment,795886,3157,332
qz10cJGVunM,Miley Cyrus Caught Shapeshifting Into Reptile On Video Goes Viral,UFOmania - The truth is out there,Entertainment,695450,3091,905
P-uLAsy-bh4,Are the ELITES actually trying to save US?,RichieFromBoston,People & Blogs,59757,2925,150
HVZ84_a6P1I,"CNN News Is FAKE? - Bullshit Busted #3",NateTalksToYou,Entertainment,64931,2897,253
c6wf0CrMnww,Shelters  caught  killing flood victims??,RichieFromBoston,News & Politics,155663,2841,317
i7vO5u7aM0w,Musician Offered Deal with the Devil See what happens!,Leak Project,News & Politics,290459,2798,360
bUaNssqy1Gk,Body Language: Mad Putin,Bombard s Body Language,Entertainment,209044,2676,262
sv-F7wy-amc,Non-Violent Activist Joseph Kent Kidnapped Live On CNN,The Young Turks,News & Politics,122691,2641,309
vTtW7SVVLVU,Justin Bieber Caught ‘Shapeshifting’ By Hundreds Of Fans,UFOmania - The truth is out there,Entertainment,1144300,2637,2489
qZIFFYQvf3s,InfoWars Redpilled By the Alt Right at Unite the Right - Millie Weaver  Alex Jones Show,The Last Stand,News & Politics,79960,2609,350
bS4jPjs6JPw,Welcome to the Satellite Hoax - Flat Earth Man,Conspiracy Music Guru,Music,35692,2547,106
KmDaMbQn7bQ,Moon Craters Debunked 100% Proof,Jake The Asshole,People & Blogs,42526,2362,359
EHTBnGIWh9M,Aliens Are Simply Demons UFOs are Chariots Of the gods,RichieFromBoston,Science & Technology,60354,2291,104
Ks_D2drIs6E,Hidden Camera inside a Freemason Lodge,Erin Brockovich,News & Politics,2237684,2220,1798
zX_50kYeOJs,No Stream?,roypotterqa,News & Politics,30729,2158,197
1gmOnHnLxs0,Vatican  The Queen and HAARP.,RichieFromBoston,People & Blogs,46896,2138,77
ybxjD3BwS0Q,Bombing Outside MANCHESTER ARENA - Drake  GYALCHESTER  Connection??,The Black Child,People & Blogs,178381,2058,222
aWKsNoIrFdI,Anderson Cooper gets a call from his mom,Shayne Hoff,People & Blogs,225661,2046,38
uMV6Vjokmec,IT’S OVER! Nigel Farage Just Uncovered Hillary s Darkest Secret & It’s Worse Than Anyone Imagined,True American Heroes,News & Politics,109618,2045,74
sEv27juqdrM,"NEW WORLD ORDER IS NOT A CONSPIRACY PROOF 2016 MANIPULATION #ANTI ILLUMINATI",Anonymous,Nonprofits & Activism,249937,2000,201
Y-1mi2HqPUA,Harrison Ford: ‘Carrie Fisher Was A Tranny’,kinninigan,Education,236400,1996,877
9PH5JF9Dpyc,Rape in Pakistani Drama - Great Inspiration For Girls - Please Must Watch and Share Manchahi Drama.,The Majboor Larka,News & Politics,1240199,1960,1101
-eNdIFm2-Cs,BE AWARE BECAUSE THIS COULD HAPPEN TO YOU NEXT....,A Call For An Uprising,People & Blogs,41483,1937,70
z64LwT7g6A8,OBAMA FAKE CRYING FOR GUN CONTROL EXPOSED !!! Illuminati Gun Confiscation Agenda,The Vigilant Christian,People & Blogs,115092,1932,679
xYFSezZO5tg,Conspiracy Theories That Make You Think They Could Be True,Facts Verse,Entertainment,91136,1916,263
38_5Fh6Jhi8,"#LasVegasShooting: Citizen and Civilian Journalists Raise More Questions #MSM Refuse to Even Address",Lionel Nation,News & Politics,31295,1884,33
tRWxbkguqB0,Will Yellowstone explode?,Stuff They Don t Want You To Know - HowStuffWorks,Entertainment,139811,1868,74
FEJCIoS-Pys,Prince Associated Elevators W/Devil & the Illuminati Knew It.,pocketsofthefuture,Howto & Style,248612,1781,459
qfK8jGGxk6s,Train Derailments and Wildfires: Prime Targets for False Flag and Bona Fide Terrorism,Lionel Nation,News & Politics,15155,1729,21
clmuoR5jOqo,How INFILTRATED is Youtube COINTELPRO,RichieFromBoston,People & Blogs,29506,1632,79
7t8xeNwTKls,CHlNA OWNS CALIFORNIA🔥 WHO GAVE CHlNA YOUR LAND ?— WELL  THIS EXPLAINS A LOT 🔥,James Munder,Autos & Vehicles,55369,1597,85
hhVQ5lbzwCQ,Nine years after 9/11  900 responders are dead,RT America,News & Politics,327591,1562,52
KBxUEZh4jOM,"A Review of Dr. Judy Wood’s Book Where Did The Towers Go? #1 - Myles Reviews",Myles Power,Education,29656,1498,242
6j7LERB6rC0,Ellen Finds Jesus: Saving MGM Liability or Saving Lives?,Real News with David Knight,People & Blogs,127078,1481,166
L4R2CkAGkso,Men in Black Sightings | The Conspiracy Files,Alltime Conspiracies,Education,20136,1418,96
zureyTUpeK8,Jade Helm 15 Begins with Black Outs! Power Outages Planned for July 15-20th,DAHBOO777,News & Politics,218196,1399,260
hws6dgbEtAQ,Obama Golfs While the World Burns | Hillary s Con Continues | Media Lies of Syria and Terrorism,Lionel Nation,News & Politics,17797,1380,13
Ek01temK9Sc,Former Minnesota Governor Jesse Ventura speaks about his lawsuit recently,American News,News & Politics,71876,1370,58
_ZIFIisDcBU,Julian assange drops HUGE BOMBSHELL ON SETH RICH AND HILLARY CLINTON,wikileaks tv,News & Politics,60369,1341,41
jXzEDl1sqHM,Top 5 Creepiest Matt Lauer moments caught on video | NBC Today Host Fired |,News Bite Global,Entertainment,590102,1340,333
DIi_vZQsxUQ,CHEMTRAILS and STAR WARS ARE YOU TARGETED,RichieFromBoston,People & Blogs,31085,1334,51
puGVcx-ui8I,Mr. Robot Season 3 Trailer (HD),wearefsociety,Entertainment,243759,1327,215
4YMttEhtgpk,The Climate Change Hoax  with Professor Willie Soon at Camp Constitution 7-3-17,Camp Constitution,Education,76973,1316,127
t_5WOkMclik,GAMES THEY WANT IN YOUR HOME!,A Call For An Uprising,Gaming,38178,1247,83
o_5nB-huFn8,Operation Megadeath CRISIS ACTORS WANTED,RichieFromBoston,News & Politics,24656,1212,27
cuC6ezGKZUw,Classic Debate: Tommy Sotomayor vs Brother POLIGHT: The Black Woman on Trial,iAmBrotherPOLIGHT,Education,48205,1182,143
T3i1lC0LIOw,States Of Emergencies Declared Across America,William Mount,News & Politics,37380,1169,53
cutAeNVAujg,The Sky Is Not The Limit - Full Album Stream,ibuiltthesky,Music,43474,1132,16
kQKnK7yBau8,Nov. 4th is this IT.,RichieFromBoston,People & Blogs,52237,1122,116
MYaYdaFFLoQ,Dash cam shows moments before shooting of Walter Scott,CNN,News & Politics,1102534,1092,419
3CZtUlFtfx0,Boston Marathon Conspiracy Theories Debunked,David Pakman Show,News & Politics,242284,1087,818
F_HN_q8MTDo,Sheriff Who Refused Obamacare Now Begging Strangers to Pay Medical Bills,David Pakman Show,News & Politics,68213,1075,47
mvMUq5kbZl4,Something HUGE is Happening in Bible Prophecy - Israel & Palestine,On Point Preparedness,News & Politics,30948,1019,131
GYU1J4OVTuM,Illuminati COLOR CODES: Kidnapping = BLUE,The Black Child,People & Blogs,67242,994,53
ppnu6A2vxlI,Directo // Salimos del castigo del Youtube,Iru Landucci // Nur para todos // Tierra Plana,Science & Technology,21505,977,151
4bdIZ6SE-xg,Warning Signs Are Everywhere - Be Ready,William Mount,News & Politics,28918,976,47
sg9-8LtFKVM,What Reptilian Shape Shifter s Are   Most   Afraid Of?,Dan Flynn,Education,104629,963,172
RzFIL9r_NFs,For Giants -  Big Sky  - Full Album,For Giants Music,Music,38775,962,10
dfqnzCAU8aQ,"5 Dark Things About the Tavistock Institute #NWO #MKultra @Esoteric_ED",The Outer Dark,People & Blogs,27258,938,23
gNSKcdauWXI,Texas community holds vigil for church shooting victims,USA TODAY,News & Politics,151405,930,152
-wF_N61BB6M,People are leaving California for other states or countries like Texas Arizona Canada.,¿Ron Mexico?,People & Blogs,59089,898,65
yyn5dJo7BaM,Trump Bankruptcies Explained,Donald Trump s The Wall,News & Politics,149491,893,113
CuZElJVfWcY,Dominion/Mother Russia Extended w/HQ Video,Dio Genesis,Music,103935,886,19
3hVxYeyocZ0,Video inside Aurora movie theater show James Holmes arrive  victims flee,New York Daily News,News & Politics,382277,869,105
E9_tU9bC1Q4,Stunned!! Project Blue Beam False Flag Event Sacramento? 2017,thirdphaseofmoon,Science & Technology,57968,848,150
AQ_4uyi3DEw,Top 10 worst places to live around Portland  Oregon,World According To Briggs,Travel & Events,54672,811,125
1RE4hMlB9ZU,The Day Israel Attacked America,David Strader,News & Politics,90069,804,101
0Wn1I5ExBBM,Reina gibi tarayacağım  dedi dayağı yedi,Show Ana Haber,News & Politics,642486,792,102
3Zeugdy397g,Mi opinión sobre Ricardo Iorio y El Terraplanismo,Iru Landucci // Nur para todos // Tierra Plana,Science & Technology,16883,789,60
SVLXC2aqMU4,The Stock Market Is Going To Crash & This Is Why!,World Alternative Media,News & Politics,41510,782,59
t03hQ7QqG7w,BLACK MAN DOWN: The Story of Kyle-Jean Baptiste,The Black Child,People & Blogs,38970,779,49
UkexQSnwQAw,Ready For It - Genesis to Revelation,theJonathanKleck,People & Blogs,15895,768,36
5pbUvL9rhkk,🚩 What Is A False Flag Attack? An Introduction for Beginners,Blackstone Intelligence Network,People & Blogs,41121,763,39
OSxiV6aWxWo,F  IT I LL DO IT LIVE January 1st HOW ABOUT THEM CRYPTOS!!,jsnip4,Education,24776,763,197
sjkwFp2amkQ,Fabri Fibra e la Massoneria (Pronti  Partenza  Via!),CanaleRealTV2,Education,196012,757,217
12Q8ZCAO_B0,Black Child on False Flag Terror Pt.I,The Black Child,People & Blogs,56927,739,57
Bxln9oy0Gic,Huge Intel Leak w/ Nancy Leider - ZetaTalk - Exclusive - Nibiru - Coordinates - Executive Orders,Leak Project,News & Politics,103318,720,105
t-U_08SemMA,EL SUEÑO DE LOS NASA FAN BOYS,Iru Landucci // Nur para todos // Tierra Plana,Science & Technology,12497,704,88
1rj6bjMtnIk,Infowars Reporter On Scene Of Deadly NYC Terror Attack,The Alex Jones Channel,News & Politics,24070,677,33
Ja6YELDuitQ,NASA OSIRIS REx HOAX,Jake The Asshole,People & Blogs,10540,660,71
W9ya5n9L14s,ROGER STONE: BANNON GOES DOWN! - ALEX JONES INFOWARS,INFO WARS NEWS,Entertainment,27097,644,40
XD-0f85lxsQ,Just an Ilusion // Solo una Ilusión,Iru Landucci // Nur para todos // Tierra Plana,Science & Technology,11011,634,55
902COL2QoGA,Syria & Bashar al-Assad: Truth through the eyes of Syrian people,Young Philosopher,News & Politics,43600,629,60
65m4Xzax5lM,King Los and Bro. POLIGHT The Origin of Christmas  Why Are We Still Celebrating It?,iAmBrotherPOLIGHT,Education,25801,562,55
bJzAa0AwQo0,This is Why I think this United Passenger Drag off is Fake and Staged!,pocketsofthefuture,Howto & Style,28750,547,152
qvjeRFQvbrY,52: Confessions of An Islamophobe—Robert Spencer,PatrickCoffin.media,Entertainment,15656,511,25
J0GFJbTN0jE,Santa Barbara killer Elliot Rodger blamed 10 year old girl Monette Moio for making him hate women,TomoNews US,News & Politics,214953,509,196
__JyKk7HRfE,COLLAPSE OF AMERICA - Sgt Major Dan Page Exposes the ELITE AGENDA for TOTAL CONTROL & NWO,Elite NWO Agenda,Entertainment,60364,507,42
RC3I9ysipWs,Florida school shooting witnesses talks of second gunman!,Reverend Simon Sideways,News & Politics,35105,474,29
F7oj56-G5mg,ROGER STONE  OWEN SHROYER  NOOSE is COLLAPSING! - ALEX JONES INFOWARS,INFO WARS NEWS,Entertainment,12605,471,5
XY-bHqznIa0,ISIS Bombing Caught Red Handed Innocents Hurt - Unreal Event,108morris108,News & Politics,126990,455,68
2PI-o9R5LF4,President Trump visits Las Vegas shooting victims,Fox News,News & Politics,48973,431,105
uLF6IkxaCUo,CHARLIE SHEEN COREY HAIM STORY DROPS: IT S SHOCKING,The Research Revolution,Autos & Vehicles,90671,430,98
2cMaT5t6wxc,London Fire:  Like a horror movie - BBC News,BBC News,News & Politics,119851,416,113
-hL4lMcIqS4,Society problems - best scene Mr Robot,fake society,People & Blogs,25025,414,5
v7KzazbGyd8,Mir sind die Opfer egal! |KuchenTV s Respektlosigkeit nach dem Anschlag..,levlonog,Entertainment,5554,399,205
bf1JP8JpzzU,Fritz Springmeier: HAARP made Disasters  California Fires-Directed Energy Weapons  Genocide,From Illusion To Reality,People & Blogs,20883,399,19
VpsI-3nf8dY,FAU professor makes no apologies for calling Connecticut school massacre a hoax,cbs12news,News & Politics,185058,387,33
PS7IFWmTyFw,CIA’s “Operation Gladio” with Paul Williams,Watching the Hawks RT,News & Politics,14801,383,6
fbvyr1RZnUY,Jaden  Gender Fluid  Smith is Back in Dresses. How Much Does Will Owe?,pocketsofthefuture,Howto & Style,30404,370,42
sGL0eJb37TM,Akala exposes truth of Grenfell Tower fire,THE Truth,News & Politics,47948,364,21
dSAiyzVndSk,Is Trump too scared to name Bush Sr & P2 Masons as Kennedy assassins Benjamin Fulford Oct 30th 2017,Secret Wars,News & Politics,21148,359,26
jzBpZx6wLMw,ALL the FALSE FLAGS - WHAT is it ALL LEADING UP TO and WHY,David Vose,News & Politics,30462,355,24
-70tat1gt8g,20 20 Stolen at Birth A Decades Old Mystery,Lamonica France,People & Blogs,74747,348,41
Qbr-LlectUU,Jan 23 Guest Speaker: Mr. Tony Pantelleresco : Chemtrails and the Morgellons connection.,THECORPORATEMYSTIC,Nonprofits & Activism,15047,332,12
LzdJ5cC4y6M,Deadly Rape With Tonto Dikeh - NEW NOLLYWOOD FULL MOVIES|NEW NIGERIAN FULL MOVIES|2017,African Cinema Nollywood Films,Film & Animation,314635,331,136
0FQ_iyL29Os,Elderly Pup Left at Kill Shelter Wins Gold at Dog Show,Inside Edition,News & Politics,8320,324,6
_15WS18_nbQ,Morgellons Disease What Is it? - Highly Contagious It s A pandemic!! - Sorry for video end,Morgellons Disease The Silent Epidemic,News & Politics,51026,308,65
_PoBXtxm07U,9/11 script which didn t go to plan and all is revealed !!,91177info,News & Politics,58610,307,38
WzvD4WN_7Y8,The Great US Space Secret Russian Moon MakeUp,Iru Landucci // Nur para todos // Tierra Plana,Science & Technology,7402,301,20
IXAaRKg37dY,Lieutenant Colonel Potter Exposing the Boston Marathon Bombing Staged Attacks,BrainFeed.ca,Education,29674,280,17
jIjQu2jhBJU,Was The Pulse Nightclub Shooting A False Flag Operation?,Press For Truth,News & Politics,9977,278,29
hJLI7N17smQ,Must See Indie Movies 2018 - Acting In A Movie,CrimsonStudios,Comedy,970,275,1
jllrgnsyinY,The Problem With YouTube Drama,CrimsonStudios,Comedy,1646,256,3
cYlUK4Qhmf0,Paris Attacks: Eyewitness Account of Terror,ABC News,News & Politics,37702,244,15
f-Eg5nHIvts,Seeing Through The Psy-Ops by Richard D Hall,Anthony Beckett,Nonprofits & Activism,27260,240,13
blO7yzOqNIo,Lawyer for Sandy Hook parent loses it on journalist for filming in courtroom,We Are Change Orlando,Film & Animation,12969,234,11
lJLnRU1Q9yM,Marilyn Monroe. A Woman? REALLY??!!??,Apostle Laura Lee - Church of Philadelphia,Education,34462,231,172
VSUGjYRvqPo,Signs the Brussels Attack was a False Flag,Enter The Buzzsaw,News & Politics,12772,227,20
Va4GHwc3FKk,ROGER STONE  GAVIN McINNES  OWEN SHROYER - ALEX JONES INFOWARS,INFO WARS NEWS,Entertainment,5936,223,5
lWMfZdJC1no,YouTube Supports Black History Month - The YouTube Problem,CrimsonStudios,Comedy,2311,223,6
uiQX4DVps54,Illuminati kill Tiffany Jenks  Monarch slave running 21 Bonneville dams False Flag,Alfred Lambremont Webre,News & Politics,12938,220,11
7f6VD1zjIL0,Must See Indie Movies 2018 - Acting In a Movie - Behind The Scenes,CrimsonStudios,Comedy,1605,218,3
kYoYW3Wdrno,QANON INDICTMENTS HIDDEN BEHIND TOP TRENDS? -|UNIRock™️|-,UNIROCK,Science & Technology,8937,218,16
6_KP4ZUGtUk,IS THIS EVIDENCE OF THE FINAL FALSE FLAG TO BRING ABOUT NWO?,Annie Logical,People & Blogs,18441,214,17
d5vEzU90h6k,Monette Moio  el amor imposible de Elliot Rodger,Univision Noticias,Entertainment,42888,197,78
7Eem2cffE50,Synagogue of Satan is Ruling American,kicktroolinface,Science & Technology,7186,188,13
guhMzbZl26Y,Pride And Fall - Army Of Ghosts,Psyklon Industries,Music,17867,184,3
kDd7uaxEzpU,War vs. the Truth: Psychological Operations,Omnisense,Education,9499,183,14
QCpjqzm3Mjo,Ex US Marine Speaks Truth about ISIS  Israel  9/11 and Zionist Agenda,Young Philosopher,News & Politics,6158,181,8
HRyNS4zMtbo,Lift the Veil finds out George webb and dave are 2 people.,Defango,People & Blogs,4421,181,43
JrDdo67n7N0,Victoria Soto:  Best daughter any mother could ask for,CBS News,News & Politics,45853,174,79
xm2EDlhNbX4,London Bridge Masonic Terror with Reptilian Actors,Veeken 777,Education,20748,170,58
ols9h8cJOfo,"Dear Wolfgang -- Revisiting #SandyHook [repost]",bootwhip,Education,9606,169,21
dD7VOuv9lJ8,Las Vegas Shooter Stephen Paddock Falling in a Casino - CCTV Footage,Huzaifa Saeed,News & Politics,197985,169,54
upe2ImCeEHI,MASS CASUALTY TRAINING INCIDENT AT AMTRAK DERAILMENT! MGTV BREAKING NEWS,MGTV Truth,News & Politics,7795,168,5
CLmOlaufU0s,Keemstar On Warski Live,Kronos,News & Politics,5526,168,18
RMOYFBn32R0,witness  school shooting Son of FBI David Hogg wash,Jennifer Hammons,Entertainment,3963,167,4
Mkuu78xuOEQ,Morgellons Disease Frequency Healing - Get Rid of Morgellons - Rife Frequencies,Elke Neher,Entertainment,8396,166,6
leyfi8n1h6E,TYT - 11.20.17: Trump Voter  Kellyanne Flip-Flops  Russell Simmons & Brett Ratner  and Terry Crews,TYT Shows,News & Politics,22820,165,32
0pkoY8N0nCM,True Story: Tonya Harding and Nancy Kerrigan,Grace Baldridge,People & Blogs,3233,157,3
GSZK58_dO9k,The exorcism of Lift the Veil and truth of SUNDAY,Defango,People & Blogs,3415,156,41
Uuw3jhAGUTw,The Hunger Games Killer Elliot Rodger on the red carpet for Hunger Games Premiere 2012,NewsBall TV,Entertainment,101037,153,34
-4NUbkmrvCc,Barcelona Event Exposed False Flag hoax,Goga Magoga,News & Politics,8454,147,38
BWg8_4lXXJ0,Ole Dammegard | False Flags  The Caravan of Crisis Actors  & Their Global Terror Tour,TheHighersideChats,Entertainment,9874,143,3
7bS-VOiRyx8,Missing: Strangest Cases ~noads~,Steven Ronan,People & Blogs,11456,143,10
EeRxVD-hhmQ,Gloria Swanson Silent Movie Star Says Crossdressing in 20 s. Hollywood Trans AGENDA,Apostle Laura Lee - Church of Philadelphia,Education,6852,138,18
Q6vfaPuftmE,Donald Trump Jr. Says India s Poorest Have Something Special | NBC News,NBC News,News & Politics,31819,137,205
k3G3vlDNtAs,ATENTADO DE BRUSELAS ¿TODO PREPARADO?,Peyeleal,Entertainment,3119,133,37
2plFxIcf9-g,PSYOP and MISO,Zachary Ceroli,Education,32600,130,5
oSyGbDDG2c4,Slaughterbots / Killer Microdrones,Thomas Larsen,Education,28554,126,25
a0giBfEmQ-A,VICTORIA SOTO: ¿LA ACTRIZ REAL O FAKE?,El Sendero Oculto,People & Blogs,3655,118,25
3A1S-q2TthM,Mark Walsh & Nick Pugh = DIFFERENT PEOPLE,Conspiracy Theorista,News & Politics,3392,112,20
_Ad4TnVI1UA,Jewish Rabbis Protest Against Israel at DNC,Young Philosopher,News & Politics,1721,107,2
4qBeFiKWleI,Dr Steve Pieczenik OCTOBER 31 2017 BROADCAST THE UP-TO-THE-MINUTES NEWS|Alex Jones Infowars,Dr Steve Pieczenik 2017,Science & Technology,4029,104,4
4iHc-gTjJuQ,CNN staging fake news reports,DailyWorldwideNews,News & Politics,27313,104,19
35pVq7LLKm8,BREAKING!! Someone Still thinks He’s President. Barack Obama Just Released A Statement,MLordandGod,News & Politics,2846,103,7
bYH-CakQ2d8,STEVE PIECZENIK TALKS | LIVE w/ Alex Jones 10-20-15,Steve Pieczenik,News & Politics,7639,103,3
T-5SfznS29w,How to Get a Job with the Department of Homeland Security,ClearanceJobs,Education,20718,101,2
fSKW5bW1JA8,Las Vegas shooting described by nurse  people stepped in to help,KTNV Channel 13 Las Vegas,News & Politics,65536,100,90
cJE14mf5RXM,Crisis Solutions,Ole Dammegard,Entertainment,3832,100,4
xUaQF1eVgWk,Alex Jones Goes Off The Rails With Milo & Owen - ALEX JONES INFOWARS,INFO WARS NEWS,Entertainment,1077,99,3
e7xwzbX_gws,UK TERROR THREAT SET AS SEVERE they are warning US,SriLankerC,Education,2255,98,3
FMUCwCsa1Lc,"Comet Ping Pong Pizza shooting False Flag exposed #Pizzagate",TyrannyUnmasked,News & Politics,1555,96,1
5BEsAkXVeVM,The Fake Zapruder Film,FringeReality,Education,17736,91,9
Q6KoaU3GBP8,BOSTON BOMB BUSTED Amputee Drops Fake Leg In Street,Deception Amuk,People & Blogs,34554,90,86
HJ7wgcopEMc,TAKE-OVER: DESTROY THE FAMILY! - ALEX JONES INFOWARS,INFO WARS NEWS,Entertainment,835,88,0
f92PrgnG6p0,Hunting for the Victims of Nazi Brain Experiments: NBC Left Field | After Truth,NBC Left Field,Science & Technology,26856,88,6
07_YThjnIP4,Feet to the Fire: Richard Alan Miller A.I. Oppression,BLKnight2012,Science & Technology,5953,86,3
eY5pi64r8g4,Baltimore protester Joseph Kent speaks for first time after arrest,CBSN,News & Politics,10954,85,5
NLrqgFRSd9o,A Bullet to the Head?,Chris Gilliam,People & Blogs,1658,83,13
2EyY6qAeGpI,DIE LAS VEGAS LÜGE 2! THE TRUTH ABOUT LAS VEGAS 2! Der Mainstream schweigt  Soros verdient!,Freund der Wahrheit,People & Blogs,3152,81,6
Uw0G6AHozws,Paris 6/6 Terror Hoax Reveals a Disturbing Glimpse of the Future,Johnny Supertramp 3,News & Politics,1852,79,5
wSTyTITkqJc,Was Joe Rogan Setting Up Neil deGrasse Tyson in This Interview?,Agent S,News & Politics,2635,74,41
lfmH9em_5FY,9/11 Witness Reactions/Interviews,911archives,News & Politics,49649,73,9
dTo0LYBAQo0,My Perspective on GRENFELL TOWERS after my visit.,Sylbourne TV,News & Politics,8598,70,16
r1_3AyxsKRk,False flag - Berlino CGI fake!,Rosario Marcianò,Nonprofits & Activism,6121,70,23
wcrH6aFc-bc,Counter-Protesters Play La Bamba At  White Lives Matter  March In Tennessee,SanVic,People & Blogs,4581,67,3
B87Ck2GQztE,Dr Steve Pieczenik NOVEMBER 1 2017 LAS VEGAS = 911 DAVID KNIGHT|Alex Jones Infowars,Dr Steve Pieczenik 2017,Science & Technology,3132,66,4
ejn9Jb3Vdyg,JFK ASSASSINATION MARINA & HARVEY OSWALD EXPOSED!,RICK THORNE,People & Blogs,9162,65,10
_ueB8CqUlsA,FAU Professor Calls Sandy Hook Massacre A Conspiracy,ZP ZAP,Science & Technology,9196,63,3
uolOrjvy910,9/11 Truth in 5 Minutes,Trust No Man,News & Politics,2144,62,1
D_7DvCXs0Nw,Facebook Killer s former employer and client speaks,News 5 Cleveland,News & Politics,17224,58,11
rKLPCkLqbs0,Former NYPD Chief: Seamless Collaboration After Terrorist Attacks | MTP Daily | MSNBC,MSNBC,News & Politics,13871,57,24
RzYygvgMXHo,Milo And Laura Loomer About Florida Shooting And Not Getting The Truth,OpenMind,News & Politics,1007,56,1
vkeQyseCnRY,The Depopulation Agenda - The Plan to Kill You and Your Family,Truth Matrix,Entertainment,3087,56,4
CW9LAAMFjW8,Florida shooter’s former math teacher blasts FBI,Washington Post,News & Politics,8709,55,20
1US9FJCeQTE,500-600 missing from Grenfell Towers!!!!! Where are they!!???,12 Pine,Education,8676,55,13
E1nSRRaqmqs,My Time At Hurricane Harvey | Firsthand Testimony From a Rescue Worker/Activist,Martin D Metdubbelss,Nonprofits & Activism,2732,53,7
tFF3t3l6GCo,MUST WATCH Van Allan Belt HAARP Morgellons Disease Latest Tech,Hank Cooper,People & Blogs,2563,50,4
W9wCNd_48hc,Never Waste An FBI Created Crisis  Skynet Robot Army  RFID Food & Russiagate’s Grasping Collapse,The Last American Vagabond,News & Politics,746,46,3
ITaY_QxUkdQ,Paris attacks: a survivor speak of a  bloodbath,AFP news agency,News & Politics,57948,46,16
qPwWZ9TQclg,HOW MUCH MONEY DID MY MUSIC VIDEO MAKE!!! (Q&A),Galette 399,People & Blogs,339,46,4
DLm42C6ghAA,Neighbours shouting to a man still visible in a window at Grenfell Tower,How To,Music,54896,45,23
JsxhgGgt8ZM,Reina nightclub attack: Staff return to the scene,Al Jazeera English,News & Politics,26972,44,13
5HkKVNmczqk,Mr. Robot - Allah Akbar Scene,Joshua O.,People & Blogs,10523,42,10
tFpu6a9eRGs,Mr Robot 3x10 (2017) Santiago s Death Scenes,neon johnsonn,People & Blogs,3661,42,1
hb0Jk7vV6Nc,Roger Stone About Mitt Romney Endorsement And Other Issues,OpenMind,News & Politics,1440,41,2
-S2X_w17cKY,OATHKEEPER Sgt Major Dan Page Seminar,T.A.P. Gaming,Education,3895,40,11
InFxIWQWsBA,Video: Scenes from the Fort Lauderdale Airport shooting,PalmBeachPost,Comedy,27133,40,20
MmAzb8YlEts,Multiple Shooters at LGBT Pulse Orlando Nightclub. False Flag Attack.,Young Philosopher,News & Politics,2356,38,2
-q2sg_cGabY,Dan Page On Preparing For The Financial Collapse & Martial Law,elevendebraeleven2,Howto & Style,2692,37,3
pu-EjUtYnDU,School Shootings  Crisis Actors And Conspiracy Theories,TruthSeekah,Entertainment,579,34,2
f3qHcRiouKY,Flat Earth Motionless Plane  it is obvious.,Kaptain America,News & Politics,627,34,9
f7hSz95Qe2w,Manchester hoax  kids say the darndest things,Nick Williams,People & Blogs,6921,33,7
InnfdWokocE,"Ominous Broadcasts & MSM Meltdowns on #MorningMonarchy: #September22  2017",Media Monarchy,News & Politics,885,33,5
UiRlWaqp3q4,Observationsbilder zeigen Amri kurz nach Anschlag in Berlin,euronews (deutsch),News & Politics,33631,33,22
a8VP7nusINI,Flat Earth or The Intergalactic Ballistic Missile..,Kaptain America,People & Blogs,495,32,14
vDaBsQCxbhk,The walking dead spotted aimlessly walking in circles at Sandy Hook,GoMangoTV,Entertainment,5480,31,9
9OEdyTq8gsw,MR.ROBOT 1x6 | Shayla s Dead Body,Watayo Hai,Film & Animation,4909,31,0
FrO2iDOHIHQ,"Missile Command & Future Dead Cops on #MorningMonarchy: #September18  2017",Media Monarchy,News & Politics,679,31,1
G6fJ6-GnleQ,APOSTLE LAURA LEE=UNBELIEVABLE EVIL!!!,SANCTUARY OF JESUS CHRIST,Education,2507,31,12
D-7JpJxPGaQ,Can Creed help prove the flat earth?,Whiskey Leaks,Entertainment,482,30,7
wCYSxmhexU0,Sandy Hook Shooting Exposed -  Robbie Parker  nominee Academy Awards?,NeaFrea,Music,7793,29,1
nQOB78uUFBA,Nancy Kerrigan 1995 Ice Wars Technical Program,HolyProd,Sports,8379,29,1
A-mo7Oooecc,White lives matter rally Shelbyville tn,We The People,Entertainment,4712,29,12
5O7NEA51rGk,Charleston Shooting Hoax Crisis Actors We Feel Nothing But Love Exposed Redsilverj 1,Alex Alexjones,People & Blogs,1713,28,1
h4C9Ay5RjNQ,"Kentucky High School Shooting - Hoax Theory #1",Eclipse XD,Education,681,27,3
1Gxp49O3nCA,Sgt Major Dan Page,Vikes121,Sports,7647,27,15
GkfdCSivMXA,Politicians and Pedophilia - Pizzagate is an old story - 2013,Sleeping Apples,Comedy,1864,26,5
_zl6gXkF8-U,Ed Hogg- Actor,REBELMAGAZINETV,Entertainment,2964,26,0
CMDrtnnmMf0,Red Alert: Evidence Points To Multiple Shooter Cover Up In Florida- Crisis Drills,John Donne,People & Blogs,340,25,1
OoJAu10unGg,Paris Attacks illuminati Conspiracy revealed,Addiction Junkiez,People & Blogs,9356,25,7
idWzFhB4sMs,(End Times) NYC Shooting (Hoax) Has The Mark of the Beast Written All Over It,The Mind of God,People & Blogs,1027,24,2
SnZ2Qyjek8o,Grenfell Tower Fire Spreading Stabilized Loaded Video,mental_boost,People & Blogs,4622,22,4
97njRy6hpWM,The Fake Death of Las Vegas Shooter Stephen Paddock,NowTheTruthTV-14,People & Blogs,1019,21,4
htsGbNmwScc,Oswald Shot by Jack Ruby... or was it faked?,A.C. Weisbecker,Travel & Events,2407,21,7
CS-nJIl22UU,Asteroid Warning From NASA after a couple of false alarms.. 6 s and 9 s,Kaptain America,News & Politics,1115,20,4
FOifDRzvz_s,EMP/DEW - California Fires 2017 Bella Vista Way,Thomas Larsen,Education,1307,20,1
zWyokTX-pmk,Images show moments before Charleston church shooting,CNN,News & Politics,13795,19,27
qqSRhfihpVc,Elliot Rodgers Still Alive,spaceTV,People & Blogs,1354,19,6
_PnmfMGlCpI,White nationalists hold  White Lives Matter  rally in Tennessee,Straits Times,Film & Animation,2469,19,25
yb9FuyjaRYs,Christine Leinonen Is Very Happy After Losing A Son In The Orlando Massacre - Media Hoax,Blimey O Reilly,People & Blogs,1929,18,3
92V67xLey_U,Russianvids Army Soldier Hoax Fox News Is Fake News,Zack Greevey,News & Politics,426,17,0
aPp-Mw3eMME,Las Vegas Shooting False Flag. Blanks?,Jay Robert,People & Blogs,715,17,0
jYKqBCZMFIE,O&A Discuss Mark Walsh 9/11 Fox Interview,falcon6073,News & Politics,5527,17,1
ynhlhQnMoaU,"Grenfell London Weird Purple and Blue Flame NEW Zoom Compilation #3",mental_boost,People & Blogs,6990,16,3
kVaKv-DSXHo,Antifa Activists Plan To Attend White Lives Matter Rallies,NewsChannel 5,News & Politics,4394,15,40
R0kIH0k1dDs,Russianvids Donald Trump & Jared Kushner 666 5th Ave Citibank & The Flat Earth Logo Hidden,We Are Anonymous We Are Legions,Science & Technology,290,14,1
GNNNSfBmrqE,AMERIKA LAS VEGAS UNGLÜCK LÜGE VERTUSCHUNG,daniel braun,Film & Animation,1241,13,8
SpTG3zUFOCM,Ariana Grande Laughing At Manchester Bomb Victim During One Love Tribute - & Crisis Actors Laughing,Chaabar Yakal,People & Blogs,677,13,6
l4okSjgsFRg,Gideon | How To Save A Life,Soul Mate,People & Blogs,1228,13,0
eG38mUw7tAA,These are the names of the victims killed at the Parkland school shooting,WPTV News | West Palm Beach Florida,News & Politics,674,12,1
y134ilCkNEA,White Nationalist Rally Canceled In Murfreesboro,NewsChannel 5,News & Politics,1755,12,7
4cOlgMwtReQ,Parkland Florida High School Shooting My Thoughts,freedom4kaz,News & Politics,161,11,5
5H5UBPVd7dk,Accused Florida shooter appears in court,AFP news agency,News & Politics,2637,11,3
hO0d9QJ-3VU,Eric Frein Pennsylvania Cop Killer EXPOSED!,Shianne S,People & Blogs,1692,11,3
2t_Oeh2V7Rk,Strange Creature Captured Alive,kicktroolinface,Science & Technology,315,10,2
V7B4jt3BNM8,Parents pull students out of school in wake of Parkland shooting,ABC Action News,News & Politics,1374,10,3
Zevlihmw6ao,Vegas Ritual  Mandala Bay Ritual  Las Vegas Shooting  Las Vegas False Flag  Scopolamine,ROSEof SHARON,Education,1067,9,3
ZxNCvotcMPY,7 Signs Of A Dying Empire?? Sounds Like America?? End Times?? MUST WATCH!!,HouseOfFreewill,Entertainment,185,9,0
sFkiyRXK-3c,Meet Joe and Liz  Two Horrible Las Vegas Crisis Actors,The Voice of Reason,People & Blogs,228,8,0
p6sO2F8iKUs,CRISIS CAST,Kung Fu Christian,People & Blogs,274,7,0
0ViGViefhlY,Soldiers Arrested for not taking action on Civilians Dream,junipertreeandbeyond,Education,825,7,0
4_1HTkp-KzQ,Russianvids The Chase Ends In Erie PA McDonald s Owner Turned Crisis Actor,We Are Anonymous We Are Legions,Science & Technology,94,6,0
JPkmq3PjFNQ,Revelation 8: 11 and the NYC truck attack hoax.,votethemallout,People & Blogs,489,6,0
dQ_DUwPgJt8,Congressman FIRES aide for calling school shooting survivors  actors,US Daily,People & Blogs,680,5,2
2mrqMehs8hw,Conspiracy Theorist Apologizes to David Hogg Florida Shooting CNN,Paul Carpenter,Education,244,5,5
syQVXbAIWLU,Dr. Phil meeting with victims in Las Vegas,WTNH News8,News & Politics,1995,5,5
Yu1fcLVuf8o,Biological Warfare 1952 USA,kicktroolinface,Science & Technology,50,5,0
XtqV-i8x3k0,7 Tips for Artists Moving to L.A.,Ben Jacob,Education,43,5,0
def2gS3fj24,911 actors 3 - Dropped Terry,Brutal Unicorn,News & Politics,1324,4,1
QiPfV35sSkQ,FLORIDA SHOOTING BLOWN WIDE OPEN FBI DRILLS AT PARKLAND HIGH SCHOOL THE MORNING OF THE ATTACK,rustyrainbow,Education,159,3,0
U8rlQ7hhOFY,UFO LOOKS LIKE ITS FROZEN IN TIME AS IT MAKES A 90° BANK TO ITS RIGHT. HOLOGRAM? PROBABLY,JONNYY 5,People & Blogs,73,3,0
q_ots9Md1cQ,WARNING JADE HELM RAZBOI MONDIAL 3 2015 ENDS OF the world,neWorld15 75299169,Science & Technology,441,2,2
BzG6NWbV3FM,Breaking News Today: A fake shooter and ‘false flag’ rumors at the hospital — how dark online hoaxe,Julies Kateser,News & Politics,958,2,3
eOFttfCk9Zc,The Day Amazon Murdered History,tomcat8153,Education,17,2,0
0vaCrr5TC8E,432 Hz – Unlocking The Magnificence Of The 3  6 and 9  The Key To The Universe,tomcat8153,Education,31,2,0
jf_kTNOX5qA,How do you explain news that is coded but is real or seems real. Guy chops up body!,The Voice of Reason,People & Blogs,21,2,0
YZXG7HprtyI,FAKE NEWS. PROOF TV IS PROGRAMMING CULTURE. PSYCHOLOGICAL BEHAVIORAL INDOCTRINATION,KASLOE THE PSYCHOE,Entertainment,47,2,0
SGkk_jfyvjQ,Operation Mockingbird,Facts are Antisemitic,News & Politics,2,1,0
nvWK62F72Dk,Geraldo Rivera Defends Obama Administration on Benghazi Scandal 5/10/2013 O Reilly Factor,Patriot News Organization,News & Politics,1106,1,4
9v5mDftaeOU,An Introduction to the Rodin Coil and Vortex Based Mathematics,tomcat8153,Education,16,1,0
WYKLqHVkIgo,Here s What Your Faves from  The Challenge  Have Been Up to Post-Show,Aban Deutschland Nachrichten,Entertainment,3,1,0
sqnyoLWLLUs,Ready for Hillary?,AwesomeOneReg,News & Politics,110,1,2
ROoLhnVzaqM,Removal of Grenfell Tower inquiry judge isn t survivors  main demand,The Pledge,News & Politics,593,0,2
z7DBOf5o_S0,Spend the day with First Fan Ivanka Trump at the 2018 Winter Olympics | News News,news news,News & Politics,20,0,1
eOOWc6iGnrQ,Julia Roberts. Lab Produced Tranny Satanist.,Apostle Laura Lee - Church of Philadelphia,Education,5838,,
QwyaX-FGQbE,Dual Identities. Michael Jackson FAKE DEATH? Dave Dave Comparison,Apostle Laura Lee - Church of Philadelphia,Education,5194,,
jZJcSzO9viU,NASA s SUN SIMULATOR CAUGHT ON VIDEO.,RichieFromBoston,Science & Technology,397755,,
-smtNiR9lWE,LAS VEGAS MANDALAY SHOOTING THIS IS NOT AMERICA ANYMORE AT LEAST NOT THE ONE THAT I KNEW,Honest News Network,Education,51377,,
RBzQ5YDxaHM,CHEMTRAILING/CONTRAILING AIRCRAFT COMPLETELY VANISHES ALONG WITH TRAIL AT THE SAME TIME,JONNYY 5,People & Blogs,126,,
AnK85e-gJ9I,Will Smith Perverse Behavior & Jaden Mind Control.,Apostle Laura Lee - Church of Philadelphia,Education,2610,,
SMWEljcYlYE,LIVE: Counter protesters gather at ‘White Lives Matter  rally in Shelbyville,Ruptly,News & Politics,47586,,
4964g18Rl4A,Paris Train HERO and Lafayette Fake SHOOTER are RELATED?,NowTheTruthTV-7,People & Blogs,5323,,
vJ9Vknh6R4Q,Reality Winner s parents talk with NewsChannel 6,WJBF,News & Politics,3504,,
Y_cPQiLBrUA,Why JFK Was Assassinated - The Speech That Cost Him His Life Part 1,Jack McFile,Education,502771,,
WGnGPAZcsqE,Rape Crisis Scotland s  Not Ever  ad,Gavan Reilly,Nonprofits & Activism,141335,,
OQ_9aCBN4EI,Exposed Secret of How France Nice Truck Attack Hoax Used Shills to Fool The Public,futurevideo10,News & Politics,13001,,
-Bp73X7fNDE,Bart Sibrel on Richie Allen Show,Bart Sibrel,Education,4267,,
dQstgy02YMI,Algo que no sabías de los tiroteos en escuelas de USA | DrossRotzank (Angel David Revilla),DrossRotzank,Entertainment,1965015,91123,6183
IiVDtNjORbY,American Sniper  Chris Kyle Interview - CONAN on TBS,Team Coco,Entertainment,14207447,66949,8124
54KBs1PaWl4,Escape the Night - Official Trailer for Joey Graceffa s new YouTube Red Original Series,Joey Graceffa,Entertainment,4071563,64385,6006
c12NCl9d7As,Top 10 Hated Actors,WatchMojo.com,Entertainment,12582372,55044,16652
tA5giyG8E7g,Henry Thomas audition för E.T.  Ok kid  you got the job .,UniversalPicsSweden,Film & Animation,3830940,50994,426
i0I6Xk7GMfc,10 Conspiracy Theories that Turned Out to Be True! Part 2,MatthewSantoro,Entertainment,2604488,48441,1230
K674LKBUukk,R.I.P. The Internet,The Late Show with Stephen Colbert,Entertainment,3122162,48301,2403
WAUtqTouavo,CNN Camera Man Captures Something You Weren’t Supposed to See!,HighImpactFlix,Entertainment,2658738,39889,8274
MhqxwlNGaHQ,Has Nintendo Gone MAD?! (Nintendo Labo Origins) | Culture Shock,The Game Theorists,Gaming,962863,28631,1781
l3UVisXGeT0,Anderson Cooper And Kellyanne Conway Are  Rethinking  Their Relationship,The Late Show with Stephen Colbert,Entertainment,3784901,26258,1232
JfovM6bOvT4,Zeitreisender aus dem Jahr 2030 will uns WARNEN - Die WAHRHEIT über NOAH | MythenAkte,MythenAkte,Entertainment,1131252,17948,2098
3PnOh5l80d8,The Mormon War on Porn: Slutever,VICE,Entertainment,4446785,16735,3794
6ml1F6DADqs,ORLANDO PULSE SHOOTING,Kory DeSoto,People & Blogs,177737,16677,235
XV2MxD779c0,Jon Stewart Vs Chris Wallace On Fox Bias extended version,Helveticana,News & Politics,2856258,15490,533
upnQ7esUR80,Jim Jefferies Doesn t See The Point In Bombing Australia,The Late Show with Stephen Colbert,Entertainment,1806753,14026,762
iNcUUG5SUSs,Donald Trump Throws Paper Towels in Puerto Rico,Jimmy Kimmel Live,Entertainment,1103029,13817,2421
5fNhD_lP1F4,Plini -  SELENIUM FOREST,Plini,Music,1262628,13575,208
loK2DRBnk24,The Daily Show - The Redskins  Name - Catching Racism,Comedy Central,Comedy,1598817,12770,649
DoBRxk-sxJM,This Week in Stupid (11/02/2018),Sargon of Akkad,News & Politics,317316,12558,676
SXxHfb66ZgM,Nobel Laureate in Physics;  Global Warming is Pseudoscience,1000frolly,Science & Technology,773370,11400,1720
nxe-5bqRQ9w,Steve Harvey s Very First Friend!,Steve TV Show,Entertainment,1915002,11144,137
ouEHhZvyPMU,Spiderman Mech Armor Robot Fights Ultron with Ironman Mech Armor and The Hulk Mech Armor Robots,ToysReviewToys,Film & Animation,11327453,10300,5000
Zmvme7xseZw,Tres Premoniciones que Nunca Fueron Escuchadas,Mundo Desconocido,Entertainment,253234,9715,573
BnTO2kihn9M,Höre dir NIEMALS diese Geschichte an!,CreepyPastaPunch,Entertainment,179262,9467,223
-IHzprfs6tw,Iconic Movie Scenes That Were Never Supposed To Happen,Looper,Entertainment,2403620,9182,1141
UgdNTzul27k,Mark Cuban s Advice to High Schoolers and College Grads,Crimson Legacy,Science & Technology,611607,9154,120
IMJmd_tNhlM,The Best Documentary Ever - The Bitcoin Phenomenon,Bobby Lewis Daniel Dannett,Education,1133111,8173,614
uKDqHnIoU90,She Is a Garbage  - Ben Shapiro Destroys Beyonce,The Right Perspective,News & Politics,448455,7952,1134
gF2YUNEZRDs,Neil deGrasse Tyson Vs Joe Rogan - Moon Landing Debate,Non Mirage Truth Vision,News & Politics,1094499,7163,898
FfcoxBFpwQU,Wohltäter Hitler: Besuch bei Auschwitz-Leugnern | Panorama | NDR,ARD,News & Politics,865260,6956,2860
fRpunguFOq4,Ryan Coogler Breaks Down The Making Of  Black Panther   Black Girl Power  & Building Wakanda,HOT 97,Music,253776,6955,117
cIIxYLyUTC8,Stephen & Patricia Heaton Have A Catholic Throwdown,The Late Show with Stephen Colbert,Entertainment,847931,6780,286
EAs8DK7AvHU,The REAL confession of Stanley Kubrick - Please Share,Globe Skeptic,Education,1044113,6716,2268
606T-rqodzw,LIVE: Police/Military Involved in U.S. Pedophile Roundup Speak Out,The Alex Jones Channel,News & Politics,223478,6472,193
7OaFobFqLtc,Donald Trump On Orlando Nightclub Mass Shooting,The Young Turks,News & Politics,330053,6252,3943
nfCysUROIU4,5 CRAZIEST Illuminati Conspiracy Theories,Nexus,Entertainment,437725,6121,421
y-8V_xKru0Y,5 Deathbed Confessions that Could ve Changed the World,reallygraceful,Entertainment,370701,5785,525
F9sP6gqxvfI,Die Macht von  Fake News,Terra X Lesch & Co,Science & Technology,142533,5417,286
n2EeuQJORJc,CNN Faked Focus Group of Undecided Voters to Help Hillary in Poll,Mark Dice,News & Politics,520640,5401,150
Az33CK79b_Q,Former Secret Service agent exposes Hillary Clinton,Fox News,News & Politics,676272,5037,298
uV9YU8D2k5I,Fake Marine Caught Lying On Camera - Phony Marine Craig Pusley,Blue Number Media,News & Politics,2960925,4876,1317
qfGtMGoEwaw,What Would Happen if CALIFORNIA SECEDED from the Union (America)?,TopTenz,Entertainment,355937,4860,900
Rc0NmYIWTGs,ILLUMINATI GOES PUBLIC WITH NWO: MUST WATCH!! PT.1/10,FisherOfMen,People & Blogs,1190826,4837,1554
lOEmImd8jXI,In Bob We Trust - THE DiSNEY CONSPiRACY,moviebob,Entertainment,76564,4559,265
QNXmgF2yAEc,Theory of Ghostplane,CollinAlexander,Science & Technology,2157220,3946,1245
S1bXgvHknO8,Secret audition tapes of top Hollywood stars including Brad Pitt and Leonardo DiCaprio,Sree.I.am,Entertainment,2281984,3893,230
Gpw4MN1Ib6c,Steve Harvey And Miss Colombia Talk Miss Universe Mistake | TODAY,TODAY,News & Politics,901897,3644,211
Fub3Q1HwMrI,"Chinese Canadians protest #HijabHoax:  CBC fake news  Rebel Media real news!”",Rebel Media,News & Politics,35118,3457,27
1lo2jQhjV5w,CNN Caught Red Handed Hoaxing The Narrative Of President Donald Trump Protests,WeAreChange,News & Politics,84441,3309,95
zJK3HpdzbVA,Sen Rand Paul Destroys Morning Joe Panel Over Trump Spying Allegations,iBankCoin.com,News & Politics,205011,3209,233
jwNfbBtsECQ,Discovery Channel Watchmen Militia Rising,CRUZnUS,People & Blogs,544558,3064,787
VdHxzAn4Y1E,Shocka | Grenfell Tribute [Music Video]: SBTV,SBTV: Music,Music,79517,3038,67
QHxorml1nHk,EPIC! Watch as Ted Nugent DESTROY Piers Morgan on Gun Control,50 Stars,News & Politics,196907,2795,130
LDsTwM_VHwU,Astronaut John Glenn -  Wir durften nie die Wahrheit sagen,maecfly Productions,Entertainment,287102,2506,427
RTyAkKXuPkE,RED CROSS EXPOSED,RichieFromBoston,Nonprofits & Activism,45008,2458,56
vJkNGurcizs,Body Language: Tommy Robinson June 2017,Bombard s Body Language,Entertainment,142384,2323,150
wpo4vPQ0P7Q,Grenfell Corporate manslaughter  If its good enough for us its good enough for You,Trollstation,Entertainment,96187,2309,309
feHbP4k_tdk,"DHS Whistleblower Censored from 60 minutes #N3",The Next News Network,News & Politics,238452,2228,59
EVHstSrC1CQ,NEW 2015! Solving 9/11 Christopher Bollyn Live in Dallas TX Feb 12  2015,New 9/11 News,People & Blogs,282517,2218,190
V4ajfYsjdqo,Former Child Stars Who Don t Get That They Aren t Famous Anymore,Nicki Swift,Entertainment,859119,2172,1672
sz5kPNpdw9A,Tanzverbot reagiert auf Walulis-Ansage an Tanzverbot:Meinst du das ernst?,Tanzupdate,Entertainment,101297,1998,276
3IV9W3l7yEM,Mandalay Bay mystery: Where s all the expended BRASS?,TheHealthRanger,News & Politics,93822,1974,130
VJqfGGk468c,3 Amigos Live - Clif  Jsnip4  Bix Weir 1/27/18,jsnip4,Education,70444,1940,170
RjJ3Ets4W68,Chemical Attack in America that No one is talking about,RichieFromBoston,Science & Technology,50000,1895,93
hVASd4ULYx0,Dubya Attacks Americans Obsessed With  Conspiracy Theories  After Giving Us the Great Lie of 9/11,Lionel Nation,News & Politics,21698,1647,10
96-uWTQfqhk,Illuminati Monarch BETA Slaves [Part 4]: Kim Kardashian,The Black Child,People & Blogs,365400,1644,223
eJojO0IhH8g,FEA addresses the drama once and for all,Jake The Asshole,People & Blogs,20296,1571,143
5yz67oSytA8,"10 Reasons Pizza Gate EXPOSED by Shadow Group? #PizzaGate",The Outer Dark,People & Blogs,55467,1569,56
c944FSIauR8,Youtube testing Pulling the Plug Be Ready.,RichieFromBoston,People & Blogs,45224,1563,100
39DxGw7ut90,Anatomy Of The Deep State: An Open Conspiracy,RonPaulLibertyReport,People & Blogs,78148,1523,27
SFsQkaDkhqo,Flat Earthers Are Anti Semites,RichieFromBoston,Science & Technology,32813,1521,118
504InC0uBI8,Family Matters Reunion,Michelle Latrice,People & Blogs,102393,1417,41
Qv86vFyKR1E,Does The US Need A Dept. Of Homeland Security?,NowThis World,News & Politics,67582,1414,34
WL1iPn76bTY,Several Dead In Church Shooting In Texas | NBC News,NBC News,News & Politics,351299,1390,429
dnkRIXjqh-M,Over 95% Chance Michelle Obama Was Born a Man - One Year Later,pocketsofthefuture,Howto & Style,184753,1381,325
aM71npx_mVE,Demi Lovato: Cool for the Summer Illuminati SUBLIMINAL MESSAGES,The Black Child,People & Blogs,174755,1377,649
ZVprZqE-gfE,Dinosaur Sex - Is it real or fake?,Jake The Asshole,People & Blogs,46833,1346,120
TAAxKG1XmTk,This is Agenda 21 California - Government Driving Folks off Their Land,KillingTime,Education,85532,1342,38
e-5oxYLj1_c,New California Gas Tax Without Voter Approval Causes Outrage,DavidNazarNews,News & Politics,90258,1331,70
-T_FOZO3Fok,Lebanon Hanover - Tomb For Two (2013) Full Album,ZAUBER,Music,94111,1281,29
HXrbja39w1A,🌏 Flat Earth Journey to the Ice Wall ☯,Whiskey Leaks,Entertainment,189979,1150,687
er1khiLlx1Q,Good Luck Charlie Gay Couple,AwesomeOneReg,Entertainment,178436,1138,259
hEhBtKw3uG0,A Call for an Uprising Channel Taken Down by YouTube!,The Vigilant Christian,Entertainment,24180,1123,77
KaHeFz1wPeE,Obama s Fake Cry At Press Conference,The Alex Jones Channel,News & Politics,63967,1119,298
qr18uHXbkQU,Look Who Was Just BUSTED For Starting DEADLY California wildfires  Trump Was RIGHT!,USA BREAKING NEWS,News & Politics,94112,1117,168
f0_vn9vz5xQ,Human Head Transplants In 2017,RichieFromBoston,Science & Technology,23098,1109,37
89L-gXI7_Ac,Mystery Illness Striking America,The Alex Jones Channel,Nonprofits & Activism,178931,1078,95
ht-6BO40Ccw,Stuff They Don t Want You to Know - Christmas,HowStuffWorks,Entertainment,229494,1069,77
5cKPuNdwIos,At least 14 victims in Florida high school shooting,NOLA.com,News & Politics,331133,1062,182
jWAD8VrQxms,Graphic video: First moments after Boston Marathon blasts,RT,News & Politics,681109,975,177
OaX_2NVU_I0,Electronic Eye Controlled Security System,Electronics Hub,Education,208144,975,197
97swvx_1xeQ,PART 3 Cheryl Hersha - Illuminati Whistleblower/ SRA/ MK Ultra Survivor Conclusion,Victurus Libertas VL,Entertainment,45417,974,30
OWOjiDlQKjI,Tacoma Amtrak Derailment - The Real Cause,William Mount,News & Politics,21474,969,35
a7yJYn3Lqbs,Burns Oregon-- LaVoy s daughters speak out,shuff1111,Entertainment,43245,930,59
Ok1eRCcewUk,Aufklärer TR3B Antigravitationsantrieb längst im Einsatz? 😮 SCHON WIEDER eine Mondanomalie,maecfly Productions,Entertainment,37052,929,65
we2kwE0sp-c,Congress uncovers the Planned Parenthod 3% lie - 100% Baby killer facilitiy,Gr8PaintDotCOm,Education,28958,910,24
TDDWY7veVjc,Agenda 21: Bankrupting America into Utopia--One City at a Time,Alexandra Swann,News & Politics,64068,901,64
98dyV3jItiw,Busted! CNN caught photoshopping original photo of Fort Lauderdale airport shooting suspect,End Times Prophecy News,News & Politics,48512,815,136
GOFZ8ZoUI3E,Group Turns Guns Into Garden Tools,Inside Edition,News & Politics,29372,809,148
I9w3Q74X3Gg,Clark County Coroner s Office On Lockdown,Jason Goodman,News & Politics,33583,802,37
wIJBzWTF2l4,Biggest Problem In The Universe  The Dick Show & How Maddox Fails 2 Let The Personal Take Precedence,ThePedanticRomantic,Film & Animation,21190,787,57
Pef8dAZp-9g,NXT Champion Bobby Roode meets Manchester Attack victim Lily Harrison,Johnnie,People & Blogs,48605,757,7
zmt5GzPTYlo,BLACK CHILD CHANNEL UPDATE: April 2016,The Black Child,People & Blogs,42317,712,65
qngvHmmQqTk,Directo // Curiosidades sobre vuelos // Rituales en la NASA y más,Iru Landucci // Nur para todos // Tierra Plana,Science & Technology,17570,703,33
hrX8lsb2WTk,The Muchmore film suggests frames were removed from the Zapruder film,MrCshank,News & Politics,710263,690,163
GasEjHOx4Cs,Andy Warski Calls The SPLC on Kumite,Kronos,News & Politics,12372,678,15
pdMOV-xOug8,Brother POLIGHT vs Two Hebrew Israelites Guerrilla Hebrew and Michael Edwards,iAmBrotherPOLIGHT,Education,62130,674,126
Puqgi8uvPJo,London-Terror: Professioneller Anschlag oder Amateurarbeit?,Oliver Janich,Comedy,25299,674,103
kBrC-H8S7v0,Las Vegas shooting survivor shares her story,Fox News,News & Politics,99869,669,209
bQ9Km0DEcos,Maddox and the ex from 3 years ago question :^),Dame Pesos,Entertainment,15904,658,14
HiXKEo6s6OQ,Fake News May Have Won The Election For Trump  New Study Suggests,The Ring of Fire,News & Politics,9845,643,19
CZTF72huGGc,Morgellons Explained | The Culture Leading Humanity 2 the Mark of the Beast | Transhumanism not RFID,Anon Ehmus,Education,37279,634,64
L3CGf-IinVY,SPIRIT REALM:  TWO SOULS  Illuminati Video Game,The Black Child,People & Blogs,35303,632,34
K77SzekntYg,I Think I Can Prove that Beyonce is a Cartoon,pocketsofthefuture,Howto & Style,23382,631,45
eaBR2ozsJLQ,Adele Breaks Down In Tears While Dedicating Show to Orlando Pulse club and The LGBT Community [FULL],all around the web,Entertainment,106587,629,27
TwQxW1-h_D0,[Raw Video] Video Shows Detailed Explosion at Ariana Grande Concert in Manchester Arena,RusticGaming,News & Politics,244813,628,258
7ZeQl57Pfp4,Shocking Video Shows The Grim Aftermath Of Fort Lauderdale Airport Shooting,Inside Edition,News & Politics,91994,610,64
Dd02rvuSkL8,Husband Charged in Death of Woman Who Led Double Life as Sexy Model,Inside Edition,News & Politics,28231,601,23
o2UJh5ufJHs,Dallas Ambush Shooting: From Peaceful Protest to Chaos: Part 1,ABC News,News & Politics,95501,599,47
yZPS3ZDoM9Q,Something BIG Just Happened in Hawaii. (Projectiles!),The Positive Side of 2012,News & Politics,15858,594,15
9elFmVCbUfM,Reports of Blackwater or Blackstone Mercenary in Burns Oregon Mercs in Harney County,Bravo Von Muller,People & Blogs,33261,593,53
BRt0WQOnZzs,Proof That Navy Seals  Blackwater  did Boston Marathon Bombing False Flag Martial Law,Rohbss2,News & Politics,74124,583,106
88A9I0jVK-g,***911 Anomalies***4. SPOT THE DIFFERENCE!,Discovery Studios,Education,125966,583,114
t71dIuZsIyA,Canada Police Caught Staging False Flag,The Alex Jones Channel,News & Politics,87267,569,327
ATfgzkW6tsM,FIGHTING AGENDA 21 IN CALIFORNIA: CALIFORNIA STANDING UP TO TAX BY MILE. FULL SPEECHES,grindall61,News & Politics,12547,563,9
aeKC0Mb5Gm8,Ron Paul On North Korean False Flag  Dollar Crash  Housing Bubble & Rand Paul (FULL Interview),World Alternative Media,People & Blogs,20569,562,13
NyzNrS77S9I,"The Deep State is coming  the Deep State is coming! Interview with EX Cia Robert Steele #unrig",Defango,News & Politics,26187,544,52
7fI2jWXnlwY,Internet Bullies Didn t Bring Rebecca Black Down | NBC Left Field,NBC Left Field,News & Politics,122653,531,144
mRA8V2vLZk4,The Jinn Series-Full Length,salih ay,Education,91792,522,71
r6mB5sEJUt4,The Star of Remphan-Not the Star of David,The Nights Watch,People & Blogs,39465,515,51
KEuzzk03dSo,Boston Marathon ALL FAKE INJURIES Part II,8bitgeek,News & Politics,227712,513,479
u3g8xGsdAQo,How to Decalcify the Pineal Gland: The Herbs are the Gas for Your Sex Drive,iAmBrotherPOLIGHT,Education,20934,499,23
nR7kDl1AiQg,White Lives Matter Protest outside NAACP  Houston,USNationalistNews,News & Politics,46092,484,60
GhqKnPXAxuo,Las Vegas country music festival underway  as shooter prepares in hotel: 20/20 Part 2,ABC News,News & Politics,118876,474,115
2Ntj5oIQk70,Grassy Knoll Shooter Photographic Evidence (NEW FILM 2015),Rip Cord,Entertainment,233649,453,234
KFbvotFLFq8,American woman robbed and raped in Malaysia,News Direct,News & Politics,273161,445,118
0_w7RJwjlYU,Feds Murdered Michael Jackson - his last phone call on tape.,Net4Truth USA,News & Politics,8327,428,4
NsoMRTr3zBE,KsFreak ist doch sicher nicht homophob! | Warum er gefährlicher ist als wir denken..,levlonog,Entertainment,3414,424,7
8T2i-WG9hj0,Burns Oregon--RED ALERT--THIS AUDIO NEEDS TO GET OUT! Real reason LaVoy was murdered! part 3,shuff1111,Entertainment,28890,402,36
wbqehf1bKvQ,How Russia Sent a Small Idaho Town Into a Fake News Tailspin: NBC Left Field | After Truth,NBC Left Field,News & Politics,118773,396,193
Akj4ntiSd4M,Heckler to Don Lemon:  White people are terrorists!,CNN,News & Politics,72640,386,163
WyvfP5jEZyM,How white men are( The Ark of the Covenant),david carroll,News & Politics,8082,374,21
bZUPpMhAAQY,Trump Tweets   I Have Been Much Tougher On Russia Than Obama,The Alex Jones Channel,News & Politics,9530,363,22
YiXpr30oUkA,Sandy Hook Red Flags Ignored By Newtown School Board,The Alex Jones Channel,News & Politics,17766,361,18
VSh8KvSTqz4,The Teskey Brothers - Half Mile Harvest - full album (2017),PB Chanel 1,Music,39592,350,6
IPOQBMZOIME,Sandy Hook STUNNER! Attorney Michael Sussman SPEAKS OUT,Paul Preston,News & Politics,79657,326,60
oXltT-UkWp4,Elliot Rodger Trolled On Bodybuilding Forum,NateMakesVids,Comedy,32473,321,38
_bz14Aprds8,MUST WATCH - Exclusive With Jill Noble - Islamic Plan To Dumb Down America Through Common Core,Victurus Libertas VL,People & Blogs,5531,316,53
ANesVEjiW7I,THE DIVINE RIGHT OF KINGS- SteveTalks.tv,Steve Pieczenik,News & Politics,28666,310,11
2HtkhKmX29s,Elliot Rodgers is Alive - Video Proof,Renegade88,People & Blogs,11781,305,50
AHWWwtaPx0Y,John Cullen is a Dead Man,John E Hoover,News & Politics,7527,294,138
pWgersB0-F8,Mandela Effect - See JFK killed in the 4 seater! Pt2 Absolute Proof!!,56kaybrown,People & Blogs,33405,286,54
38jxM3B-bv4,Social Media Moments 2017,CrimsonStudios,Comedy,2718,283,6
TUcRuKXjeZw,Artisti Dichiaratisi Venduti a Satana | L Esorcista Padre Amorth su Massoneria e Satanismo,Alpha Resch,People & Blogs,57435,281,27
fqbjUW6A3EM,Attentat von Norwegen - Aufnahmen zeigen Breiviks Anschlag in Oslo,WELT,News & Politics,165276,273,116
CGWkuyc3MpM,Kent Freedom Movement investigate the Woolwich false flag psy ops PT1,Kent Freedom Movement,Education,31535,272,37
KvV7RiDuhuY,TV Tributes to Newtown s Victims,Wall Street Journal,News & Politics,104105,268,219
igbE7qBV11Q,TYT - 01.11.18: FISA  Missouri Governor  Racist Class  and Arrested Teacher Update,TYT Shows,News & Politics,28514,267,19
R9egYx9ijmg,Reptilian Women Shapeshifting on TV Live,kinninigan,Education,73372,260,148
ob-P_4OHlLg,Aftermath Of An American Tragedy: Healing After The Horror In Vegas,The Dr. Phil Show,Entertainment,20994,259,11
OYyc8X-VLrA,EDWARD SNOWDEN: A Manufactured Avatar of the US Intelligence Community- SteveTalks tv,Steve Pieczenik,News & Politics,18682,252,15
24h5IScmJQ8,Orlando Shooting 100% Staged Bull Crap Was a STAGED HOAX- This Is All You Need To See,Wes Truther,Education,19584,238,40
iyI9wbL0WT0,Another mass shooting and again this certain thing will be ignored,Ryan Dawson,News & Politics,3787,235,7
vFz9V09Akm4,Eclipse 2017  uh  where was the Moon?,Kaptain America,People & Blogs,6300,215,29
V-F8lSKT-Os,CRISIS ACTORS NEEDED IN OHIO FOR THE 19TH AND 20TH,RichieFromBoston,Entertainment,7146,214,4
Gt6e-B9f3Nc,Amoklauf - Der Weckruf von Erfurt | Kontrovers,112info,Nonprofits & Activism,23899,214,14
RuYhWqbU-J4,Rainforest Spiritual Enslavement - Black Magic Cannot Cross Water (Full EP),Gaf Respih,Music,10676,214,1
MJ9YMmqttGs,London Fire Brigade reveals strangest 999 calls,ODN,News & Politics,64490,204,21
2ZtMlJDXu-Y,WTC Employee Discusses pre 9/11 Power Downs,Steeper33,News & Politics,16173,197,4
5iaPTvIzFmc,Pre JADE HELM Foreign Troops and Crisis Actors Collide in Arizona,The Next News Network,News & Politics,14307,191,11
RG_6_t-n7wA,People flee in terror from London attack,The Telegraph,News & Politics,104962,184,39
_-Rm06NqI4M,UK: Witnesses of Grenfell fire say alarms and sprinklers never went off,Ruptly,News & Politics,38507,182,24
XWZBw_yoUNg,OVERWHELMING Evidence the Boston Bombings WERE AN Illuminati False flag Operation You Decide!,Mickey Rush,People & Blogs,44090,179,37
t-AO3D4e5so,Messengrs - Earthbounder [Exclusive Premiere],ItDjentsTV,Music,4834,179,5
nNLhELsftq0,Mandalay Bay Crisis - YOU figure THIS out! WTF? Over!,Net4Truth USA,News & Politics,5411,177,9
quZcOaD0ybw,Labour MP David Lammy Criticises Weak Response to Grenfell Tower Fire | Good Morning Britain,Good Morning Britain,Entertainment,16068,171,28
fJZ_l4GWYmA,Solution to U.S. Federal tyranny / false flag agenda +Las Vegas shooting s youngest  9/11  victim,Zachary K. Hubbard,Comedy,4629,168,10
MHsPSqUMHs4,Snog - Late Twentieth Century Boy,Richard Grant,Music,14472,162,2
mgYz9zYSdBI,Nur Para Todos Intro,Iru Landucci // Nur para todos // Tierra Plana,Science & Technology,2486,159,9
0KAOMqailFY,"Fake News | #pizzagate is real",PAYDAY MONSANTO,Nonprofits & Activism,3317,159,2
7sa_C0V8EQk,Ex-CIA Kevin Shipp Exposes Criminal US Government Conspiracy!,Richard Bruce,News & Politics,6347,159,2
be3kYaJ61vI,Robert Mueller Was Hiding An Massive Secret That Just Changed Everything,MLordandGod,News & Politics,4873,156,5
ZI3wf6ycSWA,Vegas Survivor: There Were MULTIPLE Shooters,Real News with David Knight,People & Blogs,2623,153,0
ex8wPxKjnnE,white on white white Genocide - Come Out of These Nuts  Family...,Your Radical Home Sista,Education,3289,151,11
HrP1a5Lh-Tk,Court releases grim photos in Charleston church shooting trial,USA TODAY,News & Politics,99039,151,56
G1mR0WXNJOg,The Full Story of Cliven Bundy Ranch Standoff - Exclusive Details!,Blackstone Intelligence Network,News & Politics,3754,145,5
RliCP4DVCck,No ONE GIVES A DARMNN,SHYDUX MEDIA,People & Blogs,20815,143,8
-GHX8f5qGcs,The ronny Trouble,Defango,People & Blogs,3884,138,12
cBNNh0-kBTg,To My American Viewers on Election Day...,Jason Unruhe,News & Politics,2780,134,15
bjMSAfY__iA,DHS Lifts Martial Law in NE PA For Cop Killer Frein,The Alex Jones Channel,News & Politics,12739,133,15
dEcWWau1BvI,Sonic Area - The Soul Of A Robot (Official Video),Arco Trauma,People & Blogs,5481,133,0
_qxqIU2eG78,Orlando Hoax shooting-Is this a Disney Connection? Funding-G4S-HLS,Annie Logical,People & Blogs,6296,132,11
UBGNa-ZqR58,The History of the Spear of Destiny  Real or Fake?,Defango,Howto & Style,3803,131,12
119bReYoiEk,Stan Deyo Earth is Going Through a Major Change,Non Human Entities,People & Blogs,9130,125,22
LiVLfdqLjXk,Why exposing false flags is crucial...breaking the lie and the brainwashing is showing.,Voices Truth Power,People & Blogs,2888,124,5
A06eBy6-3RQ,Police stage fake terror attack in Trafford centre,RT UK,News & Politics,30558,124,54
ATeWdG_jvvc,Grenfell Tower: council still under fire as death toll rises to 79,I Am Incorrigible,News & Politics,21223,123,23
GhlLqy-2gnU,PARIS FALSE FLAG AND WHY!!!!,Your Radical Home Sista,People & Blogs,14063,122,75
VWc4A2m_vYg,Night Sins - To London or the Lake [Full Album],Bobby Hill,Music,7745,120,3
EEH4WPQEv9E,Corey Feldman  Angels  Mara Moon & Poeina Suddarth Tell all,Ed Opperman,Entertainment,11792,118,20
dB4OIjDijqM,The Parsons Green False Flag Attack To Desensitize/Conform The Public to An Orwellian State,TOTALECLIPSE Page,News & Politics,7121,116,38
o2Glim1GHlQ,Fukushima Special Broadcast: WOW !! WTO Declares All Out War Against Every South Korean,BeautifulGirlByDana,News & Politics,745,114,37
5BfjPTuOcmQ,Boston Bombing Crisis Actors,8bitgeek,News & Politics,17683,114,36
iR9M4v30nyI,Laura Loomer s Aggressive Practices - Don t Take The Tire Pill!,The Last Stand,News & Politics,14407,113,20
S6Pt7y9-SGE,Fukushima Farmers Are Insane Mass Murdering Idiots - Pro Nuclear Is a Hideous Cult and Plague,BeautifulGirlByDana,News & Politics,1096,112,54
_X_ssLerFvQ,Paddock s Brother s Interesting Links,Headlines With A Voice,News & Politics,7258,109,10
nDwoGHl5z-k,@__0HOUR_ is having a meltdown | Defango Doxxed 2.0,Defango,People & Blogs,2544,107,36
yob_2JYiLCA,Bad FBI Actor in Florida Parklands Event Body Language,The Dialogue,Entertainment,1445,107,5
_zoWv_hX-44,`Gunman` Elliot Rodger`s OTHER Youtube channel,naturalrights2u ****************,News & Politics,11811,101,16
VrZFVPfq2jI,GENE ROSEN AWARDS 2014 ✓ pt1 of 3,33Pictures,Music,2890,94,1
6Zp6GIFTgus,See This in Your Skin? You Might Have Morgellons,mfromcanada1,People & Blogs,9514,88,3
SI3HfAjtcMU,Las Vegas Shooting - Fake  Witness  EXPOSED (ABC NEWS),Red Flag Media,News & Politics,2158,83,5
dSCTQ1ErXEg,New craigslist ad for crisis actors for  EVENT TRAINING  Aug 3-6.,Barnone11970,News & Politics,4026,81,9
TqXfPWeJyro,VEGAS SHOOTING: PADDOCK DECOMPOSITION TIME OF DEATH? ?????????????,D James,People & Blogs,2862,72,8
bmCFJ5_81SQ,Victims of Grenfell Tower Fire,Ethiopian EmbassyUK,Music,44502,67,27
VjgzomeQ8Ew,Robbie Parker Gives an Emotional Interview (Sandy Hook),NightwalkersView,News & Politics,52754,67,45
j5xq1tA8M6g,Jesse Ventura Schools CNN s Piers Morgan on 9/11 and More!‏,911TruthCincinnati,Entertainment,7623,65,1
c3RsknzJ_hI,Breaking news pool hose in rm 32-135 would actually work,Farmers for Truth,News & Politics,390,64,1
ocFmE4lLo0Y,Crisis Actors Solicited for Fort Hood Shooting False Flag?,The Next News Network,News & Politics,4111,64,2
97eMtI9rzds,Capitalist Pig,MegaPaddz,News & Politics,6170,61,3
UZZhCrsqVA0,Jo Smeltzer Crisi Actor Caught Again! Ohio State Uni Hoax,The Dialogue,People & Blogs,2460,59,5
AuEkcQvoTqI,BREAKING NEWS TERROR ATTACK IN NEW YORK,Black Biggot,People & Blogs,3843,57,23
yIO1qKCu_hM,Berlin Dashcam Footage Fake Berlin Truck Hoax False Flag (Mirrored),Zero9Four,Music,11398,57,12
weLzmCxyNys,Zachary K Hubbard | LeBron James s first career ejection +Lesson on false jews & real jews,Zachary K Hubbard Classic s,Education,2476,54,4
6ZzLkKywN88,Joseph Kent speaks out after his release,CBS News,News & Politics,3676,52,0
EomA3b-K95o,Cops: 3 males  6 females killed in Charleston massacre,CNN,News & Politics,26505,48,50
hPwm0VuvbEI,R.I.P Chris Cornell - Death Not A Suicide,Anarky,Music,3229,48,12
lZdqJZJ77vU,T_error 404 - Dhammakaya Corporation,Psyklon Industries,Music,1338,47,1
k8L2SCzSsZA,False Flag Weekly News 10/20/2017 Special Report,Kevin Barrett,News & Politics,2219,47,3
yYAavbDUBgo,NEW! Las Vegas Sh00ting Details Prove it was a HOAX  Trump Rivals  Codes  Kenneka Jenkins & More,RawyalNews,News & Politics,4075,46,12
YdxRvtnKZQc,London residents speak on Grenfell Tower fire,WSWS,News & Politics,3261,46,3
BXISIk0bGMw,Sandy Hook - Photo Documentation from SHES following shooting,Anna,People & Blogs,2431,45,4
BO9DtLIMolE,TSL Judges the 1994 Olympic Ladies  Short Program,TheSkatingLesson,Sports,4649,45,1
45lso0C_dFo,JIM FETZER  THE RAW DEAL  (8-10-17) DR. RICHARD HOLDEN / CALLERS,Gus Chambers,News & Politics,3726,45,5
H4b49ozKeWs,Syria ‘White Helmets’ Exposed.,Hamza - Slay Your Dragon,News & Politics,3892,44,3
uap1bPrlL6I,Charleston shooting tragedy unfolds over 24 hours,CNN,News & Politics,8643,43,15
p7nEMdHkWsQ,Official FBI Exhibit Proves Dzhokhar Tsarnaev Innocent - The Boston False Flag Unwound,Publius,People & Blogs,6147,43,7
a1nNn6U0XTs,FAKE! Atentado falsa bandera a embajador de Rusia en Turquía,NI izquierda NI derecha,People & Blogs,8617,43,22
Oac2GMhdOwM,Crisis Actor Used In CNN Package? - Malaysia Airlines Flight 370,Free Agent Media,News & Politics,4236,43,4
3VBifF1ZL5w,Crisis Actors Exposed Part 10: Elliot Rodger  Crisis Actor?,LionWarrior28,Entertainment,3730,42,3
v5vfMdGCnKs,BARACK OBAMA FAKE TEARS-NEW GUN CONTROL ORDERS,ConspiracyFiles YouTube,Nonprofits & Activism,10302,41,31
FASaMNE2lyU,Boyfriend on WDBJ reporter Alison Parker s love and legacy,CBS This Morning,News & Politics,16171,41,248
JaTj9xB2zsU,ANDERSON COOPER MASONIC CIA ROOTS,KillingTime,Education,4480,39,8
1usygKOnN-U,Lancashire teen s funeral after she was killed in Manchester attack,2BR,Entertainment,6665,39,9
lOW8Tk_5J4k,Victims transported to hospitals after Texas church shooting,Fox News,News & Politics,4651,37,22
eKa_omWc39c,PROOF Crisis Actors In Egypt Syria!,Harry Link,Education,3824,36,1
fiyhY7UzjiI,Manchester Arena Attack,British Transport Police,News & Politics,4885,36,14
jd0Kj4wr9vI,Nancy Lanza Her Life Today The UN DEAD of Sandy Hook,odvn,People & Blogs,5082,34,3
vIX_mX_6CsE,Slain cop s cuffs used to arrest Frein,CNN,News & Politics,5178,32,13
_WO1I6XwNaU,Trump-Russia investigation: Lawyer becomes 19th person charged  pleads guilty,euronews (in English),News & Politics,5301,32,24
BkZZQnOG-GM,𝗠𝗿. 𝗥𝗼𝗯𝗼𝘁 - 𝘚𝘩𝘰𝘰𝘵𝘪𝘯𝘨 𝘴𝘤𝘦𝘯𝘦 𝘪𝘯 𝘊𝘩𝘪𝘯𝘢 - 2𝙭5 - (sub. esp.),Carlos Leal Tejeda,Education,5147,32,1
agzj41XN-uQ,The Bible Blueprint For Cultural Destruction,OPBC Online,Education,605,31,1
UIyS2MdrSi8,Chris Cornell Ativan Cause of Death Update,Anarky,Music,3848,30,9
1TJohuEv2TY,Imam:  I ve never met  Orlando gunman  he s not my student,Fox News,News & Politics,6462,30,109
f4x9Xfmuykk,Exposed: Assassination of Palestinian Civilians by Zionist Israelis,Young Philosopher,Education,898,29,0
lreEnnDTIAE,Blue Whale Challenge - Tod auf WhatsApp,HeyUnico,Entertainment,1423,29,11
TaXsJrpg4U8,9 11 Truth - Alice Hoagland In Wonderland Displaying Duping Delight,FuxNews,People & Blogs,1564,23,3
AxWk8EAV_dQ,My job is Actress in False Flag Partys. Like in Boston bombings,stephane  Dafalgan,Science & Technology,6207,22,4
go3gcKQu73w,MULTIPLE VIEWS OF HELICOPTER SHOOTING VEGAS CROWD! IT WAS NEVER STEVEN PADDOCK!,JONNYY 5,People & Blogs,14499,20,23
jnfauAdXfV4,Martyn Hetts Parents - Manchester Bombing 2017,infinite8,Autos & Vehicles,2493,19,10
J-7ajGKW7hU,Orlando--The Morning Before--Peekay mirror,Rich Vanclaren,Film & Animation,624,19,0
M7WHBxaTosE,London Grenfell Tower Fire - Stabilized Video,mental_boost,People & Blogs,7178,17,2
k6mL95iEwyo,why would they even have to use crisis actors,pyrrho314,Nonprofits & Activism,642,17,3
aQRuClikblA,New Sandy Hook School Opens 4 Years After Massacre,New York Daily News,News & Politics,3687,17,136
2yY9pU4QndY,Is This A Crisis Actress??Boston Bombing and Santa Monica Shooting Victim,dee spag,News & Politics,1501,17,3
3FjZyoi8Hp4,🔴 YouTube Content Strategy - YOUR Hub  Help and Hero Video Ideas [CHAT & Q&A],Alan Spicer - YouTube Tips & Tricks,Education,93,16,0
--V0f4zwc0A,Duper Delight?,ToothlessGetRuthless,People & Blogs,3434,15,1
KxR66Mh8Ih8,PARKLAND SCHOOL SHOOTING SUSPICIOUS! (mirror),Don Parker,Education,325,14,4
yNlKrkXOO7E,Mormon missionary Mason Wells on Brussels attack,CBS This Morning,News & Politics,1819,14,37
uFsx28wqv54,"Charleston  S.C Church Mass Shooter Dylan Roof EXPOSED As Actor John Christian Graas #Wow",Conscious Progress,People & Blogs,2301,13,12
DrlL3MDmQo8,"Little D Checks Out Toshiba Fukushima Nuclear Reactor 3 Dome Roof #fukushimafrauds",BeautifulGirlByDana,Film & Animation,36,13,0
g1dsUSFsgm8,Script Reading Fake Witness Laughs - Grenfell Tower,Beat Worship,People & Blogs,634,12,1
HMxpV2lbHJY,Syrian False Flag - fake car bomb injury,Derek Smith,Science & Technology,2168,11,1
h1WXXVFChxQ,Parsons Green Yet ANOTHER false flag in London debunked,TruthMagnet P,News & Politics,325,11,12
RseiFCTUkkI,Orlando Hoax tard - Kearnsy  Bullshitter  74 Lies EXPOSED -- PART ONE,BzTruetalk,People & Blogs,383,11,30
s8J8agAqqzE,Full Time Rv ing & Ebegging: Living Free Mike Comes Unglued,American SuperTramp,Comedy,271,11,3
joipVkNbAJk,Van Dwelling Ebeggers,American SuperTramp,Comedy,174,11,1
7LcEQpTygcY,Eyewitness to Florida School Shooting Says There Was Second Shooter1,kicktroolinface,Science & Technology,107,10,0
eTMJ3IHfBxU,Russianvids - Exposing the Illuminati Freemasons 5 Hour Presentation,Zack Greevey,News & Politics,399,10,0
F7FM-XJJdwk,Crisis Actors Exposed Part 8: Bianca De Kock,LionWarrior28,Entertainment,2315,10,4
_KpJHRx-MkM,Mr. Robot suicide episode 10,st DEEGAN,People & Blogs,3152,10,3
tcMDk_kCWJY,Obama Flashing His Erection to a Laughing Mainstream Media,Trust No Man,News & Politics,1563,9,4
uwM_ySOLTB0,Sylvester Stallone is still alive and this  Creed II  poster 😍😍,Artnewsive,News & Politics,1398,9,0
gXITHYcaJGg,Photoshop media fail - Brussels Bombing Causes Head to Shrink,DodsworthMcGilicutty,Film & Animation,440,9,0
ZY62bYHIuKY,Las Vegas  Eye Witness  Also Appeared On Dr. Phil.,Xenozeraph420,People & Blogs,287,9,1
WQPCMkGnWh0,"Drory Nadav School For Alpha Males #2",American SuperTramp,Comedy,133,9,0
0f62kuDZ8Yc,Hopper Branded By Elvis Travel,American SuperTramp,Comedy,147,8,0
ur1z_x-5fmI,Las Vegas False Flag: Video Proves Team of Shooters Behind Attacks,POLITICS NEWS,News & Politics,3845,7,6
6aavgvxYm2w,Home Office offers immigration amnesty to Grenfell Tower survivors,5 News,News & Politics,2260,7,7
Ip2qxYIlWu8,TC75 -  Tracks  (CD Preview  Razgrom Music 2017),Razgrom Music,People & Blogs,1756,7,2
2vernmQ9Seg,LOS ACTORES DE SANDY HOOK _ The Sandy Hook Actors PART 1,Todo Está Relacionado,People & Blogs,2422,6,0
dwkaf4Wh7BU,The Pagan Truth About New Years?? MUST WATCH!!,HouseOfFreewill,Entertainment,228,6,0
TcGK5ZVGMo8,The LII that is coming.. Predictive programming is SB 52 commercials?,Kaptain America,News & Politics,75,6,0
Cho_nXz1av8,Las Vegas  Mandalay Bay Shooting  Actors?,Themistocles,Education,879,5,3
_40HH2I1A78,Russianvids Australian Fake News Revelation,Zack Greevey,News & Politics,127,5,0
Gg-6XIjSdyc,Paris False Flag 2.0 (an MI6 CIA MOSSAD Operation),salih ay,News & Politics,518,5,0
3P8kZ6ilDdg,Sandy Hook Hoax ! Nancy lanza Crisis Actor,Instruction Massive,People & Blogs,370,5,1
75fOdvGhA8Y,Jacob Raak:Reinada Yaralanan ABD li ilgili şok gerçek,Her Bişey,People & Blogs,1703,4,0
7PirWYP4XRU,Cure for Aids  CIA  Illuminati Justin Bieber,AwesomeOneReg,Entertainment,772,4,3
b3xVwqUDjUk,HELP!!! I m hearing voices!,Anarky,Entertainment,193,4,4
QbnJlUVPp4w,SpaceX faking it in the pool - Look at all the  space  bubbles,Thomas Larsen,Education,251,4,4
tGAaoalHvno,The fate of Europe was decided long ago The Barcelona Declaration of 1995 (mirror),Gordon Bennett,People & Blogs,37,4,0
O-gC-Zos4-w,David Hogg - Do You Know What You Think You Know? - Isaiah 5:1-7,Southeastern Baptist Theological Seminary,Education,146,3,0
yNnxuHW5Up4,Remembering Ultimate Warrior,AwesomeOneReg,Sports,188,3,1
50ZJyauOY6k,London Terror Attack 2 Dummy and Fake Injury,WTFworld,News & Politics,81,2,0
BasCO0QNdhc,Vegas Hooter s Casualties-RAW & UNCUT!,Church Of Your Mind,Travel & Events,355,2,0
_ZXo1pJYedo,Obombya  a Nobel Peace Prize Winner & Humanitarian,Don Parker,Education,16,2,0
7dGucf7k4vY,Stephen Colbert-GOP s Bonkers Uranium One Conspiracy,Telemetry Times,Nonprofits & Activism,309,2,0
fDQjqQxZbLQ,Fake Orlando Shooting Crisis Cast Omar Mateen  Actor,JJB,People & Blogs,316,2,0
Nw9sF_RBpgQ,Starbucks Controversy  Wisconsin Gun Control  Missouri Tigers Racism,AwesomeOneReg,News & Politics,172,2,3
UV7yxYRIHpA,Undertaker Streak,AwesomeOneReg,Sports,371,2,2
PdWwKYjwxNs,MUST WATCH ! RARE VIDEO SHOWING PADDOCKS WINDOWS WHILE SHOOTING IS HAPPENING!!,Truth Seekers United,Entertainment,61,2,0
4xQOijqhvzw,war Las Vegas eine false flag´?,Check datt,People & Blogs,151,1,0
2JAdQdxORzo,Sexy Pin up Dressed as Anonymous,WTFworld,Comedy,108,1,0
9p7wUMAGgxA,Alana  Honey Boo Boo  Thompson Drags Fans Who Accuse Her of  Acting Black,Aban Deutschland Nachrichten,Entertainment,11,1,0
gh5XcHrOSNY,johan peeters Live Stream Warface gtx770,fastcloudcom pc gaming,Gaming,4,0,0
60Tn2C4eZfs,GhostofFawkes News,GhostofFawkes,People & Blogs,49,0,0
e3qVc-Krw4A,The Mary Tyler Moore Show S05E21 You Try To Be a Nice Guy dvdrip,TheDudezer,People & Blogs,147,0,0
UUe41_omP0g,Drone video of Sunset Cliffs San Diego  CA - David Hogg s YT Mirror,anon 1337,People & Blogs,185,0,1
ptpHZiicDWo,RE 100% Video Proof Oct 1st Vegas Air Assault,bill1224601,News & Politics,5022,,
zMANrSyMroc,Helicopters Response to Jason Goodman and Montagraph,bill1224601,News & Politics,3749,,
MshsFYKR42Y,Jamie Hince. Kate Moss  Husband. Nontypical.,Apostle Laura Lee - Church of Philadelphia,Education,3539,,
lbX-JaEa_Jc,EXPOSED AMTV Christopher Greene Las Vegas Shooter Videos,Lies of the Devil,People & Blogs,6203,,
LbZhEFgUeaI,Mariel Hemingway & Family. Part 1.,Apostle Laura Lee - Church of Philadelphia,Education,2852,,
uKLS-FyEh44,War On Christmas  Masks  Deception  Hollywood Nature Of The Beast,Apostle Laura Lee - Church of Philadelphia,Education,2355,,
9p0doihRgQc,Bruce Springsteen Tranny & HER Pink Cadillac,Apostle Laura Lee - Church of Philadelphia,Education,1590,,
azk70TBe_9U,Joan Jett. Just Another Hipless Square Jaw.,Apostle Laura Lee - Church of Philadelphia,Education,2548,,
xBSbdDR1VjQ,Breaking News VIA DAHBOO777: Mandatory Active Shooter Drill Planned Prior to Las Vegas Shooting,GN4GN TV,Education,848,,
BMt8CtAuBes,Crisis Actors REVEALED! Crisisactors org Website EXPOSED!!,Shelter Mouse,Nonprofits & Activism,168,,
YDWqz_uhwG4,Michael Jackson Seen At His own Memorial,marykmac07,Entertainment,8323860,,
afIBBsLF_VA,Amtrak GOP Train Crash Discrepancies  Reported Three Wheels Derailed Yet Moving Back Congressman,Edifying Others,Education,6864,,
pr45zr9IXcs,Active Shooter Video,AFIMAC Global,Education,1521849,,
5qvLcTYOs_o,James Alefantis in Rothschild Family Reunion Photograph,Pizzagate Child Trafficking Rings Exposed,People & Blogs,1765,,
usaiTBELdCw,Fans Escaping Ariana Grande Concert At Manchester Arena Terrorist Attack,MITCHELL WIGGS,Music,138848,,
Ou0z96k-7Nc,Richard Gutjahr s Israel Politician Wife Einat Wilf Involved in France Munich Terrorist Hoaxes?,futurevideo10,News & Politics,2268,,
0ztdofPc8Rw,Behind the lies of Holocaust denial | Deborah Lipstadt,TED,Education,152040,,
0mzh-CWImMA,The Moon Landings Fact or Fiction complete fixed,johnloves jesus,Education,455733,,
1eOLZbEAQ5k,GET TO KNOW ME | MARLENA J,Marlena J,People & Blogs,172,,
nMVZ2t-pmEw,Whoopi Goldberg Says White Lives Matter Shows  A Slight Bit of Ignorance,Marc Hustle,People & Blogs,424030,,
-o-mvChAPGc,Una spiegazione per la terra piatta e meteoriti,Dino Tinelli,Science & Technology,18390,,
RwROkVLPn1o,Aurora Theater Batman Shooting a FAKE 1,RichardBDawson,News & Politics,5438,,
U61yzVVlUoE,$7 Buffet Vs. $95 Buffet,BuzzFeedVideo,People & Blogs,16009579,220836,8409
CwzjlmBLfrQ,Mr. Bean Live Performance at the London 2012 Olympic Games,Olympic,Sports,22000180,201236,3903
R7ghDhpCLKM,Funniest Game Show Answers of All Time,theSeanGshow,Comedy,35697732,160327,5909
mGE2EHDl7wU,"#Pizzagate",DrossRotzank,Entertainment,2583556,133415,2694
C6-uaf_VhMA,▶ 21-Year Old Car Mechanic MAKES Simon Cowell CRY With His Voice,Faith s Channel,Entertainment,25609511,95636,5115
NGY6DqB1HX8,Mental Health: Last Week Tonight with John Oliver (HBO),LastWeekTonight,Entertainment,8392733,92980,2333
lZSCGZphjq0,Movie Accent Expert Breaks Down 31 Actors Playing Real People | WIRED,WIRED,Entertainment,3152734,80235,1537
f0o1KcTu5tc,Family Guy Live & Uncensored Table Read (Partial Terms of Endearment),Van Houten 46,Entertainment,5568528,70595,2271
zexXH3lS8Uw,Superman s true Power (Not Pre-Crisis) HD,Idazmi7,Film & Animation,13230486,58914,16499
5xgX_tNTWgs,Jimmy Kimmel on Twitter Fight with Donald Trump Jr.,Jimmy Kimmel Live,Comedy,3383538,57070,6329
wNgHw7JBnbk,Minecraft: THE UNKILLABLE BOSS!!! (IT ATE JEN S HOUSE!) - Mod Showcase,PopularMMOs,Gaming,3786035,50170,2028
y4269dMv1o8,Steve Harvey Almost Blows His Cover,TheEllenShow,Entertainment,3716976,36133,360
lGmBzf5XHz0,Angry Female Reporter Gets Frustrated on Live TV,Amazinglife 247,Comedy,17388972,32097,15941
SLHAb7Yma70,Stars Who Haven t Figured Out They Aren t Famous Anymore,Nicki Swift,Education,8545636,29722,24869
fJMQbfWvk4U,9/11 CONSPIRACY THEORIES,Kendall Rae,Entertainment,359078,27969,397
MzrbqsBNh8Q,Jimmy Kimmel Goes Undercover on Reddit  Twitter & Wikipedia | Actually Me | GQ,GQ,Entertainment,1331566,27334,1016
bgczomH1kLk,A Flashback To Stephen s Last Day At The Daily Show,The Late Show with Stephen Colbert,Entertainment,2121956,25965,481
2p_keMCoMjQ,15 unerklärliche Dinge - Die tatsächlich gefilmt wurden!,"#Mentale Zuflucht",Entertainment,2946547,24577,6107
xLqkizGtFo0,Milo at Orlando Shooting Site (Begins at 12 minutes into video),MILO,News & Politics,1008109,24560,3105
rsAnxoMNrik,Hidden Body Language Signs SHE LIKES You! | How to Read a Women s Body Language,Teachingmensfashion,Howto & Style,1626088,22843,1229
Ryqj3I9YuY8,Ariana Grande unter Schock: Erste Fotos nach dem Anschlag!,Promiflash,Entertainment,1142479,21599,582
-2Vm_Fxr4vc,Most Deserved Instant Karma Fails You ll Ever See (Compilation),TheBestOfEverything,Entertainment,3454010,19592,3752
YYwB63YslbA,Farmers market lies exposed: hidden camera investigation (Marketplace),CBC News,News & Politics,1429411,15121,811
ky49ltgeXRU,One of America s Most Notorious Militias,VICE,Education,2508168,13708,982
FjQ2x_9D8Y0,Chloe Victoria Mafia ► Stripped Down BBC,tubeway army,Music,3101510,13152,1495
sII9sBG94mk,Tom Hanks auditions for role as Forrest Gump,Regal Reels,Entertainment,4172865,12016,326
-LAKFhDguuw,Top 10 GMO Foods to Avoid,MonsantoVideoRevolt,Howto & Style,983678,11847,714
qEoxu0_8uZU,Perturbator  New Model  [Full Album - Official - 2017],BlooodMusic,Music,550410,10984,247
aL1lY1vfS_w,Military man surprises his wife big time! || STEVE HARVEY,Steve TV Show,Entertainment,1939625,10416,251
-MumI6KovUk,Anderson Cooper Gets The Giggles During The RidicuList!!!,SuchIsLifeVideos,News & Politics,1752607,10060,230
keHxWVRp1bo,The Howe Twins | Snog Marry Avoid,Snog  Marry  Avoid?,Entertainment,2369829,9948,740
1KT9hmAfhqA,Strange  Demonic  Attacks Happening Worldwide! (2016),Jason A,News & Politics,1424271,9683,3075
X-SyKuOpIAI,Banned College Lecture America Zionist False Education Exposed   Message To Donald Trump 2017,KnowTheTruthTV,News & Politics,1012478,9382,548
0sRXLQ3zIlM,Top 10 Scandalous Olympic Controversies,WatchMojo.com,Entertainment,1588609,9266,781
-R1h2Df3Nrc,Coming To America (All of the Barbershop Scenes) 1080p HD,My-T-Sharp,Entertainment,1725746,9246,299
vTCDvogNIE4,King Los - Play Too Rough ( Official Video ),King Los,Music,1031975,8811,243
2Oq24hITFTY,TheTruth About Your Food with FOOD  INC. Filmmaker Robert Kenner,TheLipTV,Shows,2107954,8471,478
tsHvDipd3ME,Miss Universe: The Truth - Miss Universe sets the record straight || STEVE HARVEY,Steve TV Show,Entertainment,1577969,8427,339
5NYcZEof09c,Family Feud host Steve Harvey almost walks off...What Get s Passed Around?,worldof46,Comedy,2457087,7548,201
k88mgI9zyvI,King Los - Ghetto Boy (Explicit Version),KingLosVEVO,Music,707846,7446,185
5zWU-tLCWIw,Assassination of Top Commander of Hamas Caught on Tape | ABC World News Tonight | ABC News,ABC News,News & Politics,4574507,7373,1613
xh37rWmUL9Q,Obamas Birth Certificate - CBS NEWS - FAKE- CONFIRMED,David Vose,News & Politics,1250203,7063,947
T448iIo9YQ4,THE 1994 NANCY KERRIGAN ATTACK,Michelle Platti,Entertainment,266179,6841,259
2O7y8YXRIik,Clan Of Xymox - She s Dangerous,Velvet Widow Dj,Music,889896,6781,117
FwKGeuPMwAc,6 TERRIFYING WALMART Facts: 130000-Man ARMY  Omar Mateen Connection  Mass INTERNMENT  RFID Chips,C. Ervana,People & Blogs,683997,6612,938
XQFfhqUBacg,The Next Terrorist Attack - What The Mainstream Media Isn t Telling You,StormCloudsGathering,News & Politics,298367,6504,190
ld6IQqUFyRk,Crime Patrol Dial 100 - क्राइम पेट्रोल-Ep 420-Goregaon Missing and Rape Case  Mumbai -30th Mar  2017,SET India,Shows,7099189,6419,3400
VEe3pWkbPz8,‘Nobody Tells Me Who To Put On My Show  Including You ’ Dr. Phil Tells Guest,The Dr. Phil Show,Entertainment,843719,6393,1512
xVpdcpXIWyo,Streets by VICE: Las Vegas (Charleston Blvd.),VICE,Entertainment,1137460,6325,558
pPsgfMuOFeM,Sarah McDaniel Gives Stephen A Selfie Lesson,The Late Show with Stephen Colbert,Entertainment,1343891,5576,592
k-rD9uM5mcM,How I Took The Red Pill And Realized Everything In Our Cult(ure) Is a Lie - Jeff Berwick @ Red Pill,The Dollar Vigilante,News & Politics,313519,5437,986
S8yjzUqK1zQ,Mark Cuban: Best Interview UNCENSORED,Valuetainment,People & Blogs,368717,5261,139
Ak5KPXGySsA,PEDOGATE- DISGUSTING footage of Demi Moore + McCain institute  THORN  Ashton Kutcher,Random Rants of Ryan,News & Politics,515273,5152,915
gZn-Pq38B_Y,Connecticut Shootings What No One Dares Say,StormCloudsGathering,News & Politics,274712,5122,205
JS1NWYV1i_E,Sean Hannity Confesses Using Fake Footage:  Jon Stewart Was Right!,BangTheNews,News & Politics,1303334,5081,240
3j4ay18xokg,State of the Union Address 2018 and Democratic response: Coverage and live stream from CBSN,CBS News,News & Politics,715328,5080,4185
0eaQ8-NJa5c,"What You Need To Know About #Charlottesville From An Unbiased Perspective",WeAreChange,News & Politics,156731,4802,311
fGIRGvpiTC8,Marines Confront a Man Impersonating An Army Sergeant Major,American Conservative Daily News,News & Politics,1317552,4649,383
feD8Gvupur8,10 More Famous Men EXPOSED After The Harvey Weinstein Scandal,TheTalko,Entertainment,863374,4536,604
sdGPPLmR5Bc,Sweden s Migrant Rape Epidemic,Gatestone Institute,People & Blogs,521407,4473,464
rPu_d4SSOPk,Most Awkward Interview Ever - David Brent - The Office - BBC,BBCWorldwide,Comedy,1458030,3975,124
INg6eKQ71ic,Section 609 Credit Repair loophole,Mr Money Savvy,Film & Animation,230521,3860,94
CMR-yTZPQ64,Jimmy Kimmel & Dwayne Johnson Settle Beef,Jimmy Kimmel Live,Entertainment,291942,3806,74
-l0ZmUVlzl8,Steve Harvey Walks Off Family Feud,countlittlestars,Entertainment,2123321,3645,462
bBc0am1CXPY,Shannon Tweed walks out on Gene Simmons,HLN,Film & Animation,2008023,3641,1083
gUkB5Kk4WAA,11.25 - Trump Verifies QAnon w/ a Retweet?,Destroying the Illusion,People & Blogs,97775,3543,75
521a3hkh5Vw,Illinois Will COLLAPSE! Guess Who Is Next! Say Goodbye to Your Pension Fund,The Money GPS,People & Blogs,187652,3354,169
jKYWlm4pTvM,"Infowars Own #QAnon Discusses Deep State",The Alex Jones Channel,News & Politics,79700,3254,143
kQSoR1LVILE,Ministry - SO WHAT,yeahsee1933,Entertainment,455474,3243,159
29s5L4vCdHA,INTERVALS | Touch and Go - Play Through | NEW ALBUM OUT NOW,Intervals,Music,141405,3226,31
KFEzlKKAnaQ,CNN IS FREAKING OUT! JAKE TAPPER AND WOLF BLITZER SCRAMBLING TO DEFEND ‘FAKE NEWS’ REPORT,The Next News Network,News & Politics,85868,3162,82
NwmvM-sUep4,Saturn & the Occult | Gods & Symbolism ▶️️,ODD Reality,Education,141011,2854,170
NcCb9n2hAf4,CALIFORNIA FACING BUDGET DEFICIT DUE TO PENSIONS AND ILLEGALS. WANTS A MASSIVE CAR TAX TO COVER...,grindall61,Education,107777,2609,230
8uJ-iQOZbIw,Infant Annihilator - Behold the Kingdom of the Wretched Undying (feat. Tyler Shelton  Bryan Long...,Cemetery Abyss,Music,239165,2547,201
_zRCR-8QVpU,Alex Jones Blames LGBT Community For Anti-Gay Orlando Attack,Secular Talk,News & Politics,78864,2494,316
CSsP_-krySA,Orlando Pulse Nightclub Mass Shooting Details,The Young Turks,News & Politics,153667,2417,1350
yQbkJ9nZIhk,The Illuminati s Final Warning for Kayne West! (2017),VISUAL,News & Politics,64523,2394,95
b0U202oh2D4,THE HEXAGRAM DECEPTION: The Star of Saturn Revealed,FaceLikeTheSun,Education,123987,2381,219
OF8jb13_JM4,ASOIAF: Summer Isles,CivilizationEx,Entertainment,117845,2353,15
rOtGdrGV5A4,California and ICE Are On Collision Course Over Deportations,Jefferson Lee,News & Politics,57984,2343,387
r6PcVCqg3tg,Lee Harvey Oswald shot by Jack Ruby,CNN,News & Politics,878468,2332,143
PLZL5vuGJQ4,3 Things Congress Doesn t Want You to Know,Stuff They Don t Want You To Know - HowStuffWorks,Entertainment,132959,2308,63
impZzngaUM8,Epic Rick Ross Interview: Explosive!,The Alex Jones Channel,News & Politics,328703,2290,157
DAppBHbSS-k,London s Power Pyramid  A Guided Tour with David Icke,David Icke,Nonprofits & Activism,117328,2262,62
8dTSK3SnfcA,The End of France | Paris Attack vs. European Migrant Crisis,Stefan Molyneux,News & Politics,149243,2246,166
UDCn8qVV0y0,Why Is India The Biggest Buyer Of Israeli Arms? | AJ+,AJ+,News & Politics,155181,2218,1350
GvAv-114bwM,Stand for the Truth: A Government Researcher Speaks Out | 9/11 Evidence and NIST,AE911Truth,Science & Technology,111162,2140,55
1L3IXcMAPfU,WALMART CONSPIRACY EXPOSED(2017),event horizon,News & Politics,309141,1993,226
75H8MZNKDuc,Is CERN the Only One?,Truthstream Media,Science & Technology,74728,1944,85
z03xEdNlmQY,"#VAULT7 - VETERAN ACTOR PROCLAIMS HOLLYWOOD IS RUN BY CIA AND PEDOPHILES",Victurus Libertas VL,People & Blogs,68146,1916,48
bDWEEvCxlNw,The Link Between The Leaked US Navy Map  Hundreds Of Walmart s Closing  & FEMA Regions,IJ,Science & Technology,318614,1912,355
LcnHdrMyYLU,Sergeant Major s Moto Cadence,brent adams,People & Blogs,720792,1903,74
7tpPSIW3u3c,Images Show Manchester Bomber Looking Calm Just Before Concert Blast,Inside Edition,News & Politics,181578,1882,113
Tm4oUuFWVac,AMERICANS NEED TO STEP UP or DONT,RichieFromBoston,Science & Technology,24912,1842,49
kPjM0br7yUs,LOGAN PAUL AND JAKE PAUL SCARED TO FIGHT KSI!!,MoreAA9skillz VLOGS,People & Blogs,24330,1836,114
aIAGGmxWGbU,Family Feud Birthday Surprise with Steve Harvey,orlandodough,Entertainment,840596,1818,89
jcBmRp46C-s,"Mary Harvey  Steve Harvey s Ex-Wife Speaks Out #3",SharFD,People & Blogs,675319,1802,426
zTltdEdJrgk,They Will Try To Eliminate This Video: Who  What  and Why They Want You Dead and Sick,Lisa Haven,News & Politics,54276,1793,112
tjoSV-smXPM,Corey Feldman Full Piers Morgan Interview 28 October 2013,mindscrew42,People & Blogs,340049,1735,74
ayjn4CA_kxc,Is The Earth Flat? | The Flat Earth Conspiracy Theory,Unexplained Mysteries,Entertainment,213154,1728,463
5zVvIjFS6dE,Will we be condemned For Not Procreating,RichieFromBoston,People & Blogs,35377,1718,120
tjhIedoIyP4,Impensable Mensaje ummita a LCC ( que pide disculpas),contraperiodismo,People & Blogs,51522,1673,514
zqjI-YiNliQ,Aids Conspiracy is REAL 2018,Captain Nowledge,Education,242702,1666,226
vlPf9HFOCCM,Steve Pieczenik: Military Will Stand Up Against Hillary And Obama If They Have To,The Alex Jones Channel,News & Politics,124245,1632,50
U4zR4otK4Nc,~177~ UN Issues Red Alert  FBI Fakes Terror Attack  Apps Watch Our Every Move,Redacted Tonight,News & Politics,37283,1615,61
azB_4HeXVcY,Matthew Knowles’ Colorism Confession,Chrissie,People & Blogs,26289,1504,76
LydW9g-oE_A,Is the Media Telling Us the Truth About the Parkland Shooting?,reallyGRACEfulbackup,Education,33617,1465,112
kzPBSHkDlYU,Recording Guitars... ON A BUDGET!!,David Maxim Micic,Music,33345,1447,12
CiotgfzsKes,AGENDA 21 The Elites are Destroying the AIR FOOD and WATER,RichieFromBoston,Science & Technology,29570,1445,33
_CgiC_YJd50,Conspiracy Theories,Hugo and Jake,Comedy,29940,1413,44
ZW_99kcFbPk,All Qanon in 20 minutes! Crash Course,Glasshouse Official,People & Blogs,34674,1379,42
cb2L-hvufpI,ZDF Mitarbeiter über die Lügen der Medien,Gegen Diktatur,News & Politics,95662,1375,51
Ffx-vf27Aic,Another Show In Vegas - It Ain t The Thunder From Down Under,William Mount,News & Politics,47229,1362,60
1B9uMYZVVEQ,🌎 Psychopaths of the New World Order - Full Series HD,Blackstone Intelligence Network,News & Politics,52154,1344,108
KBTDpM9K-vU,American tells RT why he waved Russian flag at PyeongChang,RT,News & Politics,59515,1294,91
NQ4NzMP4Txs,Plastique Noir - Affects (Full album),Plastique Noir Fan,Music,99296,1289,25
E6s0Gam54mk,Take the 47 Minute Building 7 Challenge!,LibertyDefender84,Education,129279,1215,107
-9PsSLAK1u0,Nelson s Trafalgar (Britain’s Greatest Naval Hero) | Timeline,Timeline - World History Documentaries,Education,223595,1215,81
DjTOSU2XFtE,Something BIG Is Happening on MARCH 01  2018 !!!,Bible Flock Box,People & Blogs,42369,1190,78
XPJTo9uq8Qs,Top 10 reasons Portland  Oregon is so weird.,World According To Briggs,Travel & Events,97139,1189,126
PxqhU6nEy6c,NASA challenger crew still alive and well,Michael Thomas,People & Blogs,220740,1184,425
Khufcb68ASw,Ex CIA Reveals Mission Critical Info: Kevin Shipp & Scott Greer,The Official Hagmann Report,News & Politics,38874,1126,32
gxBZPCfJvMc,🔴 Did Steve Wynn Suggest Vegas Shooter Stephen Paddock Used A Service Elevator At Mandalay Bay ?,The Choice News Network,News & Politics,166033,1122,133
yfnNzIfl0Ok,Professor Griff speaks on Media Propaganda  Crisis Actors  and Selective History Telling,blackmagik363,Education,73766,1115,64
fl20ouT_4cY,The NBA Freemason Contract PT.II: Starring Wayne Ellington,The Black Child,People & Blogs,132876,1107,70
dewQkIZXfho,You’ll Be ENRAGED When You Find Out What the FBI Just Did– 30 Cities Targeted,Lisa Haven,Film & Animation,105982,1100,125
naEC-OpmgaY,How the Manchester terror attack unfolded,The Telegraph,News & Politics,289737,1092,170
9yK6dI8Lonw,Pigs and Man United By Science AS IN THE DAYS OF NOAH.,RichieFromBoston,Entertainment,27942,1083,41
ahYJJSL_sq4,Ann Coulter DESTROYS Leftist Host In a Debate About Fake News Live On TV,The Right Perspective,News & Politics,53953,1060,37
tDSwYJT2LHg,"What You Need to Know About Yesterday’s #NYC Truck Terror by #ISIS Convert and Radical #Islamist",Lionel Nation,News & Politics,13547,1053,29
T2u3H1nlCTw,Key Intel Source: Trump To Crush The Deep State In 2018,The Alex Jones Channel,News & Politics,38976,1023,54
b1kxYMxM-w4,Anonymous: What Is BitCoin? What You Didn t Know.,Anonymous Global,News & Politics,103921,1003,70
vdt2P98Zwd0,Chuck Norris Talks about Jade Helm 15 taking part miles from his Texas Ranch,America 2.0,News & Politics,432114,1003,672
_eiR_JcnRho,Exclusive Interview with DID 6 Winner Sanket Gaonkar | Dance India Dance | Zee TV,Mumbai Live,News & Politics,78589,992,40
GZKkrbkWJnk,Russia and China Causing the King of the North Great Fear,Israeli News Live,News & Politics,29128,987,72
Tzm_cXnrmRA,Enter The House Of The Temple,Press For Truth,News & Politics,100728,974,120
nctm8MddsLI,THESE Are the Worst States to Live in! RECORD Number of People Will Abandon Their State in 2018!,The Money GPS,People & Blogs,38239,966,53
szi2S8r-6uk,Las Vegas Gunman Stephen Paddock was Anti Trump Far Left Activist,"#SeekingTheTruth",News & Politics,116522,956,582
vHFdFjVNIk0,SEAL VS OPRAH!!! SEAL EXPOSES OPRAH AND GET S A WARNING!!,Mary 40,People & Blogs,26353,953,65
SBMZ_kMUUnk,Something BIG Is Happening! Citizens Speak Up! 2/10/18,thirdphaseofmoon,Science & Technology,64637,931,113
Ix241jg7dBc,WATJ 12: Real History of Thanksgiving & Simon Moya-Smith,RT America,News & Politics,30779,927,66
wXxrmussq4E,New dog-like robot from Boston Dynamics can open doors,Guardian News,Science & Technology,257138,914,81
dXUASPLk5hY,Brother POLIGHT & King Los: Life After Obama Can We Do Better During Trump Administration,iAmBrotherPOLIGHT,Nonprofits & Activism,44909,885,125
oGpWtqdiSCY,Sandy Hook Investigator Stonewalled and Threatened,The Alex Jones Channel,News & Politics,84295,875,23
I-x8AdzC3bw,Matthew Knowles’ Dark Skinned Baby Mama🙄 Colorism Confession 2,Chrissie,People & Blogs,21595,867,75
JQYG5EGfx-A,Social Media Psy Ops - PART 1 OF 3,Richard Hall,Education,35085,846,90
kVOhqHm--hA,Globe Earth Dilemma Doodle,Jake The Asshole,People & Blogs,13365,814,107
CuKKAzvANwE,The North Korea  Crisis  is a CIA Operation On Behalf of New World Order Globalists,Blackstone Intelligence Network,People & Blogs,31392,814,60
x7NITcQgabo,El Gran Secreto que Diana Sabía,Fritz Springmeier en Español,News & Politics,15566,814,12
0TtNJdXWkpo,Proof Directed Energy Weapons took down the Twin Towers,BeautifulGirlByDana,News & Politics,201175,809,136
xbjoGuQuONo,Attentato Londra  il racconto del pugile italiano: “Sorrideva mentre accoltellava gente a caso,Fanpage.it,News & Politics,39025,809,16
M5u6Yx0Y0q4,G. Edward Griffin on False Flags  Global Cashless Society  JFK Files & Elite Creepers,World Alternative Media,People & Blogs,25302,749,21
4JXZXFcK9Yw,Victim of Orlando Massacre Was Ariana Grande s Backup Singer at Disney,Inside Edition,Film & Animation,63594,739,38
5LO5V2CJpzI,Barry Jennings - 9/11 Early Afternoon ABC7 Interview,911veritas,News & Politics,198349,735,17
TIzgIDCZINo,Sports After the Boston Marathon Bombings,Colin Fitzgerald,Sports,82341,727,18
B-zsMiCZOmU,The Satanic Bloodlines,MrLovethyneighbor,Education,128477,715,62
T0pqUaMnOyM,Liz Mackean who fought BBC Pedo Ring & Exposed Savile Found Dead  Thompson NY Times Exposed,Titus Frost,Education,13823,684,14
DDcpgfS4PJI,Rock World Reacts to Terrorist Attack at Ariana Grande Concert in Manchester  England,Loudwire,Music,32137,672,33
tTKfBMWebGE,British Muslims condemn London attack,Al Jazeera English,News & Politics,159101,671,1128
VreMo-De3Kw,EXCLUSIVE: Kenneka Jenkins Cause Of Passing Revealed  Prescription Found In System | TMX,TMX Entertainment,Entertainment,144321,670,90
-ae_QBz2zp0,Truthstream News: How the Globalists Are Raping Africa (and the Rest of the World  Too),Truthstream Media,Entertainment,17583,667,12
MWNBWVHpnbY,MAINSTREAM MEDIA CAUGHT IN THE ACT - Protester Is Actually CNN Cameraman!,Elite NWO Agenda,Entertainment,29027,656,22
XXsW4Od5Rx4,All Wars Are Created by Bankers,Zionist Report,News & Politics,14047,647,9
XA1pR8fkqoA,NATO-OTAN + European Union FALSE FLAG TERROR SHOW,The Black Child,People & Blogs,23123,638,22
gxyzxj0hx2I,Papa Francesco contro la Massoneria ma il video viene censurato dai media,Twitterare,News & Politics,175390,631,54
Xx66105qIYc,RAW Man Films Panic Inside Hooters After Las Vegas Shooting - Part 22,Blackstone Intelligence Network,People & Blogs,37333,614,110
AXr6fkff6zg,Dr. John Coleman on Veritas Radio | The Tavistock Institute of Human Relations,Veritas Radio,News & Politics,67632,610,23
xh7uWChOhHw,‘We have to prove we’re American enough to deserve respect’ - US-Iranian blogger grilled on live TV,RT,News & Politics,27232,598,240
Rwd1tSs2l-M,Hollywood sex scandal expands beyond Harvey Weinstein,Fox News,News & Politics,54960,593,89
HvfEHf8Q5ZI,The Phantom Tyrant: Barack Obama Commentary,theJonathanKleck,Education,12767,583,29
TeFKcU-S22Y,Exposing Child Trafficking - Roundtable Discussion on The Hagmann Report 6/14/17,The Official Hagmann Report,News & Politics,15223,581,17
lmnyFJ7Idyk,The Countdown To The False Flag Event Has Begun - Episode 448,X22Report,People & Blogs,55375,579,61
-1eMujha6Js,This is The Hero Cop Who Shot NYC Terror Attack Suspect in Stomach,Inside Edition,News & Politics,26755,562,17
nPpXCdg-N_c,China Joins Russia in War Shaping New Anti Terrorist Alliance | Latest News HD,Military Update,News & Politics,114943,560,59
gwyqT7rcCYk,London 7/7 attacks: How the day unfolded (montage) - BBC News,BBC News,News & Politics,160219,553,49
2LIiWeq-CY4,Cleveland manhunt for  Facebook-Live killer,euronews (in English),News & Politics,369035,552,591
AvmY5FJ3tak,THIS Is What Happened When Minimum Wage Was Hiked Over 20% To $14!,The Money GPS,People & Blogs,14851,551,59
0sWBjM3ARuk,Mr. Robot - You Think You Know TV?,ScreenCrush,Film & Animation,21549,544,5
LVZynob_4xU,The Globalist Created  Humanitarian  Immigration Crisis: Why This Is Happening Now,Truthstream Media,News & Politics,22102,536,14
e9JNrY6MUzU,El Ebola es un FRAUDE 100% revelado! CNN y NYT parte del show montado,Andrea Alerta,News & Politics,131132,529,55
WSMturJbWGk,US fighters spotted near Raqqa frontline as Syrian rebels attempt to retake it from ISIS,RT,News & Politics,52913,528,97
KdUM8Fe3ddY,Anderson Cooper s emotional tribute to victims,Zachary Alan Betts,News & Politics,80024,518,60
kjxpDu8zS4E,WATJ 14: Culture Wars & Greg Lovett,RT America,News & Politics,21099,514,23
0-6Co6geSw8,President Trump Talks with Survivors of Florida School Shooting 2/22/18,Right Side Broadcasting Network,News & Politics,8447,492,34
eF6DHATvlo0,Breaking:  Did The Illuminati  Deep State  Set Up The Las Vegas Shooting,Paul Begley,News & Politics,21779,489,59
R8g1f6HzFd8,UN Demands All Americans be Disarmed,The Alex Jones Channel,News & Politics,30926,463,29
HvZD7UkJd24,Confrontation Between Lifeguard  Bodysurfer Caught On Camera In Redondo Beach Goes Viral,CBS Los Angeles,News & Politics,240218,451,362
lIJ3cJZg0vI,Akala blames Grenfell Tower Fire on Neo-Liberal Capitalism,KJ Vids,News & Politics,54682,451,61
LS1Nx8L3QTk,Syria White Helmets Humanitarians or  Executioners,Paul of Libra Media,Howto & Style,46591,444,67
-ni_bI8l4u8,"Joe Rogan Experience #170 - Michael Ruppert",PowerfulJRE,People & Blogs,47359,441,31
sIzMqhkgpOs,La Gravedad -- De Trampas se Hizo la Ley y de Mentiras la Historia // Trailer,Iru Landucci // Nur para todos // Tierra Plana,Science & Technology,10360,429,81
Bqsmx28XeZ4,NATIONAL HOAX AWARDS - Most Convincing Female in a staged event,A Parker,People & Blogs,11900,427,8
t2s_-CV1HuM,WHISTLEBLOWER: ALL US TERROR ATTACKS ARE FALSE FLAGS,The Next News Network,News & Politics,13243,417,5
Zyw3JVi7enY,The Summer Isles  Place Where Love Must be Shared | Distant Lands of the Known World,ScrivaTV,Entertainment,26137,415,9
PZp5fP0posI,John F Kennedy REALLY Jimmy Carter ?? (U-Decide),U-Decide,News & Politics,29610,413,67
FT78dRbhtTw,WATCH THIS BEFORE YOUTUBE STRIKE THE HIDDEN SECRETS OF CELINE DION NOW EXPOSED,MAG TRUTH BAM,People & Blogs,5723,406,3
TtNLsVPuWxw,Die Sache mit KuchenTv und meinem Video..,levlonog,Entertainment,8515,401,155
l3fsFOrkjdU,EXPLOSIVE Interview Revealing TRUE & Corrupt Reasons Behind Bundy Ranch Takeover By Govt,Victurus Libertas VL,Entertainment,7508,400,6
i2CyJVuFjhY,Scott Hamilton (USA) - 1984 Sarajevo  Men s Long Program,3Axel1996,Sports,199426,395,31
G2UJxBK2Vao,Beyonce & Bieber Fans & Deniers  Here s Proof that the Illuminati Exist,pocketsofthefuture,Howto & Style,15780,388,19
EyXfK9Iw8Z0,Inside Anderson Cooper s Lavish Vacation Home in Brazil,Entertainment Tonight,Entertainment,91230,388,27
EPk8aPhQYbs,Paris attacks through the eyes of a child,CNN,News & Politics,36431,381,74
T3xEc0cU1k4,The War for Liberty is on!,The Alex Jones Channel,Nonprofits & Activism,19858,378,25
xEsncKIoSXU,Esto Cambiará tu Realidad. 2018,Fritz Springmeier en Español,News & Politics,10801,367,16
7VbIwSkNj8I,GET YOUR POPCORN : Orlando  CERN  Mandela Effect,Face The Travesty,Science & Technology,31965,365,73
Gr_tk6mVDqs,Ben Shapiro - What Really Happened In Texas,Conservative Network,News & Politics,20375,363,25
-iuVffUozaw,Jeff Rense & Tim Rifat - Satanic Hollywood...Pitt-Jolie and Depp-Heard,Jeff Rense,News & Politics,36992,355,27
FrflcvYfTak,Nimrod Resurrection at CERN / Revisiting Nebuchadnezzars Dream,Podcast Affiliates Network,Education,34127,340,67
P9J9LK430ng,PHOTOGRAPHING JACK RUBY SHOOTING LEE HARVEY OSWALD -- BBC NEWS,BBC News,News & Politics,229372,334,41
Wz7dn_oUQZw,Christina Grimmie Fake Death Video & More,LionWarrior28,People & Blogs,49986,325,84
ZOj21WBlUVk,MEDIA MIND CONTROL & FORBIDDEN KNOWLEDGE TV - DARK JOURNALIST & ALEXANDRA BRUCE!,DarkJournalist,News & Politics,25490,324,11
dHT51h2OzNk,I call Besta Pizza (((owned by Andrew Kline))) - Turns into a moment of levity (Comet not answering),PAYDAY MONSANTO,Nonprofits & Activism,10018,319,8
vSFaLD5XSBg,The Fruits of Globalism,The Alex Jones Channel,News & Politics,18005,316,24
xJhJ6Nh8BIo,END TIMES SIGNS: LATEST EVENTS AND NEWS (NOV 16  2017),End Times Ministry,Education,44438,312,27
1mzgb6UnqHE,Mark Passio How Green Language Is Used In Police & Military Occult Mockery,The Great Work,Education,15605,298,17
4dk6GWfNDwA,Proof that there was originally 4 people in the car during the JFK assassination (Mandela Effect),Napa,Gaming,27160,295,54
F9U3lIFSeZA,JL mundo desconocido analiza el film Están vivos,La voz del viento Radio,Science & Technology,14060,289,31
YXxwtFaJQd4,Channeling Reptilian Xerxes,Deete,People & Blogs,12572,289,13
JkiEsx1zqKU,Aston Kutcher Human Trafficking and his Side Chick- Body Language Analysis,The Dialogue,Entertainment,14582,279,26
mMQ0GiN-12I,Los Oscuros Secretos del Mago de Oz,Fritz Springmeier en Español,News & Politics,6192,275,6
4Gy9KYoMhJY,Fake News | 100% Proof the Mainstream Media is BS - How they control the sheep,"#SeekingTheTruth",Education,12134,269,6
Rp51Yg8KC6s,Whistleblowers Shouldn t Be Prosecuted Like Spies: Greenwald on Alleged NSA Leaker Reality Winner,Democracy Now!,News & Politics,14100,267,9
d48hk2uBT3U,Landucci  entrevista en Radio de Los Angeles,HASTA LO MÁS ALTO,People & Blogs,3569,258,11
PdgKSyd3gtg,Sandy Hook Elementary to reopen,CNN,News & Politics,18133,257,1091
_6ii9qyd81g,Police analyzing Dallas shooting suspect’s phone,FOX 4 News - Dallas-Fort Worth,News & Politics,95158,255,35
0o4YukVZamM,"Spitting Truth with Titus - Show 7 - #PinkyGate  Linkin Park #PizzaGate Connection?",Titus Frost,Education,9018,254,14
K5UCk2nOESY,Mr Robot S2 Darlene FBI Scene,Kryształ,Gaming,30752,246,5
WX6zsZL44R8,MATT DRUDGE OVER? 11/14/17 ALEX JONES INFOWARS,INFO WARS NEWS,Entertainment,10498,238,5
VA_qfSPGDrY,March For Our Lives - Last Week Tonight with John Oliver,BlackCopsHD,News & Politics,45855,231,75
qaod4ZVMx0Q,The Manchester Attack... (& LIVE FOOTAGE FROM ARIANA S DANGEROUS WOMAN TOUR) | Amber Greaves,Amber Greaves,Entertainment,9157,228,11
SqgVvL1bhks,Los Más Grandes Secretos de Hollywood 2018,Fritz Springmeier en Español,News & Politics,7002,228,7
eOeVEtMVg4E,"You Live in a False Reality Matrix: Jesuits Erased Our #FlatEarth!",Johnny Cirucci,News & Politics,6525,226,10
CGiGOwPjNx8,Body Count: The Real Story of the Casualties in Syria,LaRouchePAC Videos,News & Politics,11591,225,11
pNtF6tf_8gI,New FBI REPORT - NO ONE DIED at SANDY HOOK - U S GOV REPORT shows HOAX,David Vose,News & Politics,16562,223,13
52LrUgTavf8,Boston Bombing Fakery Exposed,8bitgeek,News & Politics,28307,217,101
q2ncI_Jnfi8,The Mandalay Bay Las Vegas Shooting - Observation,MrCati,Education,18798,217,62
qzyEe3Hpc04,FREEMASON PRISON - HOLLYWOOD  MUSIC  SPORTS  POLITICS...,LXXXVIII finis temporis,People & Blogs,10263,214,8
m5khMFFKslw,KRLD-TV Footage of The Oswald Shooting,JFK1963NEWSVIDEOS,People & Blogs,83158,212,21
--YVk9MkkDc,CNN: Actor James Woods on financial crisis,CNN,Shows,85340,208,33
A02AropdFHE,Coups & Crisis Actors Revealed,The Alex Jones Channel,News & Politics,9983,200,6
UZey557y3do,The Economist Really Hates Vladimir Putin,Jason Unruhe,News & Politics,2854,195,10
CH7Ms8-wae0,2014 Why is DHS Department Homeland Security buying so much ammo?,u2bheavenbound,News & Politics,38958,193,14
ebm6e5MYPB8,KSI VS LOGAN PAUL boxing match is HAPPENING (Snapchat Stories),The Inside News,People & Blogs,238,184,2
no76HLI_d1s,Tucker: Citizens Have to Defend Themselves,The Liberty Hound,News & Politics,1467,183,1
ytXGJEq5xC0,Texas School Just Made Staggering Change After Florida Shooting That Has People Furious,Top Stories Today,News & Politics,5205,181,4
z7EgxYeHqBU,Exercice militaire du 13 nov à Paris - FALSE FLAG au Bataclan?,Peter Moore,News & Politics,26133,178,16
LA0bRnHkPEE,Whoopi Should be Fired  Ben Shapiro FIRE At Whoopi Goldberg,Conservatism,People & Blogs,12143,178,17
0J7WIzKVev0,The Star of Remphan/Molech/Satan - NOT the Star of David,The Nights Watch,People & Blogs,9479,178,7
hUVFxyRQ8YI,Def Vlog 23.0 The Webb Of Good Man?,Defango,People & Blogs,3736,175,42
WDw2Xgnj7CM,100% Proof Israel = Rothchild  Inc.,Victurus Libertas VL,Entertainment,4469,172,17
dc0-opxfJLk,Alex Jones (3rd HOUR) Tuesday 2/13/18: Round Table Owen Shroyer  Roger Stone  Gavin McInnes,Ron Gibson,News & Politics,11044,168,12
uRiXZbvcRf4,ROBERT DOWNEY JR EXPOSES THE REALITY,Higher Truth,People & Blogs,9410,167,8
ZvLmsjFGEjM,Peruvians Angry at Anderson Cooper for Giggling Uncontrollably at Miss Peru s Costume,JonStewartKnows,News & Politics,34586,167,30
eXiJjeTWJvk,Gunshots at Planet Hollywood,Alexandra Bruce,Entertainment,14300,167,10
TJzHhGFOjNY,Does Parasitic Skin Disease - Morgellons - Even Exist? | NBC Left Field,NBC Left Field,News & Politics,33494,163,22
pn1dUQJ0Nns,ARD Faktenfinder selbst Fake News? Wirbel um CNN Dreh in London,PoshGeek,Entertainment,4919,162,6
WeCCpMzDyzI,Richard Dolan | Understanding False Flag Operations In Our Time,EuropesHeart,Education,9323,159,4
tbhtmOQGIdQ,Yvette Felarca vs Chad Nationalist - Berkeley Milo Protest - (What is Going on With Her Head?),The Last Stand,News & Politics,7221,158,2
cVz3hpxdCfw,Raw: Man Flees London Attack While Holding Beer,Associated Press,News & Politics,194136,158,49
5C1CDFhR7jM,A Simple Key to Having a Successful Life,pocketsofthefuture,Howto & Style,4297,156,7
hQbBSxooz_I,The Pleasure Principle - Matthieu Ricard  Zeitgeist Europe 2013,ZeitgeistMinds,Science & Technology,19416,154,5
_8080vdeZAk,Are Deaths In Police Custody Being Miscategorized As Excited Delirium? | NBC Left Field,NBC Left Field,News & Politics,6648,150,19
Jg7FJqg0LLk,BUSTED! OBAMA FAKE CRYING EXPOSED! PROOF,Penny University,News & Politics,11078,148,23
Y9CMcCYg-KQ,[:SITD:] Trauma:Ritual - album preview,[:SITD:] official,Music,11919,147,4
B45Aig55nOw,Manchester Arena Dash cam Footage Shows Flash From Explosion At Ariana Grande Concert,ImMikeRobertson,News & Politics,91334,146,68
reD86MqqFbg,Beheaded” James Foley is NOT James Foley,Face The Travesty,Science & Technology,93166,144,95
KntOVlhjJzw,Dallas Police Shooting Witness,PS4&Beer,News & Politics,20865,142,4
gY0vSVXFhrE,32nd Floor Window Las Vegas Shooting Hotel Latest Footage,Cover SongsVs,News & Politics,102380,136,71
Z2X7J3So8G8,Amoklauf in Florida: „Wenn du die Waffengesetze nicht änderst  wirst du nicht wiedergewählt“,WELT,News & Politics,7826,133,19
SFXhtP_o81M,1/13~ CRISIS ACTORS IN VENEZUELA?! US DIRECTION UNCOVERED!,Florida Maquis,Education,2382,130,6
qid9sE51d1k,Bizarre Glitch During Q&A At The 8am Press Conference (12/15) :Newtown Connecticut School Shooting,HistoricalRecordsVLT,Education,94794,129,8
YhrU42iInKI,Munich Shooting Hoax. Thamina Stoll (Richard Gutjahr s Daughter!) 20160722,BrotherSpartacus,News & Politics,4831,127,28
DWK0vidB_nk,An Interview with FireFighter John Schroeder,Andrew Dilworth,Nonprofits & Activism,10634,124,5
NS1pzahMbyw,THE ILLUMINATI NUMBERS BEHIND THE CHARLESTON CHURCH SHOOTING HOAX  THE SCOTT SHOOTING  ERIC GARNER,matthew nicholson,People & Blogs,1562,123,2
VdpgsrTzWNI,Q anon breadcrumbs  LV  SA  Uranium one/  DNC  hack /Seth Rich murder  etc [edited version],julzee,News & Politics,5235,123,3
RIRCuEWkFE8,London fire; the man who knows where it went wrong.( NB; fire happened on Wednesday),Adeyinka Akinwande adeplayhouse&dcomrades,People & Blogs,31668,121,42
MK3sC-4KA1o,The Paris and Copenhagen False Flags In Detail by Ole Dammegård,Free Brendon O Connell!,Education,14802,121,13
vQ4kzym3eZE,Full Scale North American Union Ops Beginning September 2015,Libertas Bell,News & Politics,24884,120,13
tbNiDgM57Y4,Confessions of a CIA Drug Runner,kollyvades,Education,12216,116,5
5brjSRl_qSE,SHERIFF DAVID CLARKE  DESTROYS FAKE NEWS CNN,just looking for truth,People & Blogs,4256,116,6
_-2TIGrXhhU,Donald Trump Exposes the NEW WORLD ORDER! MUST SEE!,Truth Matrix,Entertainment,2996,116,2
3IzbwhJgbBs,BBC Want s our footage 9 11 Cover up anyone?,SriLankerC,Education,3305,115,2
wtiilDOdSH0,Inside Sputnik  a Viral Internet Machine Funded by Russia | NBC Left Field,NBC Left Field,News & Politics,51780,114,56
LxA92GapArw,The AIDS myth unraveled,RT America,News & Politics,12677,113,16
Y4SoNOqBJHw,This will Blow your mind - Trump  Hawking and Fake News,TheReal SlimBrady,People & Blogs,23004,108,49
KQVIVUHAkzo,FLAT EARTH BRITISH  Peaky Saku.( Grenfell tower fire).Tells me to Delete the video on Him?,Martin Liedtke,Education,5784,106,29
siw2fhthIOU,Evidence They re Engineering 2 Major False Flags In 2018,JW Tv,Science & Technology,3572,104,6
bUlvrkUvLqM,Las Vegas 100% Vertuschung (Oliver Janich´s zensiertes Video),genug ist genug,Nonprofits & Activism,3972,102,4
2S8d4UHQohA,48 Hours Mystery NEW Dateline 2016 NBC Mystery No Remorse More Murders,Enrique Untajana,Film & Animation,56990,102,47
AVRq50R5Ta8,Foyer video - Manchester (vidme),UK Critical Thinker,People & Blogs,4442,98,4
57R-joOX8AQ,Whistleblower Says They Are Here,Urban Prepper1,People & Blogs,7425,97,12
5Akpk6R9w24,Government Loophole Magic - Does It Work? Find Out Here,Government Loophole Magic,People & Blogs,8125,97,29
SoIwIWjIdCg,The New World Order World War 3 Globalist Agenda: Mutual Destruction of World Super Powers,Scott Wilhelmsen,News & Politics,41567,94,42
kYY3lmwDXGg,Cop Lies Says Recording him is Illegal,Jason Unruhe,News & Politics,1050,93,2
02otOOpeMss,Jake Morphonios: Las Vegas Real Facts  Alt Media Crackdown,Transformation Talk Radio,Entertainment,5691,93,5
M50bgS0r-HM,Julian Assange vs Edward Snowden,Jason Unruhe,News & Politics,3206,92,5
slgEyf49Zzo,Attentato Londra ecco il momento e il rumore degli spari,EnGiEl _EGE_,News & Politics,63973,92,18
sseRkb2XWZU,Las Vegas Shooting-3 Tropicana Hotel Strike Team Video Answers and YOUR HEROES,nserve,People & Blogs,15428,91,33
geR5Oblr21Y,Imminent • Synapscape :: Virtual Retaliation [Official Video],Dominic F. Marceau,Film & Animation,4098,91,3
WlSqyfZ-xoE,Resident Evil Outbreak: Below Freezing Point Clear  Alyssa%,Avoiding The Puddle,Gaming,3251,91,4
1daM9ZHp81c,If you don t see it s a false flag  COME ON MAN!,Mit Kribop,News & Politics,23186,88,46
oMEfAeJ1h2M,Ersin RAMOĞLU CIA’in Reina’daki parmak izleri,sesli makalem,People & Blogs,9467,85,1
o5WbXJEPCSg,Video Proves Stephen Paddock s Body Staged | Did LVMPD lie?,5X5 NEWS,News & Politics,3159,84,7
XUICX4y9m1o,The Listening Post - Covering the Grenfell fire: UK media in the spotlight,Al Jazeera English,Shows,10526,83,5
zP86dVpsV6k,Ariana Grande concert-goer describes explosion at Manchester arena,The National,News & Politics,14309,82,171
1Chnm_DLAoQ,Has the Dept. of Homeland Security Become America s Standing Army?,RutherfordInstitute,Nonprofits & Activism,6194,75,5
Yj5eKn9KWv0,London: More fake  terror  propaganda  2 incidents on the same day,Kent Freedom Movement,Education,2052,75,4
gCoB3NO0_Dg,Manchester City  Bronx & Grenfell fire rituals +Dunblane & Sandy Hook school shooting hoaxes,Zachary K. Hubbard,Education,1601,73,9
rJXaxNTeIe8,Anderson Cooper Exposes Himself as CIA!,ukoriful,People & Blogs,18203,72,40
Y95saLw0ZHs,New Details of Gunman Adam Lanza s Movement Inside School,ABC News,News & Politics,44487,70,25
C_Vj0H-wb5w,Mass Casuality Training Drill During Amtrak Derailment,Shaking My Head Productions,People & Blogs,1493,70,2
fl2GLhevruQ,NO WHITE HELMETS IN ALEPPO - SAY SYRIAN ARAB RED CRESCENT,vanessa beeley,News & Politics,3306,70,1
6eMXIBdgPVA,Mobile phone footage shows moments after killer Elliot Rodger struck,The Telegraph,News & Politics,24471,68,29
1tTDJsVTNeE,Boston Bombing Pt 2 - False Flag? You decide - The Players,mumofgraveypie,News & Politics,18011,67,11
SnhHlf3t4vI,Ohio State Stabbing  Crisis Actor,Lift the Veil,News & Politics,1736,67,6
Vda8yhmI2-k,MEET YOUR WHO?,mark seylon,People & Blogs,1336,66,5
OM-X-udi0E4,Las Vegas: Todesschütze Paddock hatte offenbar einen Fluchtplan,WELT,News & Politics,9925,64,6
RxOE5QEBCRA,Mandela Effect: Google Earth: City of Naypyitaw,Lone Eagle,People & Blogs,2776,63,22
fWWgUMkFkdI,Dance India Dance Season 6 Winner and Runner Up 1st  2nd  3rd and 4th | 2018 ||[YES INDIA],Yes India,People & Blogs,5895,63,5
LkyCEkFHEpo,Meet the Trump-Inspired Teens Who Want to Be the Next Face of the GOP: NBC Left Field,NBC Left Field,News & Politics,7656,61,22
rbYMOU0rOck,Solomon Island Giants?,GLOP GodlovesOurPassion,People & Blogs,5001,60,4
aexVjyoZ6o4,The Assassin Proved To the World JFK was a Fake--No Real Blood!,Uroš Pinter,Film & Animation,24888,60,49
7hcxIkvgOEI,Mandela Effect: What Old Flat Earth USED TO LOOK LIKE...IMHO,Lone Eagle,People & Blogs,1453,55,10
L9TZRuDNIOM,Las Vegas Paradies Und Hölle Zugleich Doku,Latashia Lesia,People & Blogs,35586,55,35
3_zrWEFPEU8,Part 10 Sandy Hook attends the Boston Bombing,mumofgraveypie,News & Politics,11257,54,9
U72l14WNoW4,BBC and AL Jazeera fake the news in Egypt and Syria,Paul Bennett,People & Blogs,5459,54,2
_fHsJXPbMJg,Poliziotto Ferito a Morte Vede Gesù Cristo Durante Conflitto a Fuoco | Testimony,Alpha Resch,People & Blogs,4737,53,2
z3MV3hKFILA,BBC Caught staging Syria Chemical Weapons Propaganda 2013?,Sooty,Nonprofits & Activism,7656,52,16
rKQMvU-OjT4,Las Vegas False Flag - Crazy Brother Interviews are Hilariously Bad,The Paulstal Service 6,People & Blogs,2089,51,3
h1YvUV6DLn4,Plod Give s The Game Away - Parson s Green Terror Hoax,Beat Worship,News & Politics,2157,50,3
kx-BXfKopbA,To this Sandy Hook mom  ‘every day we waste  more people are dying’,PBS NewsHour,News & Politics,1882,45,32
GZKCCnSzkNE,Berlin Weihnachtsmarkt hoax fake flag Anschlag Betrug Lüge Schwindel REUP von Morgenstern 2035,chemtrail2009,News & Politics,5040,45,5
k3GcSMdOtB4,Dr. Ted Broer: 10 Foods Not to Eat,Alexandra Bruce,Entertainment,3502,45,0
XWdLOru8E8w,"illuminati reptilians MUST FLICK OUT THIER TOUNGE 1#",Son Goku,Gaming,4578,43,7
7xDabmKeW0M,Ft Lauderdale Airport Shooting (Viewer Discretion Advised),RedAlertLive.com,Entertainment,40689,42,30
PmwiyhdR3M4,Florida students take action after high school shooting,CBS Evening News,News & Politics,6162,41,86
AaGG82Qo4IA,Dallas Shooting Fireworks Show - WARNING; You Are Being SET UP by FEMA,NowTheTruthTV-10,People & Blogs,976,39,1
rJwqoly0OwA,Boston Bombing A FALSE FLAG? RAW FOOTAGE and MORE  Is This A Precursor To The NWO????,INFLAMINGFIRE,Education,20801,36,24
4HNeeqcCN1Q,TERRORANSCHLAG FAKE - BARCELONA/CAMBRILS/CHARLOTTESVILLE - KLIMALÜGE -,American Supps,Sports,1944,36,7
XNeXQYGyEWk,Las Vegas shooting Fake? Real? 50 dead now,Ghostrider,Education,12145,35,17
C-Md3IDSwL8,Crisis Actors  Media  Exploiting Kids. From Syria to Paris.,dr Meno,News & Politics,3008,35,3
-RRvDwDjS4k,Oct 3  2017 Las Vegas False Flag: My Sons  Questions On Shooting,Hard News TV,News & Politics,1312,34,3
5-hmcv6eqqU,Elliot Rodger: The Question No One is Asking,R.A.W.W. - Raising Awareness World Wide,People & Blogs,6366,34,24
MQEiSTKJFBg,Bomb  Bomb  Bomb Them Again: No Agenda Show Outro Mix,Scott Wilhelmsen,News & Politics,2059,34,2
C9YB-Rjsdt4,MAFIA S ROLE IN THE JFK ASSASSINATION,RICK THORNE,People & Blogs,6198,34,10
PHGhBaVlJkE,APOSTLE LAURA LEE LIES  PROOF IN HER OWN WORDS!!!,SANCTUARY OF JESUS CHRIST,Education,2756,33,9
AjbuAsJpn6A,Nothing on Screen is Real (Not Ever been),Sleeping Apples,Comedy,2251,31,3
qO3OvtcZPo8,The History of the Neocon Takeover of the USA,Alexandra Bruce,Entertainment,3114,31,1
vXuX75RnxOY,Debunking flat Earth Debunker,Scooby The Gambler,Science & Technology,2807,31,20
XSgi6Rc9jPc,ANP - JADE HELM 15: Something Very Wrong Coming To America This Year,Citizen of Gotham,Nonprofits & Activism,1882,30,0
2TMsQfxD6XI,Update on the Craigslist ad for the crisis actors from Aug 3-6.,Barnone11970,People & Blogs,979,30,6
PUerO3hgTkc,London 3rd June  Attacks   More Strange Footage? Scarring after ONE day!,ObeLines,People & Blogs,764,29,1
3qzTVoUGGSs,Bob Marley vide Gesù Cristo sul Letto di Morte,Alpha Resch,People & Blogs,1816,29,4
83ux2fIm8_4,Dallas Shooting Hoax and the Traitorous Doctors (Re Upload),Stop the Psyops,Nonprofits & Activism,1468,29,7
caAtNW5fFnU,Zapruder Film-Psyop and Auto-Gymnastics,Racerkey999,People & Blogs,2412,29,2
3PFjH3trtf8,Noticias fabricadas y actores de crisis Nº 2 - BBC Cazada por colar el mismo ataque dos veces,Desmontando a Babylon,News & Politics,1297,27,0
0ouFt5TV53E,Masacre de Newton: La burla de las autoridades,ArmasContraGuerras,News & Politics,5783,27,2
W6I9n8471yc,Flat Earth History  and the mariners.. and falling off the edge,Kaptain America,People & Blogs,754,27,8
_xmS18pweNk,Laural & Hardy  CRISIS ACTORS,TheKimrob,Education,1947,26,3
W2769aa6l2s,Anderson Cooper CIA ~ Anderson Vanderbilt Bloodline of the Illuminati ~ TV SHEEPLE lick it up,Guido Congetti,People & Blogs,3026,26,2
GlncOJZJdzQ,TERRA PIATTA - FILMATO CUPOLA,Domenico Russo,Entertainment,5751,26,27
fjk5gKxcB1c,Flat Earth Analysis of Mark Sargent on GMTV [mirror],Gordon Bennett,People & Blogs,7127,25,42
fyRu3WBssLY,Grenfell Inquiry: survivors and families wary of high court judge,I Am Incorrigible,News & Politics,2393,24,3
4dJMBiP8X0c,Trump politicizing the Florida shooting with Russia collusion tweet?,Fox Business,News & Politics,746,23,19
MPG7gPkh4MM,Drone footage Manchester Arena Bomb Damage,RavenPrecept,People & Blogs,7481,22,24
FFit68V5KTA,London Fire Brigade - hoax calls,LFBWatch,Education,9818,20,8
tVZRbfmZlZI,Was the Manchester explosion a false flag? Smoking gun info might be ( read below),Brandon Nagley,People & Blogs,4813,19,10
FZFcyyrPtTw,Nanotech  Morgellons..OK this is officially getting scary!...,Galactic Guru,Education,891,19,1
5ych7v1Gqb0,Adam Lanza s body claimed,snow angel,People & Blogs,5732,18,6
3MhY3e_1SwQ,JFK Assassination: History as a True Crime Story Lee Harvey Oswald (2013),Cisef Borikepah,Film & Animation,4875,18,19
OUONllnjx1Q,This Time Could Be Different: Why the Florida School Shooting Could Bring About New Gun Control,CBN News,News & Politics,430,17,5
Edxc9cjiuuo,Seattle false flag SUB attack is Next,SPUD U_LIKE,People & Blogs,362,17,1
FRayUCDnzyM,ISIS ACTORS EXPOSED SHARE NOW,Organised Confusion,Nonprofits & Activism,1019,17,5
cnxerwvOdno,Florida gun owner gives up his AR-57 after Parkland school shooting: ‘I will lead by example’,ABC Action News,News & Politics,2772,16,30
dJdeHyQ_6S4,Florida Shooting posted 2 days BEFORE event on Google,kicktroolinface,Science & Technology,163,16,0
JSOPHVzk8Mk,Russianvids - CNN Fake News Sara Ganim Duping Delight Bill Clinton George Bush Barack Obama Ad,Zack Greevey,News & Politics,325,16,0
PsGwIggCv6A,London Bridge Hoax - Worst Thing We Have EVER Seen,NOP da CALL,Gaming,2107,16,3
fMmk8DN1xZs,Anger at Grenfell tower residents angry  Sadiq khan Sky news  Fu** YOU!,Cwshty-Griff,Entertainment,10113,16,1
JaYO_C7cUus,The Obama s Fake Marriage Barry and Mike,Anthony 2 b.,People & Blogs,842,16,0
xvVoKZ-y4fQ,The Cloverfield Paradox  Cern & Why are they Agreeing with Truthers?,pocketsofthefuture,Howto & Style,150,15,0
qHIOixbVOps,Nurse Friends W/ Nancy Lanza @ Sandy Hook School?,TheKimrob,Education,2183,14,1
mRLyyHqVEwA,Las Vegas sandy hook medical examiner whattt,ryan truth 1,People & Blogs,497,13,2
W0tZISGYSZ8,Manchester Arena Hoax News Propaganda Breakdown,Titan Anonymuos,People & Blogs,455,13,1
b-Rt-5_tiJE,REENACTMENT OF FBI QUESTIONING ME ON JH15! **NOT MY VIEW**,James Casale,Comedy,2643,13,15
jPHYlcUZ1iI,Who Was Behind 9/11? Best Evidences & Witness Testimonies (Ep.4),The Black Banners of the East Satellite Station_قناة الرايات السود المشرقية الفضائية,Nonprofits & Activism,106,13,0
kjiuPXVERYE,Mark Walsh on Fox and Friends in 2002,falcon6073,News & Politics,9037,13,0
h_QPkwB8838,President Donald J Trump - The Trap is Set...,Jordon Rains,News & Politics,1167,12,3
6fWFqgh285w,SANDY HOAX ~ STEPHEN T. BARTON - BATMAN HOAX SAME ACTOR IN BOTH (CRISIS ACTOR),dauntless1100,Education,1031,12,1
ayUDBVmezn4,Trump urges a bump stock ban and stronger background checks,CBS News,News & Politics,1444,11,23
HL82aUjktFY,Crisis Actors Exposed Part 5,LionWarrior28,Entertainment,1009,11,2
SIRpledPjVU,22 Seconds That Make No Sense - The New York Hoax Investigation,The Voice of Reason,People & Blogs,106,11,0
ZlU1WFCUj6Y,The Vegas shooting and Sandy Hook: parallels,andy nowicki,Comedy,351,11,0
F_hIoI7cXEs,Russianvids - Tim Tebow Exposed. The Occult Of 33 & The Masonic Ribbon,Zack Greevey-2,Education,323,11,0
InpJxNn0RUQ,THIS FOOTAGE HAS BEEN DEBUNKED!?,KASLOE THE PSYCHOE,News & Politics,1729,10,3
5Tq8aMc8RRk,WARNING  Graphic Video: Shooting at Fort Lauderdale airport (video: @islandvinensports),PalmBeachPost,Comedy,60859,10,48
x0dXsW5XlGc,Sandy Hook s Dr Wayne Carver as  Wayne Griffin  UFO Witness,HerasBlog Dot Com,People & Blogs,2581,9,11
UGMmO4eJx3M,Full Interview With Eric Paddock - Brother Of The Alleged Las Vegas Shooter,Don Draper,People & Blogs,4608,9,3
qVcwH0T7_B8,Perfect Scenario for False Flag Event Winter Olympics 2018  Blame NK,dr Meno,News & Politics,509,9,2
zpKyQPOl7rg,Moment London Police Shoot Terrorists Hoax Video,WTFworld,News & Politics,247,9,0
va8zSec-RqY,Bruxelles hoax - most ludicrous crisis actor Emily Eisenman,Italian Hoax Watch,People & Blogs,115,9,0
hwBCA_Dkq7k,Our Outmoded Disease Model – Dr Nick Delgado,Alexandra Bruce,Entertainment,1601,9,0
KHDkVaDcsNU,Ab Freitag wieder da! Unico is one thicc bih,HeyUnico,Entertainment,44,9,0
XtShZvH3bEU,Florida Coward Cop,News Now Yucaipa,News & Politics,120,8,1
0cFXYgvnkME,Funeral held for Manchester bomb victim Olivia Campbell,chester white,Entertainment,1240,8,2
_OtORqAoWNw,Brussels Bombings PsyOp Crisis Actor Mason  EXPOSED,BeyondInsaneTruth,Education,151,7,0
kJNKPWnlnO8,Hoax or Coverup? Buckingham Palace Escape,Anarky,News & Politics,1637,7,5
ximYTKSNReI,LAX Shooting Hoax Witness Nick Pugh is Mark Walsh Harley Guy From 9 11,ciocod,News & Politics,1030,7,1
7hNdrhM84og,Matt Schuck Joseph Kent Interview,One America News Network,News & Politics,1019,7,2
7Wg6UwDC5A8,"#Grenfell resident recounts evacuation | Grenfell Speaks",Grenfell Speaks,People & Blogs,585,7,0
MgaNaAphKs4,Frast - СтопХам (Stop A Douchebag),Sann Ingen 5,Nonprofits & Activism,221,7,0
Mng7aE4BPrw,Orlando Hoax tard - Kearnsy  Bullshitter  74 Lies EXPOSED -- PART TWO,BzTruetalk,People & Blogs,202,7,20
9ydkFR0Soyc,Low Tech Great Vacuum Sealing  Cheap & Easy Food Storage  Prepper  suvival  tribulation  DIY,PunkinHead,Education,3677,7,4
97f_RLg-4v4,IAMJYOUNGIN- OPTIONS (REACTION VIDEO) ‼️,Truu’s Mafia,People & Blogs,29,6,0
EBrmRX5ie0w,Dozens of students rally at Florida Capitol,Newsy,News & Politics,165,6,3
h29oFcJfIhY,Amtrak Train Crash 188 Crisis Actors,BrewingWaves,People & Blogs,391,6,4
sRo_qwlY23A,Please Subscribe to Stop a Douchebag and Stop a Douchebag SPB!,Sann Ingen 5,Nonprofits & Activism,262,6,1
ovZdjMXGXwA,LAS VEGAS MASSACRE FALSE FLAG PROOF 1,HUMAN RIGHTS CHANNEL,Travel & Events,563,5,2
JdULht83sNk,YouTuber Shot Dead Channel Growing By The Second,Anarky,Entertainment,797,5,0
g_-X-zIJuKU,Trump s New Tax Plan Explained In Five Minutes (mirror),Gordon Bennett,People & Blogs,171,5,0
lt9FMIiU_pE,Gb  Londra: parlano i testimoni dell attentato a Westminster,euronews (in Italiano),News & Politics,3835,5,2
DS-jtidZAO0,Duping Delight With Crisis Actors - Vegas and Manchester,Zack Greevey,News & Politics,247,4,1
4x50FI2ywPQ,Warning Extremely Graphic St Petersburg Train Bombing Unseen Footage,WTFworld,News & Politics,597,4,1
ssop2UR05zI,Dramatic CCTV Footage of Times Square New York Crash,WTFworld,News & Politics,209,4,0
FRVcHMFHk_I,Why I hate gamblers (Stephen Paddock  Vegas shooting example) SFTU 2326,Russ Lindquist,News & Politics,115,4,0
avDSfoNjgdk,The Kennedy Masonic Hoax The Occult Of Elm Street And The Trident,albert 17,People & Blogs,134,4,0
ZzC_BDbpweo,EboLIE Clipboard Guy is Explained By CNN ROFLMAO! Ebola Hoax,Soluthes Sethulos,Education,372,4,0
4hY7lgATvbw,Le fake news circolate dopo l attentato di Manchester al concerto di Ariana Grande,Italianamente,News & Politics,685,4,0
5Nc273H7EZQ,Curved water debunked with Legos,Scooby The Gambler,Science & Technology,67,4,6
A_JIOJrouh4,Crisis Actors Used At Sandy Hook! Special Report,DefendForLiberty,Sports,1127,3,0
GzVU2LQxXOs,Cali shooting hoax,Anthony 2 b.,People & Blogs,237,3,5
2WPwCGSiYR8,Targeted Individual I was set up plain and simple for speaking out,Raise a Little AL,People & Blogs,53,3,1
UvD6W-nSpZ8,Brussels Belguim Hoax Crisis Actors Starring Freemason Wells,Miguel M I,People & Blogs,78,3,0
pURBjHU5QCk,▶ Sydney Siege Hoax CRISIS ACTORS GALORE!! Get a BUCKET ready!,Tfc Drew,People & Blogs,229,3,2
H3Y89xtaYTU,▶ Santa Barbara Shooting Hoax ILLUSIONS! Bianca de Kock Shot 5 Times!,Tfc Drew,People & Blogs,24,3,0
rrp-AfYeozc,24/7 Halloween Music  War of the Worlds  All October,dr Meno,News & Politics,29,3,0
2C3OrudPNUw,Five Years After Sandy Hook  a Mom Who Lost Her Son Fights Gun Violence,Education Week,News & Politics,876,2,23
vzcLICmYTVE,Sweden Stockholm Truck Attack Hoax 4 7 2017,albert 17,People & Blogs,99,2,0
JB_wWoxsE7s,WARNING  Graphic Video: Shooting at Fort Lauderdale airport (video: @islandvinensports),PalmBeachPost,Comedy,12976,2,4
VBsLyPNTu0k,miley cyrus admit s shes a reptilian,Son Goku,Gaming,876,2,1
29DA3ef5q3A,Music-The Devil`s Quran part 2,salih ay,Education,272,2,1
aa3grKn99RY,Justin Bieber and Selena Gomez Pack on the PDA at His Father s Wedding in Jamaica,Aban Deutschland Nachrichten,Entertainment,20,2,0
xu3I8L6tYSU,Are Carrie Underwood & Husband Mike Fisher Getting Divorced? They Break Their Silence After Rumors,Aban Deutschland Nachrichten,Entertainment,6,2,0
WB-rAzOKcd4,140VDC @ 16 800uf VS Pop Can Kerr SNAP  DIY spot weld MAYBE,PunkinHead,Education,404,2,0
NLE75nZZ_oY,Trump Jr. Liked Two Parkland School Shooting Conspiracy Tweets,Wochit Politics,News & Politics,377,1,6
gWE2ciJpWaY,The Raid Redemption Machete Fight Scene (Jason Youth Remix),LionWarrior28,Entertainment,305,1,2
EROWMdrs2EM,"Breaking News!! Officer Darren Wilson not charged in shooting of #MichaelBrown #Ferguson",GhostofFawkes,People & Blogs,21,1,0
kEaon8Vzn58,Manchester Bombing! Are these the parents of Olivia Campbell ??,groovANDsooth,Comedy,318,1,1
SHPp0HemxE4,▶ Ottawa Shooting Hoax Rex Murphy = CBC Mind Control,Tfc Drew,People & Blogs,61,1,0
EDG2yvwycPA,Apollo 15 flag movement,Gordon Bennett,People & Blogs,167,1,22
KJNB-sVcjIQ,1 David Aaronovitch ‘The Brexit generation is dying out’ Viewsnight (mirror),Gordon Bennett,People & Blogs,10,1,0
_zYh-FV4V3Q,Warner Music Dominates 2018 Brit Awards With Best-Ever Haul,Aban Deutschland Nachrichten,Entertainment,10,1,0
wX2LfeUGqDA,LAX False Flag Hoax - Nick Pugh Interview Contradictions,The Paulstal Service 6,People & Blogs,14,1,0
I9sSaxraNHw,David Shapiro on why the JSE will boom in 2015 - and beyond,Alec Hogg,News & Politics,1976,1,2
pPCkAnIA3a0,Angry Face Guy David Hogg Still Blames Trump And Not FBI,News Now TV,News & Politics,37,0,1
SGpPmpfbWJ4,Targeted individual tells the truth & gets wrongfully Dismissed from job and duty s,Raise a Little AL,People & Blogs,30,0,1
_t6YXDgNvSg,crISIS Actors exposed rehearsal,Killuminati Soldiers,People & Blogs,96,0,0
oYdK37PFQ5I,Going down the rabbit hole with Ben Davidson of Suspicious 0bservers!,GhostofFawkes,People & Blogs,28,0,0
n9Av0r9KSCU,The Mary Tyler Moore Show S07E14 The Critic,TheDudezer,People & Blogs,29,0,0
LAi34irS7Ws,"PurePlayinSerb Part 2 NBA 2K League Combines 4x Rank 1 Player in World about to #ProveYourself",Michael Mitreski,Gaming,21,0,0
MXLMCDsLltw,"PurePlayinSerb NBA 2K League Combines 4x Rank 1 Player in World about to #ProveYourself",Michael Mitreski,Gaming,1,0,0
aFsankZo3aI,Hummingbird seems to change color in a fraction of a second,PunkinHead,Education,254,0,0
oiONa86exY8,FLORIDA SCHOOL SHOOTING WAS REAL GET OVER IT,Side Thorn Journalist,People & Blogs,466,,
yUfWyZv46E8,Wolf Blitzer DUAL ROLE Gene Rosen Sandy Hook? Looks Like It.,Apostle Laura Lee - Church of Philadelphia,Education,1518,,
K_aSMSwYMtI,Grenfell Tower Fire - Not a Hoax,Solar XD1,People & Blogs,1029,,
eXjeX0vLt58,Who Is Actually In Control Of Evil?,Tearstojoyministries.org,Music,20,,
bIYds_mugoo,Charleston church shooting false flag conspiracy for gun control & race war,NoWorldOrder.com,News & Politics,15388,,
QIsKdyG6uJw,Proof: Vegas False Flag Actors Hired Weeks Ago on Craigslist,Pizzagate Child Trafficking Rings Exposed,People & Blogs,572,,
P7YQleFTGvU,Something Wierd About The Florida Shooting & Las Vegas,Wendy Mitchell,People & Blogs,401,,
lVTacScctJM,We Believe You (Rape Crisis Tyneside and Northumberland),The Administrator,Nonprofits & Activism,2183,,
1iUv6ou0OJ0,21 Signs Of A False Flag/Shooting/Terror Attack! HOAX!,Sann Ingen 5,Nonprofits & Activism,72,,
b35DWR41KJU,JFK Assassination: Truth and Shadows,Jobert Jefford Paulson,News & Politics,34945,,
FHrxZNH3YhQ,SECRET PLACE MINISTRIEZ STEVE HARVEY & THE MASONIC CONNECTION TO HIS SUCCESS,SecretPlace Ministriez,Education,113316,,
_C-EZ9861rs,Germany France Attacks Witness Richard Gutjahr s Wife Einat Wilf to Become Israel Prime Minister?,futurevideo10,News & Politics,1045,,
iHAYGWSljgk,Richard Gutjahr is World s Luckiest Man Alive,futurevideo10,News & Politics,726,,
z6uurD5acbk,The Reality Winner Psyop,Newsbud,Education,4390,,
AlBSvoJMqWg,Wikileaks Julian Assange Crisis Actors and this Crazy election,Stasha Eriksen,People & Blogs,398,,
I9kMfb1wDME,AstroNumeroDemonology : Babylon  HarutMarut  YajujMajuj  Queer-James  Imperialism  Dajjal  Jassassa!,Human Melody,Education,269,,
in_6OY194qs,The Bankrupt Person on the Day of Resurrection,Human Melody,Education,581,,
O1TfqHVFNaI,Shocking! 100 s of Pokémon Go Players Jump to Their Death Into Large Pokemon Hole,futurevideo10,News & Politics,1000,,
qno-W-jvyqs,Interview mit Zeitreisenden aus Jahr 2666 über Reinkarnation Geheimwissen und Zukunftstechnologien,EBURD,Entertainment,38721,,
Rhhyc8yFfMQ,TEDxSoCal - Nick Pugh - The Future of Painting,TEDx Talks,Science & Technology,18379,,
-C_rvt0SwLE,Imagine Dragons - Next To Me (Audio),ImagineDragonsVEVO,Music,5758781,303602,4347
8LPVjHxXvJM,Jimmy Interviews Cardi B,The Tonight Show Starring Jimmy Fallon,Comedy,15543129,284616,14508
ePd3dL7C-CM,EPIC SILVER SURFER HALLOWEEN COSTUME NYC!,Jesse,Comedy,5892929,266556,7158
c7iQ1v_izF0,Ocasiones en que artistas se comportaron de manera increíblemente extraña,DrossRotzank,Entertainment,6269994,230923,9657
UEob1L_tsn0,Celebrities Impersonating Other Celebrities - The Graham Norton Show,The Graham Norton Show,Entertainment,13213004,109538,1969
nCwwVjPNloY,My journey from Marine to actor | Adam Driver,TED,Nonprofits & Activism,3486254,99950,1085
lr5bfdgddkY,मिलिए आवाज के भगवान से | THE GOD OF VOICE ACTING.,TALENT TADKA,Entertainment,4608225,83087,2403
LWIsBEowIJc,*NEW* HAND CANNON GAMEPLAY in Fortnite: Battle Royale! (SEASON 3),Ali-A,Gaming,3850139,82309,3465
484r5eIqoiQ,Wir denken über eine Hochzeit in Las Vegas nach .. 😳 | BibisBeautyPalace,BibisBeautyPalace,Howto & Style,1454383,78680,2338
cz1gPC4rwHQ,10 Improvised Movie Scenes That Made Actors React Out Of Nowhere,Screen Rant,Entertainment,10266066,73854,4845
DQ5d5zVjvRI,CNN  Exposed  For Exploiting Victims  Fake News On Ban Freeze Explained  and More...,Philip DeFranco,Entertainment,1332195,64523,2961
Hy-sVByUHqE,The Best Of George Carlin,TruthStartsNow3,News & Politics,6824847,48430,1684
C5JSkjqR-lU,Mom Catches Her Son  in the Act  (5 People Caught Red Handed),Amazinglife 247,Comedy,20885869,48286,7913
rlAPEPvryyE,American Idol Exposed! PROOF IT S FAKE!,SeanKlitzner,Comedy,5999191,40469,6625
mUrtD8BTjxY,Sweden s Feminizing Boys with Genderless Schools,No Bullshit,Entertainment,1184193,39456,15678
8GvwYOfHXMM,"FEMINISM VS LOGIC (OWNED COMPILATION) #3",50 Shades,Comedy,2755601,36333,2526
ovRD7NqZ7-w,Monster School : SCARY SLENDRINA THE CELLAR CHALLENGE - Minecraft Animation,PlataBush,Film & Animation,6488619,34965,3294
A_7RmheFRz0,"Joe Rogan Experience #990 - Jamie Foxx",PowerfulJRE,People & Blogs,1867014,34148,1518
6L1G4n4wlgs,man goes off big time on undercover officers and TSA agents at LAX,tonyvera1902,People & Blogs,7332857,32156,3701
mpNIuNk0CFA,Dark Secrets The Cast Of That 70 s Show Tried to Hide,Nicki Swift,Entertainment,5578872,28236,5777
4YYGzYs1QXU,Top 10 Loopholes You Can Exploit to Cheat the System,Be Amazed,Entertainment,1935318,22999,1738
i02hFj5UZI4,Trump-Proofing America s Nukes: The Daily Show,The Daily Show with Trevor Noah,Comedy,1314368,21944,414
Da5VYSPsoE0,Live Taping of “The Axe Files” with Jon Stewart  hosted by David Axelrod,UChi Pol,Film & Animation,3340887,21819,1153
-Lp96hoSUC8,Jimmy Kimmel Would Cry If Stephen Died,The Late Show with Stephen Colbert,Entertainment,2586076,18207,331
2-Be9f7Ovgg,4th of July Zombies - Americans Don t Know Why We Celebrate Fourth of July!,Mark Dice,News & Politics,1452678,16914,616
3d195mPn-3U,DR. PHIL EXPOSED!,lisbug,Gaming,500653,15847,1307
Mm1n5gJIFEg,Wayne Brady To Bill Maher:  I Will Beat Your Ass In Public  | HPL,HuffPost Live,News & Politics,2399978,13792,3165
i9jJhOWIJWE,Donald Trump Destroys Anderson Cooper,ChestyPullersRightNut,News & Politics,1290916,12986,1186
EvegBo4TUdQ,HD: (FULL) Steve Harvey Messes Up On Miss Universe 2015! COLOMBIA x Philippines,Tyler123b1,Sports,5383519,12687,1486
YmsXSX5H27s,The Real Reason Why Hollywood Stopped Casting Mike Myers,Looper,Entertainment,2435310,12614,1779
T7HyuLPWF9I,The Truth About Nelson Mandela,Stefan Molyneux,News & Politics,1021006,12598,3370
FXZaqylbMXU,Celebrity Sons Who Hit The Genetics Jackpot,Nicki Swift,Entertainment,3447671,12160,2378
2U5uU0THOA4,British Actors doing American accents,Grace Riley,People & Blogs,2047798,11721,748
-FwgVxnhXsQ,10 Cool Celebrities Who Are Down To Earth,Top 10 Archive,Education,3176864,11663,2526
G4heS2754l4,IS LIFE A COMPUTER SIMULATION?! SIMULATION THEORY SIMPLIFIED- TRIPPY TALK,Kendall Rae,People & Blogs,238969,11637,191
iU_P97xBXpw,Heftige Dating Tipps für Jungs (Valentinstag Special),Anni The Duck,Entertainment,93982,11599,242
aAj__InxjhI,Rami Malek First Emmy WIn! Full Speech! Emmy s 2016! Mr Robot Lead Actor!,FanVideosAndHighlights,Entertainment,977728,11543,175
PN2ZTpqr8sQ,Former ‘Antifa’ Speaks Out,Stefan Molyneux,News & Politics,322078,10859,348
cay8GC9N8ak,The Most Awkward Moments In Political History,CNNBuzzfeed,News & Politics,7033839,10788,2480
-75u3ZzzdPc,Proof That Hollywood Medium Is Totally Fake,Nicki Swift,Entertainment,1955316,9942,4777
0SP2cXoeOxY,Why is VENEZUELA a CATASTROPHY? - VisualPolitik EN,VisualPolitik EN,News & Politics,510738,9768,632
1-ZArk73bLc,Emotki. Film - pierwszy zwiastun,TYLKOHITY,Film & Animation,1563031,9183,3053
0_vKeup9XNI,The WHOLE TRUTH about Whole Foods (FULL),TheHealthRanger,News & Politics,332789,8131,386
fmlXtfZ-EFk,Hypocrisy Of Conservatives Upset About Stephen Colbert s President Trump Insults | AM Joy | MSNBC,MSNBC,News & Politics,706061,8101,610
_az9zMT-Pcg,Is Tom Delonge  Out Of His Mind ?,secureteam10,Science & Technology,377620,7933,872
-mRn9chmRAY,Stars and Stripes Forever - John Philip Sousa,SemperFiOorah1,Music,1678982,7912,295
HerZ-jO_Cv0,Chris Eubank Sr. Heaps Poetic Praise Upon Conor McGregor,MMAFightingonSBN,Sports,270506,7875,147
nTH7-Gpr8GA,The Fall of Venezuela. Prepare Yourself Accordingly.,Stefan Molyneux,News & Politics,355594,7778,631
Jx68BDC1TpI,Hear How SWAT Team Closed in on Las Vegas Gunman in His Hotel Room,Inside Edition,News & Politics,1762318,7147,854
ziwE4WIBjN4,Top 10 Legal Loopholes That Are Glitches In Everyday Life,Be Amazed,Entertainment,782336,6925,590
KLCwktYDc-E,Martin Lawrence Crosses The Line | The Queen Latifah Show,Queen Latifah,Entertainment,1733594,6546,1172
XE2qVyjbEFA,Homeless For A Night  In-Debt Teenager Claims Vegas Street Population Smells Like ‘Poverty’,The Dr. Phil Show,Entertainment,763328,6538,300
FH7aTp8DsVI,Man pulls gun on crowd of Portland protesters,Mike BlueHair,Comedy,1683965,6328,3598
_OPFr5ofkq8,Paul McCartney is Dead Conspiracy Theory  Explained,Rolling Stone,Music,264988,6033,311
0I3A44omVbI,hardcore pawn christina caught stealing,south badboy,People & Blogs,1802731,5996,732
cCfmTU62Iug,Hollywood Warning in Movies 2016? (Illuminati in America),Jason A,Entertainment,760570,5897,864
TRTbnc2zGAI,If you do not JUMP you will never soar! || STEVE HARVEY,Steve TV Show,Entertainment,486608,5877,68
kVeA07d2F_I,5 BILLION HUMAN BEINGS TO BE MURDERED -- New World Order :: The Plan Is In Progress RIGHT NOW !!,WashingtonDCtreason,News & Politics,1058576,5592,1308
R2UZRqbfa7g,EMOTKI. FILM - nowy zwiastun,TYLKOHITY,Film & Animation,979577,5453,2420
gtY1WxWnQ3Y,Ex-Girlfriend of Texas Church Gunman: ‘Devin Was a Monster’,Inside Edition,News & Politics,534497,5274,190
BqigJmEHYuw,Wie erkennt man  Fake News ?,MrWissen2go,Education,65910,4894,130
sSPU4SgNH8Y,Brexit Threatens To Topple World Government,The Alex Jones Channel,News & Politics,270109,4481,417
vcQlMrs-dcU,GUN CONFISCATION ORDER for HURRICANE IRMA,RichieFromBoston,Entertainment,237731,4229,307
boMkPsb2dAo,Something BIG Is Going to Happen in 2018 !!!,Bible Flock Box,People & Blogs,220999,4157,369
-8jT6qpR96k,The Truth About Native Americans before Europeans Arrived,Step Back History,Education,186175,4132,2867
yid7rGX-NTY,I FEEL SORRY FOR YOU!!!  The View Hosts CONFRONT Sarah Huckabee Sanders on Trump s Lies,Dose of Dissonance,News & Politics,873215,3925,1134
S5DqTJz9zFk,Insight - Saint George and The  White Whore,Red Ice TV,Education,131588,3901,457
6IpD7FdL-8Q,Massaker an Erfurter Gymnasium - 15 Jahre danach: Das Leid des Hinterbliebenen,BILD,News & Politics,323003,3881,202
5AvhYKlzjuM,How PewDiePie Red Pilled 55M People,The Alex Jones Channel,News & Politics,129948,3842,194
TMf5IfYouZQ,Dr. Phil under Fire,Wendy Williams,Entertainment,853266,3810,1400
DFXEVsKwFZs,Emotki. Film - zwiastun. Polski dubbing.,Łuki Gie,People & Blogs,462389,3766,410
YqXac62mx7w,Wheel of fortune scandal ! Lady solves 27 letter puzzle with one letter !,Phil P,Film & Animation,2942186,3341,1066
Bj-WEUdQlKg,Joe Rogan talks to CIA Agent about JFK Assassination!,Joe Rogan Fan Page,People & Blogs,779324,3315,935
Bx9AaEGb998,Is IRAN a threat to the WEST? - VisualPolitik EN,VisualPolitik EN,News & Politics,285043,3304,2910
t1Fc1VeV8iQ,Richard Pryor Tells The Ultimate Insider Joke! (TRUTH),YahlahIsHere,Education,1044689,3207,703
yLajkoH54zU,Stephen Colbert on Anderson Live,Colbert News Hub,Comedy,796465,3075,93
vXuem8Z0TQw,Caroline Kennedy s Son Looks Exactly Like JFK  Jr.,Nicki Swift,Entertainment,957450,2990,498
Mk7UUDE6UWk,Outspoken Former CIA Operative Lindsay Moran - Interview,TYT Interviews,People & Blogs,446262,2978,367
5hiOiKgkCTA,Body Language: Las Vegas Shooting,Bombard s Body Language,Entertainment,135645,2906,401
5RUIY5t_cRI,Minister Louis Farrakhan Explains The Star of David,Ahmad770,Education,518868,2784,722
54JGN6sRNNs,Deadly shooting at California elementary school,Fox News,News & Politics,575637,2744,532
eq_PoAu7AKE,OBAMA to USE HUGE CRISIS to CANCEL 2016 ELECTION & Become 3rd Term President H.J. Res 15 Bill,Elite NWO Agenda,Entertainment,616190,2729,1267
jl7-owX9GCQ,The Kennedy Grandchildren Have Grown Up To Be Gorgeous,The List,Entertainment,817674,2650,337
OOC1_sJMM20,🕵 HACKING THE ECLIPSE 🌑 - Aug 21st & Predictive Programming in Mr. Robot,FaceLikeTheSun,Entertainment,106570,2582,145
l4IjpANRptg,POLIGHT VS DR ALI MUHAMMAD STEEL SHARPENS STEEL,BLACKNEWS102,News & Politics,268095,2466,248
QFaroi2fMPg,This Is How They Are Shutting Down the Alternative Media Online,Truthstream Media,Nonprofits & Activism,48987,2458,24
voUMQrLy_uY,Nancy Kerrigan Attack - Raw Footage - January 6  1994,IntersportChicago,Sports,2616054,2450,315
lsoywZf3HAQ,Ezra Levant: M-103 Report exposes Trudeau s plan to destroy rights & freedoms,Rebel Media,News & Politics,35979,2414,37
oQGNDG--mCk,Sweden is Under Siege and May Not Recover! 2017,Rob Lee Truth,People & Blogs,126757,2403,117
-fDsFhGPivw,Whatever Happened To Jesse James?,Nicki Swift,Entertainment,962379,2396,576
riHMH6K_hvs,La masacre de Sandy Hook:  La maldad no venció,Familias.com,People & Blogs,165527,2369,54
2Vo3-0Q3f_g,Coach John Kavanagh Gives Two Official Predictions for Mayweather vs. McGregor,MMAFightingonSBN,Sports,207433,2361,157
lmRLPu95xX4,GODS of EGYPT Movie Reveals Close SUN & FLAT Stationary EARTH!!,Thecontroversy7,News & Politics,233886,2274,643
vPX4cmJ9JW8,Glenn Beck- Who will lead the New World Order?,ybgrsfd,News & Politics,370190,2268,438
dF87N3ADbKM,NASA ILLUMINATI BUSTED! FLAT EARTH TRUTH! B.O.B. TELLS ALL!!!,TruthUnveiled777,Entertainment,182854,2244,527
JjOKIzWpddI,Vince Vaughn storms out,Giles Hardie,Entertainment,1163411,2006,1125
aOaTNTLikcQ,Robot kills Woman and crushes her head,RichieFromBoston,Science & Technology,157994,2000,298
6DbG4CcjmdI,Video: CNN Caught Again  Faking War News,The Alex Jones Channel,News & Politics,65176,1991,66
Xedghr28VSI,Illinois Completely COLLAPSING as Pension Fund CRASHING & Needs BAILOUT!,The Money GPS,People & Blogs,97331,1970,94
aYCpau7sOeI,"10 Reasons the World is Ruled by MKultra Pedos #illuminati",The Outer Dark,People & Blogs,39443,1919,30
SLpVLb415Qo,Daughter of Murdered Sandy Hook Principal Confronts Senator Ayotte,The Young Turks,News & Politics,61413,1913,314
p9FjMFI17YE,The Young Turks Attack Alex Jones For Calling Out Brokeback Fake News Machine,The Alex Jones Channel,News & Politics,43095,1819,197
1Dc3sJqvAy8,The United States and Russia Are Now In Military Conflict In Syria,Lionel Nation,News & Politics,34791,1800,69
EZ6q5j2OGyw,Anup Sastry - Bloom - Full EP Stream,asdrummer2008,Music,86288,1779,11
_yLAkQW4aSM,Anonymous- Something is Definitely Coming!,Anonymous Global,News & Politics,180200,1771,289
URuFzY0rU-Y,What Is DTube? - Why It Can Replace YouTube!,World Alternative Media,People & Blogs,48387,1645,51
5VYdrr3c8o4,Joe Rogan & Eddie Bravo talk Conspiracy Theories: Scientology  Rothschilds  Alex Jones,Joe Rogan Fan Page,People & Blogs,306162,1634,169
_C9lBVQTZgc,Rewriting Reality - A Satirical Expose of Ridiculous Media Propaganda,HighImpactFlix,Entertainment,27934,1452,82
CJBPFXasSpY,FEMA First Aid Is YOUR responsibilty,RichieFromBoston,Howto & Style,37389,1441,47
xxSj2jZ7hng,CPS CORRUPTION AND PIZZAGATE DOCUMENTARY,Mr. Gunk,Entertainment,37004,1386,44
TUJPEaliBo8,"#PIZZAGATE  Macaulay Culkin KNOWS The Truth (mirror)",Don Parker,People & Blogs,115245,1376,90
V_Z38cB0DJg,Bionic Sperm  and Dead deformed babies,RichieFromBoston,Science & Technology,29687,1369,59
O0rLSZJWTDY,Melania is Male,MrE,Education,76797,1360,353
2kpG-G29Bkw,Scott Adams talks about our very stable genius president - POTUSVSG,OpenMind,News & Politics,30238,1321,86
lQ435lMaCng,Uncut Interview - JFK s Emergency Room Doctor : Dr. Robert McClelland,AllenCityTV,People & Blogs,252699,1310,78
5vtKUAPLlho,Live Chat: Jon Jones s Future  Mayweather vs. McGregor Preview,MMAFightingonSBN,Sports,106899,1298,267
uWTXJ0GaYpM,Sergeant Major Plumley We Were Soldiers,US Army ROTC Curriculum,People & Blogs,446037,1287,31
ZW-zLGIv7l0,Breaking: Infowars Reporter Confined To His Home,The Alex Jones Channel,News & Politics,102973,1279,58
f6CWsRyv8YI,ARE UFO S AND ALIENS REAL???????????????? (SCIENCE TECHNOLOGY),A Call For An Uprising,Science & Technology,28712,1225,89
Ou45DVOV31Q,Strange FOIA document about  scientific race  in Antarctica,The Outer Light,People & Blogs,64728,1223,99
mMpYeDAA2Bg,Steve Harvey Exposed | He is not who you think he is,Shawn Blazington TV,Entertainment,171385,1220,521
YF6wLgV51Vk,Professor Griff: 21 Goals of The Illuminati,The Alex Jones Channel,News & Politics,160486,1205,84
kQHpVvExtPY,Kevin Spacey  Chris Cornell  Linda Ramone  Courtney Love & Tony Podesta... PedoGate,Dean Fougere,News & Politics,68575,1203,57
z_SAnEEYrH8,WATCH NOW: Former President George W. Bush Speaks at Dallas Shooting Memorial - FNN,FOX 10 Phoenix,News & Politics,257936,1195,179
0jdBiz_vwe0,The Genesis Revelation - How the Bible absolutely describes an enclosed world cosmology,Rob Skiba,Education,41260,1173,55
Ul3Iyq1i_30,Eustace Mullins - Secrets of The Federal Reserve (FULL),acfacts,Nonprofits & Activism,113192,1169,35
6vDrimfbEOE,What Happens to Alex Jones in the UK,David Pakman Show,News & Politics,63454,1113,98
363-JaQBmtQ,★No Surrender★ PAYDAY MONSANTO ! HOT SONG! - KANYE WEST & JAY-Z NEW 2014 (ILLUMINATI DISS),MrNWOExposed,Music,75903,1104,16
r5dM0LTrD-g,Carl Gallups On Mysterious Symbolism In the Garden of Eden,Lyn Leahz,News & Politics,71393,1097,93
FdvUzGJbQwE,CLASSIC!! FakeStream Media Caught FAKING While Condemning  FAKE NEWS!!,HighImpactFlix,Entertainment,16639,1092,7
IZF_tQQ-1tg,Behind The Beheadings: Propaganda Exposed,The Alex Jones Channel,News & Politics,464249,1049,491
8pS1edpeGqI,Jesse Ventura | Talks at Google,Talks at Google,News & Politics,91568,1045,38
2m3pGdnZsrY,LOS ALIENÍGENAS SALVARÁN A LA HUMANIDAD,Despejando Enigmas,Science & Technology,30654,1040,57
TNgM93eoR4M,Reflections // Butterfly Effect Guitar Playthrough,ReflectionsMN,Music,69920,1035,35
1YpD0tnGotE,PRADA FALL/WINTER 2012 MENSWEAR SHOW,Prada,Film & Animation,128402,982,22
Eeuhm3HemGg,Deep State Losing At All Levels,William Mount,News & Politics,26414,973,83
naaBXzG89UY,Dr. Steven Greer : Beware of the Fake  Alien Invasion,HOAX ALIEN ATTACK COMING!,People & Blogs,131629,959,90
KRgPdXy3zbQ,Cadillac Ranch in Texas,RichieFromBoston,Comedy,18744,952,23
ASJou7DvtQE,David Icke  Revelations of a Mother Goddess - Full Video,David Icke,People & Blogs,87305,942,82
0z6EmkdtltI,Ep. 575 FADE to BLACK Jimmy Church w/ David Wilcock : Endgame 2016/2017 : LIVE,FADE TO BLACK Radio,Entertainment,87016,933,71
m5gX5yJdEJU,The Whole  War on Terror  is a FRAUD -- Harley Schlanger,SGTreport,News & Politics,26318,914,22
J0QDc7baQfk,Magicians Exposed using Demonic Spirits FULL,TheCompleteTruthBlog,Education,272870,887,172
JBgmIEx0wu8,👤 The CRISIS SOLUTIONS Rabbit Hole Leads to a Familiar Agenda!,FaceLikeTheSun,Entertainment,18881,873,18
5vIWmTd6LZw,Florida Man  A Film By Sean Dunne (Documentary),SENTIMENT E,Gaming,82379,860,120
b7HXAVwkJGw,Dr. Phil Reviews a Shooting Victim s History with the Shooter,The Dr. Phil Show,Entertainment,169317,858,25
pNYnS7hWRPU,TRUTH: Bill Cosby is Not on Trial | America is,Dru Story News,People & Blogs,57012,847,47
-R9H-r9cKvg,Atlantis and Inner Earth,Robert Sepehr,Education,35075,832,32
r0kgU_cibkU,Paul Wardingham | Spiritual Machines [FULL ALBUM],Paul Wardingham,Music,39798,822,13
rFNZ0kVirs0,Expert Analysis: Psychiatrists Diagnosing Trump Are Guilty Of Malpractice,The Alex Jones Channel,News & Politics,17269,765,27
Obt9RH1LBRg,BREAKING: President Donald Trump gives URGENT Speech at Public Safety Medal of Valor Awards Ceremony,Golden State Times,News & Politics,23306,763,42
HJ603bPhKqY,Don Lemon and Sunny Hostin argue about N-word,CNN,News & Politics,181560,745,195
OhB5-pxk6Xg,10 TRUE Absolutely Terrifying Deep Woods & Middle Of Nowhere Stories | (Scary Stories),Mortis Media,Entertainment,26766,733,41
DuvJTKkZ4nY,TRUMP ABOUT TO INVADE NORTH KOREA!! ~ WW3 NUCLEAR ATTACK WARNING ⚠️,Right Wing,People & Blogs,106559,678,151
Oxs1QnoaK6M,Tucker Calrson Discusses Racist MTV Video,iBankCoin.com,News & Politics,68043,674,13
hEJc7fEOYlY,EVERYONE NEEDS TO WATCH THIS! WOODY HARRELSON SPEAKS THE TRUTH!,ConspiracyFiles YouTube,Education,32595,672,19
KZB_MYsk-64,Why NSA Leaker Reality Winner s Imprisonment is Unjust,The Humanist Report,News & Politics,13412,672,135
tS_SBxbrdJg,Globalist Agenda 21 Agents Take Away Property Rights - Anthony J Hilder,Anthony Hilder,News & Politics,23865,660,13
OqeEneXXDa4,Joan Rivers Robin Williams  Did they Fake their Deaths? X MarX the HoaX 2.0,Crag of the rock,People & Blogs,95941,655,176
irEm9n4R3eQ,FLAT EARTH IS NOT A PSYOP. Universal Lie is the Globe. Antarctic Treaty and Ice Wall.,Zetetic Flat Earth,People & Blogs,30730,655,109
EkKXsrYOh1M,Black Child on False Flag Terror Pt.II,The Black Child,People & Blogs,27206,646,13
U-RUEuHzdo4,The Archons and Sandy Hook - Jay Weidner,TheRapeOfJustice,Education,139335,639,156
-7Rywt-pX24,Enthüllungen von WikiLeaks erschüttern die Welt: False Flag Operationen der CIA-Hacker,RT Deutsch,News & Politics,28092,639,14
c2-hrc4PGe0,School Bus Crash Investigation Continues In Tennessee,ABC News,News & Politics,149833,626,48
XIAIExq0J84,[News] Let s talk about Edgar M. Welch  Comet Ping Pong & Useful Idiots,mundanematt,News & Politics,11669,608,489
vlhBn_zSIro,Majestic Ape of Heavy Breathing- Comet Ping Pong  Podesta PEDOPHILIA JOKES  read DISCLAIMER BELOW,Random Rants of Ryan,News & Politics,111304,590,90
cjF4Fr5Opxw,Documental: Department of Homeland Security In Puerto Rico.,TuNoticiaPR,News & Politics,159508,588,50
gFPoBeMU4r4,FOUR Signs of an ILLUMINATI HIT: The CANADA EDITION,The Black Child,People & Blogs,50818,587,71
Hq3hnhCpvKo,We Are All Trained to Be Actors and Liars,pocketsofthefuture,Howto & Style,23015,586,25
DAKNU5Mz50E,VELVET ACID CHRIST ~ The Last Goodbye [Official Fan Video],soundmirror66,Music,54400,584,7
rS7T9dfwewc,PRADA FALL/WINTER 2012 MEN S ADVERTISING CAMPAIGN: MAKING OF VIDEO,Prada,Film & Animation,68514,572,3
zM79pqHA6ME,Body Language: Tillerson  Putin  and Lavrov Press conference,Bombard s Body Language,Entertainment,18789,560,21
N6ZT5vLAMSI,Reptilian Prince Harry Flicks Tongue Like A Snake,kinninigan,Education,131605,547,287
yX_XVp7kvec,Meteorologist Decodes Chemtrails  HAARP and Weather Manipulation - YouTube,RichieFromBoston,Education,20613,547,10
x8tgSnj44lU,KZ - How actors cry? Special Effects tears,Kennedy Zone,Howto & Style,104940,538,78
EfMLwybzgf4,Paris Attack: French Woman Warns It is False-Flag . . . Wake-up!,seekingjustthefacts,Education,24500,530,22
GEkrnsUuOZg,Fatih Tezcan Reina Saldırısı nı ve Özel Fitneciler i Deşifre Etti!,Fatih Tezcan,News & Politics,67350,460,77
s-7KRdpOnV0,🌐 TP ► Artista de NASA expone el ENGAÑO del GLOBO (parodia),Magna Veritas,News & Politics,21472,415,67
0vMDjEHo7Ug,Manual Naturista Esenio para salud integral parte 1,Ometeotl Cuicakoatl,Science & Technology,16438,412,21
dXBUdCvqpNg,The Game (9/9) Movie CLIP - Happy Birthday  Nicky (1997) HD,Movieclips,Film & Animation,164372,411,19
ByT4618HL3s,Grenfell tower protest - what the media doesn t want you to know,ITZ AMIR,People & Blogs,42882,410,136
8kcOLjaDYvo,Vegas Shooter A Patsy,The Alex Jones Channel,News & Politics,16240,407,45
NIUlRdgc0mY,Starting Your Own Militia,Pennsylvania State Militia,People & Blogs,23992,407,21
xN-feLVH5jI,Boston Marathon Bombers | Why They Did It,The National,News & Politics,119433,404,102
i8DtAMJfUTU,Lionel Annihilates CNN s Trained Seal Who Calls Giuliani a Truther for Questioning Hillary s Health,Lionel Nation,Film & Animation,12290,392,11
7LzB3eNH7r4,Top 10 People that should move to Portland Oregon,World According To Briggs,Travel & Events,26681,390,26
9e3ImlJ6uSA,King Los x Charles Hamilton Freestyle at Hitway Recordings,Hitway Recordings,Music,13545,387,7
PaNkF4Ac0q4,Noisia - Vigilantes (Amon Tobin Remix),NOISIA,Music,17513,383,29
w3DUHv2BN8Y,Tonya Harding says she was afraid after 1994 attack,Good Morning America,Entertainment,113794,381,28
V0D7L_1hDrU,6 TERRIFYING WALMART Facts 130000 Man ARMY  Omar Mateen Connection  Mass INTERNMENT  RF (MRROR),Beeeasy,Education,40381,370,33
vQSkR33vNL0,Tonka and Failure React To Naked Ape s Destiny Video,Kronos,News & Politics,10215,370,16
jssJ2jkIzbs,CNN Exposed For Fake News,InformOverload,Education,10274,366,7
3RklWbjAiE4,Proof: Rand Paul Is Controlled Opposition,Truthstream Media,News & Politics,15275,358,83
m-8ed3dwdiA,Gunman in Comet Pizza! EU says :  24 Hours to Kill Fake News .,thetruthergirls,People & Blogs,7869,352,57
AHMt5Yo3i2I,Milan / Prada Menswear Fall/Winter 2012/13,ParisModesen,News & Politics,38986,350,3
ZCvO1ooJslM,Tonya & Nancy - The Inside Story FULL MOVIE (1994) TV Movie,Sean Burdick,Film & Animation,67269,341,21
Z5jkkL7Q5b4,BREAKING - CIA PROJECT DRAGNET  NUNES SOURCE REVEALED,Scott Binsack,People & Blogs,13113,341,16
MxtSC9IEf3Q,NWO  Transgender  Hegelian Dialectic & Other Subliminal/Predictive Programming In Disney s Zootopia,In Plain Sight,Nonprofits & Activism,28435,338,96
S8PHcJPdd-c,China Now Dictates Final Editing of Hollywood Films,The Alex Jones Channel,News & Politics,26121,333,67
0x8gtNtf1wY,Man walks into CNN broadcast to yell   CNN is fake news!  and  Anderson Cooper is fake news!,Mark F,People & Blogs,43949,330,5
J4ME5j8azfw,Chanelle Helm vs Jeffrey Mark Klein,RT Producers,People & Blogs,38081,328,32
OVGBG9RPPw8,*NEW 9/11 Footage 2017,MILINKO COREN,Education,36779,324,24
qGgYoSFsouI,Sydney Opera House: Lighting the Sails 2017 - Audio Creatures by Ash Bolland,Sydney Opera House,Film & Animation,29630,319,13
sVTMhrLZUTY,Mr. Robot Season 2  Elliot  Teaser (HD),TV Promos,Entertainment,33756,314,3
sdcIb8dzJvQ,Reflections - Translucence - Positive Grid Bias Fx,Patrick Somoulay,Music,9745,313,0
vehM1Z5lFCU,Hillary Clinton & Roy Moore Indictments & Consequences!!!,pocketsofthefuture,Howto & Style,11993,311,25
e1iVdrEIKUc,Suspect used vehicle as weapon in London attack,Fox News,News & Politics,125657,299,79
omZBiAJnr6w,NEW: What Are The Illuminati Telling Us About Prince William?,ExplorerOne,Education,20012,293,36
R73s6rMdOUo,Shills Government Trolls & How They Work,Shill Stoppers,Science & Technology,5156,290,10
z0ZnN4mivGw,The Game (2/9) Movie CLIP - The Game Begins (1997) HD,Movieclips,Film & Animation,135989,287,7
O6RS2M8N5uk,Fake News einfach erklärt (explainity® Erklärvideo),explainity ®,Education,14360,286,28
sZ25JUCpV28,Reflections - Autumnus (Lyric Video) [English] [Unofficial],Venorai,Music,12499,283,4
pnxh1_7Alqk,Vegas Cabbie Was In On It- Las Vegas Shooting Cabbie Video Analysis Part II,itswhip,News & Politics,28861,282,64
n5xzQZXfHCY,Bewusst Mix vor Tagesenergie 109 u.a. Las Vegas,Jo Conrad,Nonprofits & Activism,9197,280,28
r0eTQwBbteU,Baba Dick Gregory On Charleston AME Church Massacre  Dylann Roof  McKinney Pool Party Raid,WeAllBeTV,Education,36499,274,11
3n4Lm2uJ1RQ,Obama a black president? Not really.,RT America,News & Politics,12929,272,67
304f6STr8KA,NSA contractor accused of leaking classified intelligence,Fox News,News & Politics,11371,267,12
tpSSYsCv9l0,SUB New Channel  Jan. 26  2018 +Response to little lying boy RFG,Zachary K. Hubbard,Comedy,5774,261,18
aVmZOKrMYY0,FULL COVERAGE: Deadly Ariana Grande Concert Terror Attack In Manchester (FNN),FOX 10 Phoenix,News & Politics,70320,258,29
E1vlXGxRlGk,Sandy Hook: Destroying  The View,Operation Chaos,People & Blogs,14027,249,18
B_3Ynmah0Q4,Terrorstorm— Clip: A History of False Flag Attacks,News of Interest.TV,News & Politics,54516,244,12
-SZqbE9BYQI,The MMA (After) Hour: Episode 396 Twitter Q&A Exclusive,MMAFightingonSBN,Sports,22276,244,52
lSKb_EufoB8,Did Harrison Ford Call Carrie Fisher a Tranny?,pocketsofthefuture,Howto & Style,6655,243,28
iTiSdxt9sc8,ILLUMINATI RITUAL EXPOSED !! America Just Lost Her Crown As A Superpower!!!,TruthUnveiled777,People & Blogs,37429,240,86
QGrKLppOqrQ,CNN Caught Red Handed Faking News,JP S,News & Politics,18075,235,19
CTsSU3UiwcA,Eyewitness interview recounts what happened during shooting in Dallas *NEW VIDEO 2016!*,Owo Inc.,News & Politics,57862,234,16
bALjZZmCoG0,Poppy Bush Under Fire as Certain JFK files are released,Secret Wars,News & Politics,21994,232,17
8SdX2Ziz0DQ,What If There Was Only 24 Hours Left Till The Rapture??? PLEASE WATCH!!!,BRO MIKE MANOFGOD,Nonprofits & Activism,4584,222,7
y7eCB2F89K8,Five ways to spot fake news,Quartz,News & Politics,7942,220,11
gdmix60ajmA,Video: Madeleine Albright Today on the Killing of Children,David Swanson,News & Politics,28067,208,8
_CNBnoqInFc,Kevin Barrett on the Las Vegas False Flag  Muslims  & Zionist Media,Zionist Report,News & Politics,4026,205,12
Nxim70kgIUA,Strette di mano e segnali segreti nella Massoneria: parlano dei massoni,ministrodelvangelo,Education,156472,205,35
MUEKiaLm9TQ,Update on Las Vegas Massacre Investigation (Full) | NBC News,NBC News,News & Politics,22449,204,42
WgV49RPpZXw,The Pleasure Principle - Dan Ariely  Zeitgeist Europe 2013,ZeitgeistMinds,Science & Technology,15628,204,3
8fcXXDwinxY,DEAD WHEN I FOUND HER ~ Mirrors,soundmirror66,Music,18298,197,0
WWpnHMrGZDc,SIMPSONS-PREDICTIVE PROGRAMMING FEMA CONCENTRATION CAMPS,ConspiracyFiles YouTube,Education,23904,195,16
KabvPYXoEx4,Experts Think Foley Beheading Video Is Fake,The Alex Jones Channel,News & Politics,34265,192,12
POiN-jptBbg,John Michael Greer  Rise & Fall of Civilizations  Politics & The Occult,Leak Project,News & Politics,15326,192,14
1BeyRfBeK6o,Sofia Smallstorm | A Deeper Look At Sandy Hook,TheHighersideChats,Entertainment,26996,191,7
218UxrBAG7Q,Architect - Immaterial,Daniel Myer,Music,29497,191,4
PhjN8TBMORA,CCTV Caught Stage Fake Attack in Syria,UCERG,People & Blogs,27794,190,11
2eX2P3Y5kw0,How We Made $50 000 By Leaving Illinois,Craig Mason s Reasonable Conversation Channel,News & Politics,4979,187,4
M8I0Nq4Z_T0,We Had to Get Out of There  | Orlando Nightclub Shooting | The New York Times,The New York Times,News & Politics,33768,183,159
j5iV065OAko,Spelling On The Stone   The Complete Album from 1989,Knights Of The Kings Realm,Education,12080,180,3
CQUml0GisT0,Warum Musikvideos und Entertainment immer satanischer werden: die Strippenzieher,Conspiracy Facts,People & Blogs,6020,177,3
Q9DXAqPTLf4,GrenFell Fire  Riots  Crisis Actors  and Conspiracy to cause Outgrage?,Johnny Supertramp 3,News & Politics,14167,171,83
mCYF8TWzOcM,Deadly terror attack at Ariana Grande Concert,KTNV Channel 13 Las Vegas,News & Politics,28990,171,15
Yp4oamlxH4o,SERAPHIM SYSTEM - Dead Blue (Official Music Video),DWA,Music,30237,170,25
eKvo8ZMq_Is,i massoni nel parlamento saluto massone,sarvus1,People & Blogs,174977,169,89
Yrp23bo8D6s,The Skeptic Community Debate the Alt Right - Million Dollar Extreme Shitpost,The Last Stand,News & Politics,2904,168,11
4T_HiioGk84,NRA Chief Wayne LaPierre At Conservative Political Action Conference (Full) | NBC News,NBC News,News & Politics,9292,164,176
D6Ncf9LODjs,We’re Being Played By The Establishment - False Concern  Fake Election & Political Nightmare!,In Plain Sight,Nonprofits & Activism,17195,163,30
D2w-6FyKoKI,Fake Demos in London nach Terroranschlag,PoshGeek,Entertainment,3949,162,7
KrwUVP_VgWo,Occupy Unmasked,shadow black,Education,14363,162,21
fQEeNIl9Gm4,Cenk Uygur: Facts and Fictions,Jason Unruhe,News & Politics,3159,158,20
eJIe34yAkeQ,Missionaries  Flight Attendant  Ex Basketball Star Among Brussels Victims,Inside Edition,Film & Animation,22404,157,18
UtvHk0IF-Cg,Husband searches for wife after London fire,CNN,News & Politics,21781,151,48
NHqzjs0t1Q8,Man Sends Audition Tape To Globalists To Be Crisis Actor in Next False Flag- Hilarious Satire Skit_,50 Shades Of Pissed Off,People & Blogs,6177,148,3
Z5ql5pVfWOw,Frau und Mutter bei Anschlag in Berlin verloren - Vater verlangt Erklärung für Umgang mit Anis Amri,RT Deutsch,News & Politics,6045,148,24
GaYvBPn0HGE,Witness to London highrise fire hears  shouting  screaming,CBC News,News & Politics,33639,146,16
1Nt8FZZaalk,Mandela Effect: SHOULD TIME BE DIFFERENT??? EARTH SMALLER,Lone Eagle,People & Blogs,4786,144,12
9Jecz2yrgJs,I FORGIVE YOU : Victims  families confront suspected Charleston Church shooter,God Is Love,News & Politics,36620,144,6
kOAo4uGi7Ms,The Truth About Dr. King the Media Will Never Tell You,Lionel Nation,Film & Animation,4396,143,7
YezO0dqEP-0,Dramatic video shows San Bernardino shootout,CNN,News & Politics,124307,141,423
_vxfjrMI6aA,FBI Incompetence Las Vegas Shooting - ALEX JONES INFOWARS,INFO WARS NEWS,Entertainment,1626,138,0
mH-riTtaS24,DHS Agent Shocking Justification For Ammo Purchase,Steve Knepp,News & Politics,25873,138,6
7Ktp0tBlkm0,Clinton Agenda: Regulate Militias,The Alex Jones Channel,News & Politics,15723,135,8
OlpSsqJw_LY,What the Deployment of Russian S-300 Air Defense Systems to Syria Really Means ???,Military Update,News & Politics,17497,135,7
IFR9U9kXOd8,Reptilian German Woman Shapeshifting on TV,kinninigan,Education,30207,134,54
9AhJyO0LhAw,VEGAS HOAX ** Victims all have government jobs? **,Break The Matrix 4all,Film & Animation,4568,132,5
W6l9POm88K0,Trolls of Vienna - Furchtporno und menschliche Abgründe in Las Vegas (Re-upload),hansosanchez,Education,3870,132,6
VcjjVfn1nJ8,Trump Blindsided As He Was Leaving Florida After Being Brutally Attacked By Victims For Days,Top Stories Today,News & Politics,2422,131,9
uf-wTWRc0y4,Door nr.1 - X--MAS Calendar 2017,TETs TRUTH TUBE,Nonprofits & Activism,1252,129,1
fcaj0PvVd34,Some Things That Have Always Bothered Me About Joel Osteen,Agent S,News & Politics,2757,121,3
-vqoTvKHwx0,Stefan Molyneux We Are The First Generation Of Men Raised By Women,The Great Work,Education,4411,119,2
S5LVTGXXrHg,Orlando Shooter Scenario EXPOSED!!,Jim T,Nonprofits & Activism,17975,117,22
-9H6wQaEyXc,Scary Reporter Reptilian / Alien Stare Caught On Live TV - Must See!!!,SPECIES The Reptilian Conspiracy,Film & Animation,6404,117,8
RmHzSgelCkY,Mass casualty drill planned in Dupont  WA  December 18  2017  the day of the Amtrak train wreck,Zachary K. Hubbard,Education,2067,116,17
3Vp7KH1cBxo,President Obama Speaks on Funding for the Department of Homeland Security,The Obama White House,News & Politics,11611,116,38
VlMFkIgJ5LU,WAR ROOM (1st HOUR) Fri - 2/9/18 • Alex Jones Infowars • News  Owen Benjamin Feed The Bear,Ron Gibson,News & Politics,6648,115,6
QWxh1Krcac8,Treason  treason  treason!,Sage Wanderer,People & Blogs,1397,114,3
pLZhPrsp0mw,Mr. Robot Season 2 Episodes 1 & 2 Review & After Show | AfterBuzz TV,AfterBuzz TV,Entertainment,11160,112,5
PzcJiBvFqRw,Hero describes chasing down Texas church shooter,USA TODAY,News & Politics,16319,111,10
FR2C2K9IVgA,How To Get Rid Of Credit Card Debts In Court,SriLankerC,Education,9493,109,6
eWjyAVSr5sA,Victoria Soto s Mom:  She s best daughter any mother could ask for,Hassan Ahmed,News & Politics,57021,109,37
D4gw_3nA5G4,Dartmouth Professor Finds That Iconic Oswald Photo Was Not Faked,Dartmouth,Education,62261,109,67
B8Y5Ib8hwQs,Stoneman Douglas senior makes emotional plea for gun control to Trump,CBS News,News & Politics,7042,105,64
1daTHKGfevk,Wheel of Fortune Top Five Amazing Solves,Mycousinsfriend Saiditsreal,People & Blogs,1135,104,1
cakwRFk60Ow,was JFK ever KILLED??,Captain Nowledge,Education,16110,103,70
60nZCioiJWg,Family who took in Florida shooting suspect Nikolas Cruz Speaks Out,Charlton,News & Politics,1235,102,1
uI8kB3XGjbk,Boston Bomber Breaks His Silence and Apologizes,ABC News,News & Politics,27949,102,8
WExvag9Oflc,Project Pitchfork - Acid Ocean,stutter666,Music,8778,101,5
WD3n3cWWai8,STEVE STEPHENS IS IT REAL OR FAKE NEWS ENTERTAINMENT,AUTOCHTHONOUS ONE,Film & Animation,30841,98,33
2Po34FHNTnU,Jesus Campos digital CAD comparison walkthrough How I prove difference.,Running Out of Air,Gaming,10598,95,16
L9-uEBkwiTM,altNews: OSU False Flag Attack & Jill Stein s Crusade | 11.28.2016,Lift the Veil,News & Politics,2285,95,10
mhrizyXGzuE,More exciting RAPTURE surprises  blood moon and the 1335th day,Rebecca Bee,People & Blogs,2059,91,6
dj68d4dbVuU,New York City Halloween Celebrations Defy Act Of Terror | Morning Joe | MSNBC,MSNBC,News & Politics,17478,90,8
7dl5r20y4X8,Mainstream Media Agrees - James Foley Beheading FAKE,TruthParadigm1,Education,9823,90,7
yLV4GFq8VAU,JIM FETZER on JEFF RENSE SHOW (8-3-17) JIM MARRS DEBBIE WASSERMAN SCHULTZ,Gus Chambers,News & Politics,7234,90,6
LlWryjrE1wg,CHEMTRAILS / MORGELLONS DISEASE CONFIRMED BIBLICAL,Kirt Richard,Entertainment,5277,90,10
MOAsd7-Ixro,Elvis & Paul 1: Elvis Ascending  60 s Cultural False Flag: Tavistock  MKUltra  Mind Control,Jeff Daugherty,Entertainment,2407,89,3
xsI_JsGrS3s,Reptilian French News Woman (Slit Eyes Anomaly),kinninigan,Education,6974,87,19
vm-aMKmlE_s,AGENT FOOLEY was not harmed in the making of this video,SriLankerC,Education,1960,86,2
JQiVnvzRxbM,America s next possible false flag terrorist attack: Crisis Actors being hired for it (Houston TX),7 TRUMPETS PREPPER,Education,4752,86,2
5OuV2KQ5piM,New York False Flag Explosion Scare Tactic To Destroy Rights  Enforce Internet Censorship/Cuomo Lies,TOTALECLIPSE Page,News & Politics,1102,85,1
aZJjthRXNL8,UK Parliament  Terror Attack  HOAX!,Jordon Rains,News & Politics,2404,85,11
HCyTbcLWIQE,Ludovico Technique: Absence (Synthetic Solution Remix),synthsolutionmusic,Gaming,3874,85,6
JbVfcZxfIZo,The Pleasure Principle - Paul Bloom  Zeitgeist Europe 2013,ZeitgeistMinds,Science & Technology,7011,84,1
Acri0U3TAE8,What are SUPERPACS?,How it Happens,Education,8371,84,1
--jqY_Rhpx0,America’s Lawyer [44]: Who is Liable for Las Vegas Shooting & Homelessness is a Crime in San Diego,RT America,News & Politics,6525,83,30
4np1op7ysGE,Lebron or Curry NBA Championship? King Los  Brother POLIGHT  Minister Enqi,Sports Conscious,People & Blogs,3356,81,11
uvdo6DuDYDw,Elliot Rodger Still Alive Caught on Video After Santa Barbra Shooting hoax,AnonymousMasterFawkes,News & Politics,5781,80,31
tdp49SbFAks,1976 Orson Welles Interview,Questioning Our Reality,Entertainment,7999,77,2
YU3wJD_rcJw,Vacunas que no inmunizan lo que no quieren que sepas y autismo. DaB Doblado Esp,Desmontando a Babylon,Science & Technology,4276,74,7
D13_8fxsjzw,The Kid Who Cried On Twitter About His Parents Dying In Las Vegas To Faze Banks Proven Fake! EXPOSED,DJ SLANK〽an,Entertainment,3612,74,4
HQ6rSbhYNw0,Syria: The War of Oil,The Political Realist,News & Politics,7382,74,5
pb_jvma6t7A,Berlin Truck  Terror Attack  - No Damage  No Blood?,Jordon Rains,News & Politics,5148,73,47
dloRramPclw,ABC NIGHTLINE EXPOSES MORGELLONS,FOR THE PEOPLE,People & Blogs,2290,73,3
6SW2KkUcsPg,Electronic Eye Controlled Security System using LDR,Electronics Hub,Education,34910,72,5
BFH1yxbJEIw,Técnicas subliminales en la TV. Pruebas y analisis en camara lenta Mnemonics Sigil Magik DaB,Desmontando a Babylon,Science & Technology,4451,71,14
ZzNsMAe2xd0,911 Actors 2.0,Sweetlakecity Stormchasers,Film & Animation,23824,69,29
Ka2VBhwI5KA,Are Nottingham City Council Covering Up CHILD SEX ABUSE?,SriLankerC,Education,1385,69,1
OS44YZZk4Dw,Illuminati: MK Ultra | Manchurian Candidates | Mind Control,M Turner,Education,7499,69,6
89rMk0lTL70,Burns Oregon--Rancher interview 2-2-16 part 1,shuff1111,Entertainment,3566,68,3
KkscR8g0sZc,VID00001~ file ~ Oct.1st & Nov. 4th ~ We are Watching You ` Actors for Hire,oldmarinevaughn,Education,1456,66,10
QKVnNyka9Bc,Sandy Hook - Dept of Homeland Security Vehicle,Insanemedia,News & Politics,2409,66,1
knDrNTP7vnY,Eva Simons - Avalon (Lyric Video),Pepijne,Music,5995,66,3
4jKY_UNBcEY,Melania AF1 pulls away from Donald before Florida hospital,PAPARAZZI NEWS,Entertainment,45861,65,50
kfFd7D-q93o,Trump Tranny Dynasty. SON In Law Registered FEMALE: Jared Kushner (MRS Ivanka?),Apostle Laura Lee - Church of Philadelphia,Education,1643,63,4
HPfwIOweE1w,2nd Shooter in Florida Eye Witness,EPHESIANS 6:12,Education,1880,62,3
Ej5WQO52WC4,Die Form - Psychic Poison,Maurice Vestjens,Music,4923,62,0
SNhpOLIqG1Y,Sandy Hook kids and the Superbowl,ntrslee,People & Blogs,7419,59,11
ZAYlTctKOik,Crisis Actors Rehearse Terror Attack in Manchester  UK (Mirrored),nolabutterfly,News & Politics,5178,59,5
QygZjUoqHJY,Women in Nepal Forced in Huts During Their Periods: NBC Left Field,NBC Left Field,News & Politics,7040,58,7
_3z3TWsA96U,N.A.T.O. Who are the PUBLIC IS ISIS IS INTELEGENT SERVICES,SriLankerC,Education,1204,57,1
ebujz30mILw,Is Australia a HOAX? | Conspiracy,Jessie,People & Blogs,2896,57,6
N7B0xgmPH08,MY BUDDY Rob macintosh  las vegas shooting victim  3 shots to the chest victim  recovery update,FromDeath2Life 4,People & Blogs,1362,55,3
sSoE5YwkTr4,Alleged NSA leaker Reality Winner pleads not guilty,CBS News,News & Politics,6281,55,18
6n2n_Yqp-gI,Notre Dame Attack In Paris: New Video Emerges | TODAY,TODAY,News & Politics,44299,55,16
xyaKmr29dPk,9/11 Firefighter Witness Story - Joe Torrillo,cjnewson88,Education,11725,55,18
N5Y8F6XQ8y4,Nancy Kerrigan says sharing her struggle with miscarriages on  DWTS  was an  honor,Good Morning America,Entertainment,9808,55,3
GJAaoLgoo7I,News Is FAKED!! - Green screens - CGI - Crisis Actors,Hollands Glorie,Nonprofits & Activism,2957,55,3
qeXBPOmQA_A,Prova empirica per scoprire se la Terra è sferica o piana,PianetaX (Albino Galuppini),People & Blogs,4179,55,26
bIbryGJmHVI,BUSTED Bottle Of Fake Blood - Boston Bombing - BUSTED,8bitgeek,News & Politics,17030,52,46
WWpuMa0-AsQ,Grenfell Tower Fire: Relatives appeal over missing six members,MP s Newswatch,News & Politics,12345,52,11
xqgKV9oqbDU,The star of David is the star of Remphan (Satan),Matty John 14:6,People & Blogs,4145,50,9
Qei4mFSzBhs,911 calls  video show Charleston shooting suspect s ...,CNN,News & Politics,7698,49,15
96qpKPcCKak,My little 2 cents about the Facebook Killer  Stevie Steve,Autumnwind Williams,Comedy,8713,49,7
gWm8jR8eX4U,"#PizzaGate Norway Exposes Horrifying Child Sex Trafficking Network",kitty engels,People & Blogs,1168,49,11
J9GqnSzNHAw,USA: Amoklauf an Schule fordert 17 Menschenleben,RT Deutsch,News & Politics,5498,46,5
c9Bjx1yP7RE,Nikolas Cruz Marjory Stoneman Douglas High School shooting,OPBC Online,Education,986,43,3
i2CJVaYHqBw,No Gun Permit Under Nancy Lanza s Name In Public Records  Says TIME Magazine,HistoricalRecordsVLT,Education,6139,43,0
AEKVfSxMexk,A DEEP look at a date for the SEATTLE FALSE FLAG - a 13th?,SPUD U_LIKE,People & Blogs,1616,42,8
83-Iqzn9dbM,Seth Rich s Israeli Military Experience  Hoax Murder Conspiracy Exposes YouTubers,Johnny Supertramp 3,News & Politics,2156,40,8
mVuU9bmJ0B0,CNN s ANDERSON COOPER Caught Red-Handed Making FAKE NEWS,Ghostx510xx,News & Politics,7418,39,7
n30Fr02TZY4,Official Illuminati  DECODED + Enough is Enough Trump Sacrifice & FALSE FLAG WARNING: Sept. 6/7/8,R Klaus Amoun,People & Blogs,4925,39,5
Nd1_LzmWF00,Brussels Bombing Hoax Fully Exposed Part.1,Phony Fake Show,Education,783,38,1
Uq5ngXAw4Qg,Most Ridiculous WITNESS OF ALL TIME!! HANDS down NO QUESTION  more DUPING DELIGHT than speech,Witness to Watchers,People & Blogs,1955,38,8
-fICPeoOD-Y,Boston Marathon Bombing (Fake E.M.T. s Blunder),ydafckdoihave2have1,Education,5056,38,25
dESZ1EQcTio,Sitchin Massone | Nibiru/Planet Nine = Culto di Saturno _sub ita,Alpha Resch,People & Blogs,2519,37,7
TcEvUR15Zv8,Docs Who Faked Pulse  Helped Las Vegas Docs Set Up Their Own,NowTheTruthTV-14,People & Blogs,841,37,1
7DIKmbs-72I,Manhunt Underway to Find Alleged Gunman,ABC News,News & Politics,9432,37,13
mGBvHlXdGII,Grenfell Tower WTF???,Leul Leul,Film & Animation,4402,36,0
7aRMlHAnCzM,Richard Nagell: Assassin of Assassin - JFK,GregFernandezJr,People & Blogs,6319,36,12
O1joKOeBSGA,Manchester Arena  Ariana Grande 22/5/17 Controlled Explosion Hoax! Mirror!,linettar,News & Politics,1509,36,5
zczlU8YThdk,The Live Gunshot of Elliot Rodger,lana rechel,Music,4463,35,2
VYxy0wYANQQ,Amon Tobin - Down & To The Left,celiatr-98,People & Blogs,2003,35,0
D7MSqIok0zw,Making Recovery a Reality,Rape Crisis Scotland,Nonprofits & Activism,4857,35,0
lsOkmW5exgs,Vegas ACT - NOT One Shred Of Proof Anyone Shot - STANDING Drunks Over Crisis ACTORS On Ground,American Mysteries & Conspiracies,News & Politics,1805,34,9
uyeI-VRhJTQ,Why Crisis Actors Should Not Be Interviewed on Live TV  Seb Baldwin messing up his script!,Bobby Zines,People & Blogs,318,34,0
lZ09vKBhIjw,Vegas Shooter s Brother Acting Super Bizarre! What Is He Hiding?,The Liberty Columnist,News & Politics,1591,34,3
gpH8IoMLcO4,USA: Nach Amoklauf an Schule mit 17 Toten - Video soll Schützen zeigen,RT Deutsch,News & Politics,8740,32,7
JPyuweCICzY,Bernardo Filho de Cristiano Araújo Cantando Perdeu o Cara Errado,Pocahontas Encantada,Pets & Animals,1217,32,0
e-NWLoF_6FY,Suspect charged with 17 counts of premeditated murder: Broward County Sheriff,Fox Business,News & Politics,5242,31,11
9zrSYg86mCk,North Korea Nuclear Disaster at least 200 dead as Kim Jong un s nuclear base collapses,Secret Wars,News & Politics,6053,30,4
HvTd8uTsg98,Obama and his fake tears pretending to cry,Patriot BDC,People & Blogs,3298,30,10
_eSqE00DmgE,Baghdad Car Bombing Caught Red Handed - Staged With Crisis Actors!,Jordon Rains,Comedy,2134,29,2
amRrxOgeVwY,Anonymous: CNN Caught Faking News About Ghana,Anonymous We Stand,News & Politics,1687,29,3
dVTBR4uwDJU,"Lust for Life & Audio Analysis on #MorningMonarchy: #March31  2017",Media Monarchy,News & Politics,755,29,3
VCIFPHgp70s,James Cameron Terminator 2019-SOUNDS THE AI ALARM,OPBC Online,Education,672,28,2
KC40m-RYTEE,Muslim response to Grenfell tower fire,Brother Abdullah official,Entertainment,1204,28,4
Fp30QdIF8ac,"#ObamaPortrait artist Kehinde Wiley is a racist spirit cooker #Pizzagate #Pedogate @JennyHatch",Jenny Hatch,News & Politics,1005,28,0
LzBy6cBPdqk,CERN  TOWER OF BABEL  GOD PARTICLE - Down the Rabbit Hole with Dave Hooper - DTRH No. 11,David Hooper,Science & Technology,1804,28,4
LY6k9b3skg4,Monolog - I Will Return To You From The Abyss,No-oN,Music,784,27,0
SLUys8LeHTg,Suicide scene  Mr Robot vostfr,Scene movie,People & Blogs,3784,26,1
bRQj8VqaCqg,Debunking Flat Earth debunkers part 2,Scooby The Gambler,Science & Technology,277,26,7
Lh9KLaOkn7Y,JOLIE ! WHO IS BETTER LOGAN PAUL OR JAKE PAUL ?,WBJ Adventures,People & Blogs,66,26,0
7649F3aflJI,Special ZBI Investigation Secret Life of Stephen Paddock International Arms Dealer of the Century,ZIG ZAG Ground ZERO,News & Politics,2199,25,8
xCYv6d3Gnog,Fake Parsons Green explosion videos fool internet,IBTimes UK,News & Politics,4574,25,39
o_tSGd9f6Q0,Dallas Shooting Crime Scene Investigation,Conspiracy Burger,People & Blogs,2249,25,3
k3OQVudgBEI,BARCELONA - OTRA BANDERA FALSA,Forge Music,People & Blogs,2101,25,3
jWszi1nJBDQ,Fake News Reporters Disrupt Flow Of Trump - Iohnnis Press Conference,Jerry Eldred,Nonprofits & Activism,699,25,0
NJT4Mn-fY7o,Russia Will Shoot Down All UFOs Over Syria - Valeriy Pyakin (EN SUBS),RU EXPERTS,News & Politics,2546,24,0
Jb7q5uYb-Tk,Fla. Shooting Survivors Arrive at State Capitol,Associated Press,News & Politics,670,22,23
6ORm3I-vNN0,The Paris Attacks Crisis Actor,Angel White,People & Blogs,1714,22,6
Sb4r86e7wYY,Die UNHEIMLICHE Seite von Youtube! | Benjamin Bannet | Chip Chan | John Lang,HeyUnico,Entertainment,174,22,0
Iu8IRAu4EzE,Is Michael J. Fox Faking Parkinson s Disease?,Questioning Our Reality,Education,5019,22,12
rWAVFDwmPuk,Las Vegas shooting Hoax. CNN brain washing at its best,notonemorehoax totakeourguns,People & Blogs,2559,21,2
t9PeFuqx2SE,Who were the crisis actor victims in the San Bernardino shooting?,Wolves And Sheeple,News & Politics,1264,21,5
d1dx9XbcsVQ,Mr. Robot: Did Mr. Robot Have Gideon Killed?,TV Guide,Entertainment,3913,20,6
5YDI5rqq8ks,Sandy Hoax BUSTED! Meet Gene Rosen Theator Actor! Gene Hollywood!,Pastor Dave s Channel The Coming Harpazo,People & Blogs,1047,20,0
xXEEpx5Bw3E,Shaq and Joe Toney reunion. Shaq lets his dad wear his hall of fame ring.,Scooby The Gambler,Sports,5230,20,6
g9AyWDniHSs,LAS VEGAS SHOOTINGS; Jim Fetzer FIRED By Jeff Rense  Claims HOAX  Crisis Actors  Drill  Nobody Died,AryanEmpires3,News & Politics,2786,19,40
b4JapWUKMug,Morgellons Parasites in Hair,dee h,People & Blogs,7135,19,1
nbnPGpL9rB4,TERRA PIATTA - ZICHICHI E LA SCIENZA (Ammettendo Dio  ammetti il creato),Domenico Russo,Entertainment,2804,19,9
8vHqjpbtcqc,Dance India Dance Season 6 Grand Finale,Magazine,People & Blogs,2288,19,2
4Vyb_OLs6VY,fake Syria Terrorists Scene for the World Media,mtruthnow,People & Blogs,1494,18,0
dVY4dGPDr9o,Triple Duty! Ferguson LAX MH-17 Same Crisis Phone Actor,houseoflogic1969,People & Blogs,345,18,0
HStUUWnowbQ,***MARK HUMPHREY***Walsh/phrey witness just standing Mark Humphrey Exposed **9IIFCS s Channel**,Nine11News,News & Politics,892,18,5
0kZ1A-OQFhw,Crisis Acting Mom is a Bad Liar  Dallas Shooting Hoax (Re Upload),Stop the Psyops,Nonprofits & Activism,869,17,4
dmsxgD-dR64,Illuminati - Hollywood and the Entertainment Industry P2 | Beyonce AKA Sasha Fierce,M Turner,Education,1208,16,4
aX0xv_C1dRU,Politicians Are Actors,Questioning Our Reality,News & Politics,786,16,0
C1S9yi3HT4g,CRISIS ACTOR AWARD,Michael Stroup,Comedy,541,15,0
fVQ12OicPS0,Man Near Fl. School Saw Shooting Suspect Arrest,Associated Press,News & Politics,3215,15,7
mX5Smto2Alw,Lauren Bousfield - Fire Songs - full album (2017),PB Chanel 1,Music,122,15,1
JtTRETAwajw,I-Team investigates G4S hiring practices after Orlando nightclub shooting,ABC Action News,News & Politics,4165,15,3
1KPCsrvF15Q,charlottesville attack FAKE staged crisis actors,elp maxena,People & Blogs,1238,15,1
ediYaSYZXzg,The most weird sunset - La puesta de sol mas extraña. Stella Maris  Ciudad del Carmen. 17 Sept 2016,Desmontando a Babylon,Science & Technology,1176,14,0
NHNRR0JHI2g,💥I$I$ Cell Started Grenfell Tower Fire 💥,cips clips (1883),Entertainment,286,14,5
10YFrWKRcU4,Robbie Parker Intelius Search results,Lone Wolf,Education,3609,14,1
KWLuO4NKM7Q,Morgellons Nano fibers moving in a controlled environment.,Craig Arnold,People & Blogs,975,14,0
G0VVl-bIy00,Black Lung - trickle down effect (8-bit remix by Sonic Area),Arco Trauma,People & Blogs,1166,14,0
dPJiuk7MCXw,Alex Jones - FULL SHOW - Thursday (2-15-18) Matt Bracken  Roger Stone,ConspiracyScope2,News & Politics,993,13,3
9MQ89y1Xlg8,TOWER BLOCK FIRE STARTED BY THE NWO ?,TIM OSMAN,Gaming,1793,13,11
GSLcvTOJblQ,Ohio State Stabbing Hoax - Anderson,Solar XD1,People & Blogs,349,13,0
FWCO7qUIjuc,Is The FBI Running The Las Vegas False Flag Operation? - Why The Phone Erasing?,The Voice of Reason,People & Blogs,1540,12,0
_0rzB4-rSUM,Rape crisis in India and solution -4 | Varjit Satya,Varjit Satya,Nonprofits & Activism,5557,12,2
3WjejXy4XOM,Ecliptic Coordinates for Zachary K Hubbard  Pope Francis & Co.,Bobby Simpson,People & Blogs,126,12,0
k0eQqPdF40k,Mother of Manchester victim grieves,CBS Evening News,News & Politics,2329,11,1
ucX5cnnXTQg,Illuminati/MK ULTRA/NWO: Orlando Shooter - HOAX & FALSE FLAG,Conspiracy Expectation,News & Politics,1063,11,5
8SF76BAcE08,Wife Of Omar Mateen  No Longer Here   Not In Area  Mateen s Father Says,Sun Sentinel,News & Politics,17172,11,29
grgyUf9PmxY,Florida shooting is not a HOAX you guys. seriously.,All the Worlds a Stage!,People & Blogs,150,10,0
w3956LDSM-M,Istanbul Attack - Worst Crisis Actor - The American Survivor,Try Thinking For Once,People & Blogs,408,10,1
A3aYapqNxEA,MORGELLONS STRANGE HAIR/FIBER THAT STINGS YOU,Denise Epke,People & Blogs,2045,10,0
yG-crS_nGE4,Survivors of deadly Florida school shooting lash out at Trump,ABC Action News,News & Politics,587,9,8
V8tmXmqg4Jo,MUST WATCH!!! Las Vegas Shooting Exposed - %100 False Flag MUST WATCH!!!,The Chariots of Israel,Education,564,9,1
vlpKdiCZ96c,SHOCKING!! THE SANDY HOAX Continues...Sandy Hook Truth REVEALED,Bizarrology,Comedy,631,9,0
zyRnIki24p0,Did The Church Shooting In Texas Really Happen?,Illuminati Secrets Revealed,People & Blogs,558,9,2
vOGzBX9WVbM,Orlando Shooting HOAX CASE CLOSED 100% FAKE Agenda EXPOSED Redsilverj,STOP THE INSANITY,People & Blogs,702,9,0
SytSLd9dG9Q,RAW: Scenes from Paterson following NYC terror attack,NJ.com,News & Politics,5666,9,17
b4yY-1SdnC0,London 322 Attack HOAX! (KEARNSY 74 COMPILATION!),Sann Ingen 5,People & Blogs,77,8,0
eqKzip-c2FU,Can Ataklı nın Reina saldırısı yorumu,Medya Gundem,News & Politics,5698,8,1
zXJ43CSJC3k,Alert Seattle OCT 13th or NOV 13th - The Prediction false flag SUB Mirrored SPUD U_LIKE,Tony Brown,People & Blogs,144,8,0
CAysjcybgEU,LOST VEGAS ARE YOU SERIOUS? (RUSSIANVIDS REACTION) give me a break,KASLOE THE PSYCHOE,Entertainment,555,7,3
cG7KLt0K9gk,I am not a Crisis Actor checkout my backyard   I am a Traveler on a Journey,POSEIDON A.K.A. Feng Shui Phil A,Nonprofits & Activism,102,7,1
C17J47jhUrg,Donald Trump Jr. Interview: Missing Out on India Deals Because of his Father | CNN-News 18 Exclusive,CNN-News18,News & Politics,2051,7,12
QtHoe6mExks,JEFF C ACCUSES AN INNOCENT WOMAN OF BEING A CRISIS ACTOR,Jeff See,People & Blogs,444,7,0
8UwEV3_EYM8,Kazakistanlı iş adamı internette  Reina saldırganı  diye kendisini gördü,Yirmidort TV,News & Politics,8588,7,0
sflDuvEcmNs,BILINGUAL SHANN | LEARN SPANISH WITH ME! | SHANN MICHELLE TV,Shann Michelle TV,Entertainment,47,7,0
1INoPptGQok,2018 FEMA & RED-CROSS HIDDEN CAMERA ON BARGE/PRISON SMUGGLED TO U.S. ITS WORSE THAN YOU THOUGHT...,JONNYY 5,People & Blogs,2328,6,2
b1EcRTPVL2I,Manchester Ariana Grande concert bombing hoax - Jess Kelly the worst crisis actor ever.,Jackie simpson,Entertainment,226,6,0
lH5F4FPMALI,Grenfell Cladding Secret Govt Tests Confirm Public Submission to Authority,mental_boost,People & Blogs,699,6,1
ZRpTyUahXe8,Orlando Shooting--Suspicious Crises Actor--Peekay Mirror,Rich Vanclaren,Film & Animation,115,6,1
jbApWbYIjLI,Russian Plane Crash BS..,Anthony 2 b.,People & Blogs,131,6,2
XBwbP6FcqGo,Russianvids - Kurt Cobain And Nirvana Exposed,Zack Greevey,News & Politics,130,5,0
QfZRSLSi5Hk,Media milking Las Vegas hoax/FEMA drill. FAIR USE . Stephen Paddock same actor played Gene Rosen,Russ Redfern Chemtrails,People & Blogs,307,5,2
h6jASgYMPW0,Boston Bombing Actors At Sandy Hook,Daniel Reid,Music,611,5,0
jLcsv24r4ys,Family Guy Clip  “Help! I’ve Escaped from Kevin Spacey’s Basement!”,dr Meno,News & Politics,292,5,0
EuRw19mZP_Y,HoomanTV Sexy Girl Smelly Feet Prank Actress EXPOSED,LionWarrior28,Entertainment,305,4,0
B8H2PkasAhE,Baltimore Protester Joseph Kent  kidnapped by Police  on Live TV,Wochit News,News & Politics,1591,4,3
c3hAgd-2wqA,Crisis Cast Actors (earthlyfireflies.org),Earthly Fireflies,News & Politics,286,4,0
_1F_i-O0Z3c,CRISIS ACTORS WANTED in Murfreesboro  TN Update by Barbara Steen,Milky Way Weekly,Entertainment,263,4,0
rcJwl_2zryI,Listen to Your Jewish Mutha,Ben Jacob,Education,220,4,0
haCIeRyh13k,Florida Shooting 2A Psyop & Russia Russia Russia Troll Indictment Timing,Joshua Roberts,Education,41,3,0
3LdGgoyujGE,More Youtube censorship / Orlando False Flag,Thomas Larsen,Education,36,3,0
OkEUuIm8huY,Charleston Shooting Hoax Crisis Actors Unnatural And Unaffected Part 2 Redsilverj 1,Alex Alexjones,People & Blogs,389,3,1
Ynk93Zj6PDc,Ebola is a 100% Hoax Proof! Media Hyping! Crisis Actors!,Tenchcnet,People & Blogs,341,3,1
wgUMuzZ9fb4,CRISISCAST -YOU GOTTA SEE THIS YALL,Weaponized Truth,Entertainment,184,3,0
iZNAlw7HSzY,Legal Arm of Bundy Protest Begins to Stretch,Wochit News,News & Politics,305,3,0
Q-iGzp4iEqw,And The Oscar Goes To....Crisis Actor Jake Raak (HovsePopuli) Ft. Rep. Joe Wilson,HovsePopuli,People & Blogs,95,2,0
_pvJ4Op8Bls,The Attempted MURDER of Jeff Weinhaus by Missouri Police [INJUSTICE SYSTEM INSANITY],Jason Liberty,People & Blogs,38,2,0
Oqoj5g75reI,Mirror - Orlando Shooting HOAX: Crisis Actor Returns Gun BAN Agenda EXPOSED (Redsilverj),Mycousinsfriend Saiditsreal,People & Blogs,253,2,1
MyAqoobrnk8,NEAR MRS   Full movie  Judge Reinhold  Rebecca Pauly,TheDudezer,People & Blogs,52,2,0
cd4k-lVI8r8,Police Response to a Familiar Place,News Now Yucaipa,News & Politics,93,2,0
BrbFM-Lsfms,Joan Collins Discusses MK Ultra Abuse of Marilyn Monroe,Pizzagate Child Trafficking Rings Exposed,People & Blogs,514,2,0
96YIiZYzgYc,CAMDEN COUNCIL TO EVACUATE 161 HOUSEHOLDS FROM TOWERS,CsTrIK3r,Entertainment,542,2,0
1WvW4AaghmU,The Las Vegas Shooting started at 9 47 pm NOT At Mandalay Bay !!!,rustyrainbow,Education,39,1,0
BMy0Bp5nyms,The Autumn Heart   Full Movie   Ally Sheedy,TheDudezer,People & Blogs,62,1,0
6suXB_Um_B0,Mandela Effect Isaiah 11:6 Hoax?,PunkinHead,Education,135,1,0
OINK8hnivkU,CRISIS ACTOR live at KUZU LAUNCH PARTY 7.22.17,Randall MInick,People & Blogs,58,1,0
Wcd1XzXCBGk,The Tech Left War On Censorship Hits Into High Gear! Help Us Fight It!,audiobook,News & Politics,2,1,0
zlza1PjBdRg,Sandy Hook mother discusses gun control  mental health,TP Clips,News & Politics,114,0,1
dg6DT-V9lSM,Florida school shooting survivor:  I m not a crisis actor,Morgenkaffe,News & Politics,15,0,0
MC8C4RK1dic,NEWS: Trump - ‘Such a Psychopath’ for Saying Russia Obsessed FBI Failed to Prevent FL Shooting,Viral Today,News & Politics,7,0,0
N8Q6Dfq7E0E,Accused Cop Shooter Eric Frein Acted in War Films,michael carvell,News & Politics,897,0,6
v-v05QMt5zM,Dr Pieczenik Cut The Cable To Destroy MSM’s Authoritarian Tactic Of Internet Censorship,audiobook,News & Politics,0,0,0
HC6y4YVw7Ks,Mason Wells ABC,The Scoop,People & Blogs,2120,0,3
Ur4-r5CQhQQ,CRISIS ACTOR - International Noise Conference - Denton  TX Edition,reble335,Film & Animation,97,0,0
Mm7mHKr24L0,End Of Retired Sgt Major Dan Page Interview,fifofififo,Pets & Animals,178,0,0
oJN8RpzITvM,Rock Lottery 10 - Bwack Thabbaths - 1st Song,wolfestonemv,Entertainment,152,0,0
-7KguR5iEqs,Gangham Style Ho before Fame crISIS Acting role in the London bombing,TeslaCr1s1s Genius,People & Blogs,22,0,0
0llqf5nQ4aY,Proof! CNN Using Child Actors On Air,audiobook,News & Politics,0,0,0
fjc-totrFt4,Trinity TRANNY: The Matrix Transhuman Transgenderism,Apostle Laura Lee - Church of Philadelphia,Education,20998,,
2xGrF3wKsUU,MASON Secret Teaching REPLACES Name of Jesus Christ,Apostle Laura Lee - Church of Philadelphia,Education,1526,,
E-Monh0zs0s,Rainbow on WH. Hormones in our food.,Apostle Laura Lee - Church of Philadelphia,Education,1283,,
B8qiEcgdbWQ,All Jihadi John Videos are 100% FAKE - HERE IS WHY,Xendrius,Education,1308632,,
CUjVLDlOTtU,9/11 - Anatomy of a Great Deception,Empire of Lies,Education,46587,,
QHKkO-je0ME,IT S COMING IMMEDIATELY AND STARTING IN CALIFORNIA: AGENDA 21 AND OBAMA,The Church In the Wilderness,Nonprofits & Activism,18037,,
0KRJcSu750A,We Are DHS,U.S. Department of Homeland Security,Education,19774,,
l3-YB7YQa1s,Paris Train  Heroes   FEMA  and the Manufacture of Terror,NowTheTruthTV-7,People & Blogs,959,,
2i4HfLBM3KU,RAPTURE ALERT! 90% Of Jews DEMAND 3rd Temple & High Speed Rail 2 Get There! It s OPENING SOON!,dockidds,People & Blogs,2490,,
ylHXhNZnVKc,Meet Nathan Cirillo Crisis Actor of the Canadian Fake Jihad,Shelter Mouse,Nonprofits & Activism,5126,,
8lVu0KAYOGs,Where are the  Christians   in this confused world?! (Re-upload),Human Melody,Education,254,,
-zdCVxh7upM,NO FLESH LEFT ALIVE - STEVE QUAYLE AND AUGUSTO PEREZ,Steve Quayle,Education,44559,,
qH_oFg9SSio,S*X als Trans*mann 🍌💦 | Thorben.,Thorben.,People & Blogs,31138,,
EfBkQ94q8Hw,Ramzi Kassem on 9/11 Warping,Brown University,Education,512,,
SWdxNsinBsg,PEWDIEPIE CRINGE,PewDiePie,Entertainment,3293714,278244,2638
8t7g9290j2k,1 KILL = REMOVE 1 CLOTHING PIECE FORTNITE w/ KIM KARDASHIAN!! (Insane Ending),RiceGum,Entertainment,5316531,248069,21067
c2DgwPG7mAA,Donald Trump Interviews Himself In the Mirror,The Tonight Show Starring Jimmy Fallon,Comedy,23435587,229458,31291
eR1Ltn--iFQ,The Girl Without a Phone - a Frog Princess Story,Robert Randall,Film & Animation,7617801,105126,3042
B65hW9YYY5A,"Avengers: Infinity War Trailer #1 (2018) | Movieclips Trailers",Movieclips Trailers,Film & Animation,6466134,100789,1986
_EQ8LgRLHNs,Sie weint wegen mir 😳 Es tut mir so leid.. 😩 | BibisBeautyPalace,BibisBeautyPalace,Howto & Style,1960346,93816,3151
msYfGfrBD58,Gmod Guess Who Funny Moments - LEGIQN s First Guess Who! (Garry s Mod),VanossGaming,Gaming,2781611,91936,1030
nWwBtrVMzDs,PEOPLE OUTRAGED! The  Muslim Ban  Chaos And Confusion Explained,Philip DeFranco,Entertainment,1740136,80491,3875
Jrt2xoy5UHo,Heath Ledger Wins Supporting Actor: 2009 Oscars,Oscars,Entertainment,10244754,71513,949
ijsu8GFZBTg,10 Biggest Celebrity ★ Fitness Body Transformation,EpicMashups,Entertainment,20566852,65297,3650
duR6WkaWnyQ,Actors who can ACTUALLY sing,gretchen,People & Blogs,10845388,60884,9559
9Bd-hQfV7WA,THE ADDICTION BEGINS! | Fortnite (Battle Royale),jacksepticeye,Gaming,1249588,56943,1644
BtRy9i0XOys,Top 15 Mysteries Solved By YouTubers,Top15s,Entertainment,4554991,56917,9830
a6IUirjzvTc,Kodak Black - When Vultures Cry (Official Music Video),Kodak Black,Music,2567432,46228,2866
Qz3oWmDUW1Q,ISIS Bloopers,בערך,People & Blogs,8237172,44482,9071
E6KEHhYPCAs,Starboy (A Conor McGregor Film),Hizzer Edits,Sports,2990250,44353,1687
zvidPUXp1R8,Killerspiele  die Lügen der Medien,xxxRAiDONxxx,Nonprofits & Activism,1005711,41537,1027
eO-eAldJmA8,Giles Corey - No one is ever going to want me,radiohead1994,Music,1985275,38810,494
H8ys7xZyPxM,ESCAPING CLOWN PRISON!!!,DanTDM,Gaming,1933127,36256,1080
Yp04NNRriGQ,"#1 THE BEST TOP MAGIC SHOW ON AMERICA GOT TALENT",MusicTalentNow,Entertainment,16180773,35184,6631
10Jg_25ytU0,Lusine - Just A Cloud,ghostlyintl,Music,1591718,35047,709
1QISYBBMlQs,DISGUISING AS THE BANK! (Roblox Jailbreak),Poke,Gaming,1022274,34097,1836
DWXECDnQry4,Craziest Simpson s Conspiracies That Came True!,Reaction Time,Entertainment,795473,32022,359
PXVjCkYOJz8,Superman Actors: 1948  1951  1978  1988  1989  1993  2001  2006  2013,Supermovies,People & Blogs,7128676,31419,2565
aNIzjX4ndA4,Top 5 Fake News in Indian Media | By Dhruv Rathee,Dhruv Rathee,News & Politics,593427,25414,2856
GRrhdcn1T3k,Hat Michael Jackson seinen Tod vorgetäuscht?,StrengGeheim,Education,1686011,23530,1575
rPqqkKf0GFA,5 Mind Blowing Mysteries  Myths & Conspiracies Surrounding the RMS Titanic Sinking,Top5s,Entertainment,1424148,23518,794
26v_qC81db8,Floyd Mayweather Highlights (Greatest Hits),Boxing Legends TV,Sports,3504612,23450,1231
vOXz8qXHgr8,WHAT HAPPENS AT AREA 51!? ALIEN CONSPIRACIES!,Kendall Rae,Entertainment,390754,23231,280
vhhgI4tSMwc,Why 30 is not the new 20 | Meg Jay,TED,People & Blogs,1676263,22488,1118
dJMVkwQDlaQ,CNN Exposed,Reaction Time,Entertainment,451856,20558,262
OPvzhVZnkjw,Kasabian - You re In Love With a Psycho (Lyric Video),KasabianVEVO,Music,1678918,19014,918
gU5DDKHeo0A,Top 10 Chameleonic Actors and Actresses,WatchMojo.com,Entertainment,2652339,18035,632
sbxKbI9Ik4o,How to open a can without a can opener,Kevin108,Howto & Style,6653939,17887,2018
tEg7rAGNfhY,Bow finds a valve,DexterVane,Comedy,1968484,16639,157
B6EA9pPRrv4,Top 10 Cocktails for Men,WatchMojo.com,Howto & Style,2497744,16632,2345
RcHRaxN-u5U,These 5 Censored Books Tell a History the Establishment Wants Hidden,breakingtheset,News & Politics,1292393,16520,942
4-8ohDYbri0,Hat diese Frau die Zukunft vorhergesagt?,StrengGeheim,Education,702402,15678,1023
upBvC8EU7hQ,JP PERFORMANCE GOES LAS VEGAS | PART 1,JP Performance,Autos & Vehicles,474696,15380,96
rks0RpzXhzI,"Joe Rogan Experience #985 - Gad Saad",PowerfulJRE,People & Blogs,899239,14808,2184
X3i4mVo9tIs,Uncensored No Underwear Subway Ride,Improv Everywhere,Comedy,8136141,13461,2410
2SOfYn39olU,Ruining A 15 Million Dollar Scammer s ENTIRE Day - The Hoax Hotel,The Hoax Hotel,Entertainment,650160,12283,363
Yc-oFGdnUT0,15 gruselige Fotos  die zeigen wie schlimm unsere Welt wirklich ist!,CreepyPastaPunch,Entertainment,701105,12139,730
-Nbh3ItqFyo,Murderous Antifa attacker and coward identified  Charges filed. Evidence provided. Thanks 4chan!,RedPill Shark,People & Blogs,576022,11554,496
NomwLVtj4rU,Top 10 Hoaxes of All Time,WatchMojo.com,News & Politics,1295854,11173,325
oCEyM8AJUoE,HIDDEN SECRETS INSIDE The White House The Public Doesn t Know About,TheRichest,Entertainment,1673696,11032,1042
BMpVZ_p_7Bc,The Dinosaurs You Love Are Fake,Seeker,Science & Technology,1269427,10908,1989
z5U__IfXkuA,Something Strange Happened at My High School Reunion... SCARIEST Reddit Story,LoeyLane,Entertainment,177688,10777,141
PxijUQpioks,Inside Glasgow s underground after-hours party scene,i-D,Howto & Style,557805,10752,789
6jZHNjc4Xk0,Public  Education  has become indoctrination and distraction,Ryan Dawson,Education,616721,10240,245
RvJWDrQG01c,It s Only Hair,Shaun White,People & Blogs,4488915,9519,1562
kvm1Ii-YGjs,Dead Husband - Plastic Mind,EntiteSombre,Music,359100,8850,141
xoX4SYHnmi0,The Untold History of German America (Deutschamerikaner),Masaman,Education,459477,8410,377
-DM1uIh8fv0,The Gang Tries to Not Be Racist,Julia Feels Nostalgic,Entertainment,1038596,8288,325
Sg31rn_9eao,All The News is Fake!,Jonathan Pie,Comedy,293768,8061,100
xbr43jeAPT4,Christian Mom s EPIC Rap Song Meltdown,The Young Turks,News & Politics,379904,8020,1760
hsaU4-AUW2Y,Wolf of Wall Street s bitcoin warning,CNNMoney,News & Politics,1449189,7488,3202
BQgNrnWZVSI,What no one wants to say about Ferguson!,Prince Ea,Music,346094,6911,144
5NeqTdS5nxc,Former worker of Bohemian Grove speaks out about the club and its members,Mark Dice,News & Politics,758850,6648,314
CHtYoZ6Gduo,Celebrities & President Obama Are Cloned ?! (Illuminati Exposed),3CreepyTV,Entertainment,1310297,6426,2078
YCedWxlG90M,Noam Chomsky on ISIS,Chomsky s Philosophy,Nonprofits & Activism,726239,6271,653
FANK7xdUqzY,Special Episode of The MMA Hour With Nate Diaz - MMA Fighting,MMAFightingonSBN,Sports,408114,6220,472
k90O8VhA2ZM,Did This Book Cause The Holocaust?,Alltime Conspiracies,Education,310774,6188,588
9rHHYne6bFg,Interview With Dr Jordan Peterson (The Bear and The Lobster),Owen Benjamin,Comedy,84220,5969,53
ZfZhi8nnnLI,James Spader Is Fine With His Eccentricity,The Late Show with Stephen Colbert,Entertainment,859916,5966,130
wZg4mcYkIwU,North Hollywood Bank Shootout_February 28  1997,LA News Archive,News & Politics,2646817,5675,550
RUuRqa-XU8A,Ebola Virus: Film reveals scenes of horror in Liberia - BBC News,BBC News,News & Politics,1181662,5574,332
ufkmhgSBlb8,The Truth About The Clinton Pedophile Ring Exposed,The Alex Jones Channel,News & Politics,369588,5441,212
-2sUCcaPkAE,25 Unbelievable Facts About The Mayans That Might Surprise You,list25,Education,690741,4913,387
bSaGMaA3eA4,The Great Piano Scam,BoschPianoMusic,Music,517118,4847,297
pogGsTU_VRI,Migrants Attack Young Girls at Swedish Music Festivals Putte i Parken and Bråvalla (REACTION),Anthony Brian Logan,News & Politics,482111,4490,294
pWZ5CDPaXg4,In Vegas gewonnen 🌎 Las Vegas (USA),Sarazar,Gaming,103654,4403,191
sSW4-GcWbSc,Robot - Ironman vs Hulk  Fun Game for All Kids HD Baby Video,4U Games Channel,Entertainment,5179501,4340,1816
Zk02GZxbJvs,MSM Caught Red Handed Faking News,The Alex Jones Channel,News & Politics,163665,4281,108
auFIJxylYV8,Reunion: He hasn t seen his father in 2 years || STEVE HARVEY,Steve TV Show,Entertainment,588910,4243,85
32uDtWC7I7U,Die 10 Geheimnisvollsten Menschen!,TopWelt,Entertainment,231140,4219,149
arJPE6lNQSc,The Carbonaro Effect - Instant Cash,truTV,Entertainment,848177,4175,121
DAzy37yzodk,EXCLUSIVE VIDEO FROM THE DOWNTOWN DALLAS SHOOTING on 7/7/16.,Central Track,Entertainment,1594808,4156,369
t2APt0_DlWk,Hillary Clinton s House of Cards Falling 100 Sealed Indictments and FBI Raids,April LaJune,News & Politics,102787,4149,73
f7ZPS8Ez-b0,Atentados de falsa bandera en París: peligro de Tercera Guerra Mundial.,ZDI,People & Blogs,308576,4128,415
k8sbm3ANTjo,MURDERED Gray State David Crowley Painted As a Lunatic by NETFLIX,RichieFromBoston,People & Blogs,58198,4054,140
IKf8d4Y-NlM,Man Walks Out Of Question Time Studio Over Immigration Row - BBCQT Barking 06/03/2014,smtm: Entertainment,News & Politics,1254194,3884,627
IRK2NXFXEtY,The Life and Death of Nabeel Qureshi (David Wood),Theology  Philosophy and Science,People & Blogs,228610,3734,172
SqH-4o_Nd9E,Police Chief Stands Up to Antifa at Berkeley City Council Meeting - Episode 2,Very Fake News,People & Blogs,120095,3598,122
qcFXhuzTK58,CHROM - Loneliness,Out Of Line Music,Entertainment,384883,3598,69
yYKUnp1aS_4,Predictions for 2018,The Truth Factory,News & Politics,34549,3492,84
TvuBsfNGTN8,EYE OF THE ILLUMINATI (2012 Full Documentary),Mark Howitt,Education,713382,3462,368
kXEZp-ULmXw,Here s something the government didn t want you to see,FreeSpeechCoalition,News & Politics,2040639,3433,293
VINntL5cVrM,SHOCKING & HORRIBLE: Human Meat Found in McDonald’s Meat Factory.,MLordandGod,People & Blogs,378473,3430,633
jZVfDq88XwI,Smuggling Basketballs | Snog Marry Avoid,Snog  Marry  Avoid?,Entertainment,848721,3406,166
HVAI07f-5M0,Clif High-2017 Predictions on Everything,Greg Hunter,News & Politics,296740,3262,243
ACX0MIRRW4k,Bill Gates BUSTED; India THROWS Out Foundation  Sues Gates For Dangerous Vaccines,Christian Journal - Media,News & Politics,146632,3203,171
It5JC45KMGo,BANNED FROM CNN Flight 93 eyewitness admits not seeing dead bodies,NwoNewsNetwork,News & Politics,2725743,3036,362
Z2h7ggRUFws,Europe s Jewish Exodus (Full Length),VICE News,News & Politics,331818,2969,1277
oBSvUlkB61s,"Ben Swann #Pizzagate Special 720p - CBS News 1/17/17",iBankCoin.com,News & Politics,153272,2874,63
-0Itl5ChyCs,Chuck Missler - Return Of The Nephilim_ UFO s_ Aliens & the Bible,ErikS22,Education,401598,2800,195
duIYNICxww8,Cindy Trimm - Declare Yourself Healed,Cindy Trimm,Nonprofits & Activism,262770,2783,133
icKIWW1EcuY,John todd  ex Illuminati  explaining the Illuminati  full video.,Lee Goodall,People & Blogs,643686,2753,238
MLGVgeG-d6U,Smart Phones Will Send Data THROUGH YOUR BONES Next,Truthstream Media,Science & Technology,74182,2743,78
aMMEQNnSZIo,MICROWAVE WEAPONRY S USE ON PEOPLE EXPLAINED BY DR BARRIE TROWER,SuperDeltaBravo1,News & Politics,255424,2706,76
6xkydzsDOTU,Barstool Shark Tank With Mark Cuban - Big Cat LLC,Barstool Sports,Entertainment,551482,2616,208
4WN0M3VEL1A,This Is Huge CERN Is Bringing In Demons Proof In Pictures,Christian Journal - Media,Education,342173,2609,716
2iNpECn_8WQ,"Joe Rogan Experience #770 - Michael Shermer",PowerfulJRE,People & Blogs,295393,2474,321
sLqKKaZGgwA,The Scary TRUTH About Feminism (Satanic illuminati feminist agenda Exposed Full Documentary),SoulJa Of GOD,Education,145222,2456,295
9iWdi3r5cIQ,Mr. Robot Season 2.0 + Westworld Pilot Review,Comic Book Girl 19,Entertainment,73522,2301,86
ADPlPnwV_M0,The Harvest/Las Vegas Sheriff. Paddock Was Setup!,BPEarthWatch,Science & Technology,47188,2291,67
ZJf1a3knuoo,The Illuminati Message Behind Prometheus,The Alex Jones Channel,News & Politics,433192,2246,896
aiVbjQyBxjs,Bacteria In low Eath Orbit NASA,RichieFromBoston,Science & Technology,41002,2238,53
zJKKrEyjMZs,InfoWars 3-5 LIVE - Trump Admits He s A  Globalist,The Alex Jones Channel,News & Politics,119564,2186,401
UpOkvLRQiVk,NGO News: The sky is an LCD Screen / Hologram 2,John Kocalis,Education,474079,2131,752
WMMonbHPTVE,Something BIG is rising up from earth beneath New England - Seismic anomaly reveals!,MrMBB333,Science & Technology,65875,2018,76
UNlHmam6I2c,The Carbonaro Effect - Origami Box Revealed,truTV,Entertainment,341973,2006,66
6nEhD9J4O50,The Coffee Deception: 13 Little Known Facts About Coffee,Lucid Dreamer,Education,110093,1958,356
qfq92Bw7FZY,Rachel Maddow Tears the  Cure the Gays  Guy A New One,GateKeeper50hotmail,News & Politics,234202,1932,160
o5mRmJv5OVQ,Mobil Robot Transformer Keren Bisa Berubah - GTA San Andreas,Tukang Game,Gaming,313257,1908,227
B4XhoGzHWps,Steve Harvey without a mustache? || STEVE HARVEY,Steve TV Show,Entertainment,169595,1874,19
cXzKaKoW65U,2017 - THE END OF ELECTRONIC HARASSMENT SYMPTOMS - END YOUR TARGETING SYMPTOMS,Lookoutfa Charlie,Science & Technology,113420,1842,99
t6QvWFIMQ2E,Something Big Exploded Over New York! [CONFIRMED] 2017-2018,thirdphaseofmoon,Science & Technology,187654,1800,191
31qZ8LaziHg,Why It s So Hard To Get The Power Back On In Puerto Rico (HBO),VICE News,News & Politics,109534,1786,64
dm7S8aXQJ4I,FakeX Space Excrement,Eric Dubay,People & Blogs,38118,1735,664
eoiP9yI11F0,Young returnees start over in Mexico after growing up in the U.S.,PBS NewsHour,News & Politics,284215,1704,608
hiTe5zulWA8,Der bekannteste Fake News-Macher der Welt | Galileo | ProSieben,Galileo,Entertainment,86504,1700,220
Gi8QMSMb-Bs,Blanck Mass - Silent Treatment (Official Audio),Sacred Bones Records,Music,101616,1685,37
AHarUc8UxLg,Things Actors Should NEVER Say or Do In Auditions,Pretty Funny Stuff,Comedy,161354,1674,51
NPQzFF0tYKE,Dick Gregory speaks on Michael Brown Shooting  St. Louis Protests  and State of Black America,blackmagik363,Education,180216,1653,110
MzJx7D3qjFg,"Canada Pays Hush Money To Silence MKULTRA Victim s Daughter - #NewWorldNextWeek",corbettreport,News & Politics,34046,1626,28
q-794xJWpqc,Something Big Just Went Down! 2018,thirdphaseofmoon,Science & Technology,127728,1624,396
sNRh1vlGksk,A Brief History of False Flag Terror,corbettreport,News & Politics,76265,1600,26
PmgFWncFnCA,"John Legend And Trevor Noah Reenact Chrissy Teigen’s Tweets | #FBF | WWHL",Watch What Happens Live with Andy Cohen,Entertainment,267545,1511,38
mbisKcrLZnA,Nthng - The Traveller [TAR001],HATE,Music,60497,1477,16
paPGJcnCdDY,Yep  Kent Hovind is Still an Intellectual 4th Grader,Viced Rhino,Entertainment,29168,1468,102
KsuRCXiYGO4,Anderson Cooper biatching out Mary Landrieu over Katrina,Jason Harris,News & Politics,324686,1429,48
bhs6yL7bdGw,Mentiras de NASA en tiempos de verdades,Revelacion Humana,Entertainment,21533,1354,28
SXuTzC-RhsY,Keiser Report: What Will 2018 Bring Us? (E1169),RT,News & Politics,78445,1345,96
-iPGwac2h18,Syria hospitals Russia accused of bombing don’t exist – Defense Min,RT,News & Politics,58653,1318,48
9tuYJFTwDqU,Illuminati & the NFL ▶️️,ODD Reality,Education,54886,1310,58
cs18R78idpQ,Gun Control and the Abortion Debate (Antonia Okafor Pt. 3),The Rubin Report,News & Politics,35859,1307,91
OvdGZvTIobg,JESSE WALLENS [BFvsGF]  Help  They have Me  ILLUMINATI  CRY FOR HELP??,The Black Child,People & Blogs,119610,1274,297
aDebWqEYISY,NASA Gets Hacked! What Was Leaked Turns This Conspiracy Theory Into Fact…,Lisa Haven,News & Politics,94799,1234,108
TSDCr7VJTCw,Highly Decorated Navy Seal Warns of Coming Civil War,The Alex Jones Channel,News & Politics,141295,1231,59
wOQskOn7Z-0,Bigtime TRUTHERS with JOSH REEVES,RichieFromBoston,People & Blogs,20351,1231,68
SuiQLnZrXXE,U.S./Illuminati PLOT on Tianjin China,The Black Child,People & Blogs,85843,1222,116
6CMQ2ULW2dc,Arch of Gabriel discovered  And what they don t want you to know. (ANONYMOUS tv),SGT DRAGS,Education,234489,1213,344
AHfDHlQtFGE,Mass shooting at church in Texas: Special report,ABC News,News & Politics,260101,1202,154
hFtYHBNOPts,Beyond JFK The Question of Conspiracy,Seb Menard,News & Politics,314434,1190,112
-6s1hrk5QjM,The AntiChrist Will Come From Turkey,GreekCrusader23,Education,219709,1181,378
-viB_iEm0ms,John Titor - Art Bell Coast to Coast AM 4/5/2000 Time Travel,Michael Mitreski,Science & Technology,277600,1152,130
9JCX3VeP1jI,I Should Have Faked My Death || STEVE HARVEY,Steve TV Show,Entertainment,153617,1149,11
YCsD5hizjC8,The Army is Preparing For Martial Law in MegaCities: “Mass Migration  Disaster  Inner-City Turmoil”,Christian Journal - Media,News & Politics,67122,1135,66
bYoKa-3-Jno,ABANDONED Free Mason Lodge (ft. Exploring With Josh & Danny),The Adventure Page,Entertainment,119654,1081,163
rK3aczUNZY8,Anderson Cooper gets ANGRY At Sean Spicer For Not Answering Questions About Trump,Jon Snow - The Viral Network,People & Blogs,233149,1081,167
DSGSPTNv02Y,THIS HOLIDAY SEASON LETS FOCUS ON GETTING THIS TRASH OUT OF CHILDREN S SCHOOLS!,A Call For An Uprising,Education,21784,1055,31
l1tkW4SBhr8,Doku - Schwarzmarkt im Visier ( Folge 5 Abzocker in Las Vegas),Jeyjo Connexions,Entertainment,295944,1051,84
cr1eEGXTZ4Q,Diane Sawyer DURING COMMERCIAL BREAK,pleiadiansoullight,Education,971439,1033,337
Wzt8kI6Eid8,IS SOMETHING BIG Suppose To Happen In 2018 ?,THAT IS IMPOSSIBLE,Entertainment,26155,1032,65
PnSYEz2hPfQ,Why Is CNN Admitting That Russiagate Is Fake?,The Alex Jones Channel,News & Politics,24951,1027,33
fSg5YK5p6aE,Defending Elliot Rodger: Rotting in loneliness,MRDESTRUCTION26,People & Blogs,41867,1019,228
Hdrp-vA7tAI,The MMA Hour Mayweather vs. McGregor Special From Las Vegas  Day 2,MMAFightingonSBN,Sports,67536,1006,49
GQYFRhYpTyw,LORD OF THE LOST - Gothic meets Klassik (Full Show),Lord777,Music,27486,1003,6
5Onoi_ltNSM,DR. OZ WANTS YOU TO GET THIS NEW TECHNOLOGY!,A Call For An Uprising,Science & Technology,16060,993,21
GeJZ7dbY6kA,Jake Tapper Says Allahu Akbar Is  Beautiful  After NYC Attack,The Alex Jones Channel,News & Politics,21554,979,86
OKqIA0AHXUo,ATF Reveals who Helped Las Vegas Gunman to Carry Out Massacre | Anonymous EXPOSED,Anonymous EXPOSED,Nonprofits & Activism,100957,976,114
66CD-u2mlC0,Neurotech - Symphonies (Full Album),NeuroWulf,Music,49018,973,13
lnIObLyuVHE,Californians  you ve been replaced,WCAMStudios,News & Politics,31975,968,100
qlkN-VzPE-o,Las Vegas Shooting - Eye Witness Claims No Bullets Hitting Ground + Cell Phone Compilation,Blackstone Intelligence Network,People & Blogs,178435,934,232
DN508_-TVac,Cleanse/Extraction with Salt + Turpentine,HerbsPlusBeadWorks,Education,67361,931,16
bkNIy2OByA8,The World As We Know It Is About To Change - Episode 1492b,X22Report,People & Blogs,37923,920,50
tHbcpXqiC4U,camaleon calyptratus (evolucion),emmanuel gomez figueroa,Pets & Animals,215217,915,64
V6UKzpXQdXE,Intel Report: US Now Under Attack,William Mount,News & Politics,27850,915,62
Q3oTF6-9Ogw,DER GEFÄHRLICHSTE MANN DER WELT? - George Soros,Albert Zweistein,News & Politics,102530,911,72
s74Iti-kfYs,10 TRUE Scary Unexplainable Stories | ( Scary Stories) | Paranormal Video,Mortis Media,Entertainment,24504,906,31
hN7oJJvxr80,You Have To Hear This Man! Warning to America.,photohelix,People & Blogs,109640,873,149
dLauqDChQGs,The Game Official Trailer (1997) Michael Douglas  David Fincher Movie 1080p HD,JoBlo Movie Trailers,Entertainment,391532,853,56
vQLK0pclm7w,Conquering Dystopia - Conquering Dystopia [ Full Album ],Extreme Metal And Hardcore Albums,Music,56101,843,21
WHzIpFg8tnQ,"Let s Play Max Payne 1 #002 [Deutsch] [HD] - Dramatischer Auftakt & U-Bahn Abenteuer",Gronkh,Gaming,196011,843,30
FCyccHjFvgI,How to Fight Against Truth Tyranny and Media Disinformation | Be a Liberty Ninja,Lionel Nation,News & Politics,11420,838,5
ugbxVlL-UZw,Sia breaks down crying during  Titanium  Orlando tribute 2016,Click Suscribirse,People & Blogs,67343,823,10
GBUAV01AiDc,Are David Icke and Alex Jones Controlled Opposition Agents?,Gnostic Warrior,Education,87397,817,207
jhv9HJaA67c,Cab Driver on the BBC,pud lah,Entertainment,302803,807,28
LcDW9fDjrfw,Hollywood Unmasked 2,TallPaulToo,Education,114378,806,102
L8ODMbhvPmM,Inside Area 51  Secrets and Conspiracies - HD Nat Geo Documentary [1947 - 2018],Top Class Documentaries,Entertainment,235282,801,99
2tziHT9gCOk,🚨 The Truth About Jewish Zionist Control Over America,Blackstone Intelligence Network,People & Blogs,12508,793,29
XjgfnS7qKCI,Five reasons the Middle East is in crisis - Newsnight,BBC Newsnight,News & Politics,200999,786,325
GMCSCsBHKf8,The Orlando Shooting: An Open Source Investigation,corbettreport,News & Politics,28506,782,24
Y5tcmRmUy5k,The New World Order Interview,HauntedCrypt,News & Politics,63856,772,40
PvfSjNkbETA,Why the Death of a Pulse Massacre Victim Tore Her Family Apart | Iyanla: Fix My Life | OWN,OWN,Entertainment,59747,763,30
a4dTxlsLkhU,"Mexico City s Richest Neighbourhood: POLANCO — Mexico Travel Vlog #13",The New Travel,Travel & Events,18442,760,29
QI-s_hRYfbY,The Ragnarok: Beginnings.,Bare Knuckle Pickups,Music,27089,756,9
GYTMBRhtj10,Who s Your Favorite?!,Joseph Kent Craig,People & Blogs,92205,751,13
HKBo618ZvGA,Oprah Winfrey s eyes turned Satanic on live TV  but the crowd s to stupid to realize it,STOP THE CRIMINAL CIA NWO,News & Politics,356554,750,454
ue1vAI--B1c,Corey Feldman Names Another Name,The Vigilant Christian,Entertainment,50489,748,92
qF3ZZEnwqpM,VOICIANS - Wasteland,Voicians,Music,39278,744,8
0WxjTzT_VdM,I-Leuren Moret: Jesuit s origin in Babylon; Are Satanic Knights Templar for one world govt,Alfred Lambremont Webre,News & Politics,70267,722,40
2hF5Vh3gvpU,Tell if someone is lying using NLP Eye Accessing Cues,powerfulsexyprincess,People & Blogs,188655,717,46
3vUYGchf0Ec,Everything You Know About Freemasonry  Secret Societies & America Is Wrong,FritzCayoVids,News & Politics,67280,714,109
-4TePUOrBGM,Flashback To When MSNBC Was Actually Good,The Rational National,News & Politics,9542,691,14
PLPLptWnhc4,Train Crash    Possible Attempt to Take Out GOP Lawmakers ??,theJonathanKleck,Education,17271,687,31
R2cqzJwhlCg,(WATCH NOW)( ALERT PEOPLE) 2016/2017 ( FEMA) BRIEFING,TRUFO358,Science & Technology,39828,674,37
5nRlMe_Rd8s,Alex Jones FLIPS OUT On Steve Bannon  Whines About Fire And Fury,The Majority Report with Sam Seder,News & Politics,23233,672,34
Q-5_dfBzJws,Man Breaks The Wheel of Fortune!! (FULL VIDEO),bryokyo,Film & Animation,211728,655,256
FtPP_c0fpXo,Dean rapes Linda |Eastenders|,Eastenders._,Comedy,678488,649,236
dNOn1MmPmZY,WHAT!! JOHN KERRY at SOUTH POLE on ELECTION DAY ! Something Is Not Right About This,Elite NWO Agenda,Entertainment,109649,648,61
QhcQT3oG2OI,Hasan Piker VS The Second Amendment,Leftist Cuck,News & Politics,11281,646,22
-7YkDR6msvU,Alerta Pastores  Masones Infiltrados // Parte 1/2,Iru Landucci // Nur para todos // Tierra Plana,Science & Technology,15556,634,167
0LL7_5avTjU,5. Emotions following Nabeel s Death (David Wood),Whaddo You Meme??,Education,22886,631,24
YAGilPiZLcc,Our Country Is Run By Sicko Murderers,The Alex Jones Channel,Nonprofits & Activism,36237,615,24
_ORomsXjbQg,PEDOPHILIA is Real  PIZZAGATE is a PSY-OP.,RichieFromBoston,People & Blogs,11068,593,83
EYV0klJrUEw,Fake Hillary Exposed with Indisputable Evidence: Every American Must Watch,Zak Zaurus,Education,35592,590,44
1HULP8WHgVs,Heaven on Earth - The Rise and Fall of Socialism,Know Nothing,News & Politics,85359,563,86
rG-BzItonLE,Julian Assange Is Back Turn s light on the Vegas Massacre Jesus Campose does Hollywood,Rockin. News,News & Politics,123292,548,356
ZZbw-lp8JGk,British Sergeant Major Explains The Rules of Black People in The British Army,EuropeanCommanders8,Comedy,222922,533,47
JJ_s_waokDg,False Flags  TPP  and Government Tyranny & Lies with Robert David Steele,TheLipTV,News & Politics,35711,533,29
ALzBU-O9AdU,Mr.Kitty - I Hope You Fall Apart,Forrest LeMaire,Music,24429,528,5
8Hn_FjcdDc8,Mark Steyn and Dana Loesch! Many Actors Are Freakish Bigots!,Rshill7,People & Blogs,31925,526,5
9-NWYhmAWXc,MY FAITH STORY: HOW GOD SAVED ME,Chanel and Dustin,People & Blogs,11618,521,5
-V098t3bxhY,Lucifer Dethroned w/ David Carrico and William Schnoebelen,Now You See TV,Education,23366,520,39
LKn-Rd-jT2Q,Why Haven t All The Doctors and Dentists Been Shot Yet?,Jeff Berwick,People & Blogs,18364,512,40
GpjFjSfsq1w,Catching America s Fake Veterans (2010),Journeyman Pictures,News & Politics,62511,504,35
zqCY38MQqHo,Las Vegas shooter: Who is Stephen Paddock?,Fox News,News & Politics,191635,502,173
Zn6rM2Dl-_I,White Collar - Neal & Sara,Goon Of Skulls,Film & Animation,285613,501,24
O2hif7AeX24,Battling Gun Control | TGC Podcast | Ep. 010,TheGunCollective,News & Politics,7569,488,22
TaYTuczkeNE,Did FBI Plant Gun To Cover-Up Oregon Murder?,The Alex Jones Channel,Nonprofits & Activism,23260,481,22
GP-0c9OrfrU,TRUMP Assassination Attempt HOAX? Did u know Trump  Hillary  & Obama Connected? Must SEE!,Thecontroversy7,News & Politics,66086,481,73
UDFqib22uoo,Getting Into Industrial?,Killbot&GorGorAttack!!,Music,10852,477,10
kJY1AkyOaQQ,New Political Parties? | We the Internet TV,We The Internet,Comedy,67748,477,146
-9hiBqbkkrw,Beat YouTube Censorship (Regulation Trap),Barry Soetoro,People & Blogs,9353,471,19
F4_lOR2AsVM,Purge of Khazarian mobsters intensifies as Trump is kept safe in Asia Benjamin Fulford Nov 6 2017,Secret Wars,News & Politics,23552,469,19
7JJU9IccoQA,White Walls of the Flat Earth,Whiskey Leaks,Entertainment,51673,467,171
HTWRevcr6aU,Russischer Außenamtssprecherin platzt der Kragen: „CNN  hören Sie auf Fake News zu verbreiten“,RT Deutsch,News & Politics,18089,465,15
BMxWGMmYrl0,🇺🇸 US government shut down: Who s to blame? | Inside Story,Al Jazeera English,Shows,76903,460,94
Dnd4u1qRpOM,Tom Petty Autopsy is Finally out and He Died of Fentanyl Addiction! Wait What?,pocketsofthefuture,Howto & Style,17898,458,27
ErP_gS6NFDM,trevor noah speaking xhosa,garbanzo,Education,33444,456,3
aBfkNT5Cdvg,A SIMPLE LIE is DECEIVING the WHOLE WORLD - do you KNOW IT?,David Vose,News & Politics,49834,453,179
Vnt65ksQg4s,Paris s Notre-Dame Attack: Man shouted  This is for Syria  - BBC News,BBC News,News & Politics,62664,451,78
Xjz2mbUxD1s,Does Obama Really Exist?,Snordster,Nonprofits & Activism,40230,450,14
-57AJxsiL9g,I witnessed the Giffords shooting,worldphilosopher101,Education,35777,446,127
Cw14lNA-fEQ,HOW TO SURVIVE A TERRORIST ATTACK!!,Funny Cruz,People & Blogs,60873,444,19
JHyt6qVbOSc,Hillary Clinton ~ The True Monster,Doctor Whoo,People & Blogs,25837,442,9
B1-IOj1I0GI,Videos on YouTube call Las Vegas Shooting a  hoax  - BBC News,BBC News,News & Politics,76334,440,1611
v_etwy99qDc,Part 4 - Dutch  Elite  Banker Ronald Bernard - In English Audio,The Vigilant One,News & Politics,20576,435,23
Jpp9ASjA-3c,An intimate conversation with Cate Blanchett,Women in the World,News & Politics,41500,424,2
PqxPCkVlfSI,Paris terrorist attacks: at least 129 die in attacks on concert hall and restaurants,TomoNews US,News & Politics,60670,422,39
MiXjWndq2CU,Pizzagate : Una de las mayores conspiraciones casi acaba en masacre,RT en Español,News & Politics,24127,416,357
0ZeUiR09qDE,Hampstead Whistleblower Kids UPDATE May 2015,All Modern Cons II,Nonprofits & Activism,55078,414,55
-Cb2NwuIU78,A Summary of the January 2017 Web Bot Report.,maneco64,Film & Animation,14716,407,16
OTifLQ41Af0,ANONYMOUS MESSAGE TO THE ROTHSCHILD,ConspiracyFiles YouTube,Education,40311,401,48
ie2c3vRxCBE,Proof: Jade Helm 15 is for Surgical Martial Law Strikes within U.S. Soil for Training,strongtower0914,Education,102879,387,97
jm9uWAUgpnc,[RARE] Las Vegas Shooting **People getting shot** New Unseen Raw Footage,Trending Hollywood,News & Politics,71556,382,51
GJMZn754JT8,Christian Death -Catastrophe Ballet (Full Album),MrHUNKDeath,Music,23832,372,9
1OGummEY7Nc,Baltimore Residents React To Rioters Being Called  Thugs,The Alex Jones Channel,People & Blogs,23427,370,43
OLLWED4mpjI,- NEW EVIDENCE - Freddie Gray Injured Himself - Baltimore Riot False Flag ALERT,Mark Dice,News & Politics,18751,364,341
fRPtRmwyKFs,The Sisters of Mercy - Dominion / Mother Russia (Lyrics),Leyki,Music,37641,363,8
qcbnYnJCJkw,Beyonce s New Video Foundation Shot in Hell-Calls Truthers  Haters,pocketsofthefuture,Howto & Style,25139,361,48
diHc5m1-I6U,Fox News Panel WEEP Over Donald Trump  MORALLY BANKRUPT  Comments,MegaJeremyFisher,News & Politics,60968,358,158
7KGrf2yyMno,JAMES FOLEY S SISTER IS AN ACTRESS FROM SANDY HOOK??????,Christian Journal - Media,People & Blogs,97884,357,179
V-VxP2BveOg,2017 PIZZAGATE NEW 100% UNDENIABLE PROOF OF SATANIC RITUAL CANNIBALISM IN OUR GOVERNMENT,Plymouth Fury,People & Blogs,19711,351,17
AlYQ4xEffXU,Gold  Silver Hammered - Something Big is Happening in Bonds,Silver Fortune,Education,21189,344,25
rPP8bHOhlH4,Exposing  The Decline of Western Civilization  Part III,Killbot&GorGorAttack!!,Entertainment,8241,344,13
ov0zN7DLcAw,USA And Turkey Setting The Stage For A Major ISIS False Flag Attack?,Spiro,News & Politics,14877,341,20
XL2xFsK0nuU,Greg Palast & Alex Jones: Koch Brothers Exposed!,The Alex Jones Channel,Nonprofits & Activism,49189,339,37
Fdb_zqXBSd8,Nekoma Complex - 11:57 (Progressive Metal / Djent 2017),Nekoma Complex,People & Blogs,33023,324,10
tcayIzl_LwQ,Comet Pizza Shooter: Psy-op 101 STAGE 1,RichieFromBoston,People & Blogs,5896,323,21
R9SlfHh8izo,Obama s Name rearranged tells who he REALLY is. Mind boggling!!!,CleanTVcom,News & Politics,234647,323,118
PTfI4Cy8K5k,Climate Change Global Warming HOAX! The BIGGER Agenda REVEALED!!!,TruthUnveiled777,Education,17166,319,106
gN3QOw1gCY8,MİT  Dış Operasyonları Nasıl Yapıyor? - Mete Yarar Anlatıyor,Haber TV,News & Politics,59447,319,22
tJCE-E7jH4E,Noel Gallagher - Don t look back in anger @Manchester Arena - We are Manchester,Ryan Wynne,Music,62838,318,12
tE99PaXC4kA,CNN News Live Stream HD - CNN Live 24/7,NATITASKA,News & Politics,134760,317,161
MJw_JcpoBRw,Dinosaurs existed with humans! Evolutionist lies exposed!,FishHeadSalad,Entertainment,5183,316,35
pbRGe3Ba2tA,Same Guy 2 Diff News Stations 2 Diff Stories!!? Whats Goin On??,Christian Video Channel,Education,51876,314,79
D3abGqByBfY,TYT - 10.12.17: Limbaugh  Trump Hates Everyone  Rose McGowan  and NBC Quashed Weinstein Story,TYT Shows,News & Politics,35512,300,78
0iCjY9ZR4LY,Brian Gerrish - The Killing Regime,Alternative View,People & Blogs,24204,299,8
V5xTmSU_f8U,Why Lee Harvey Oswald Acted Alone in the Assassination of JFK: Proof from Attorney Vincent Bugliosi,The Film Archives,Education,82500,298,285
4aerp0-9WFg,Dan Page & CNN: Real Protest vs Fake Protest,The Black Child,People & Blogs,14470,296,9
-dxonB1zYTg,London police confirm Parsons Green explosion was terrorist attack,RT,News & Politics,40237,295,61
SplkSbAWc08,New Rape Scene Uncut full H*t,Mahendra Bohra Films,Entertainment,694348,290,261
XSmSjt_vAhU,Texas & Oklahoma Fires Something Strange Found You Must See,JW Tv,Science & Technology,4720,289,6
PXoDld48O78,Maheswari Rape Scene || Romantic Guru,Romantic Guru,Entertainment,433512,284,202
DTzEytj2gSc,Flight Tracking Software hoax  exposing sky matrix technology,Enslaved By No Media,People & Blogs,8277,283,20
i_IuHA5DKGY,Bombing in Manchester,SecureUSA1,Science & Technology,201230,280,60
I7R_MjqBpU8,G4S -- The Leading Security Company in the United States,G4SUSA,News & Politics,96629,280,80
tTaezvvQfOs,Tyneside Mind WCA Film -  But I m Here for Mental Health,Tyneside and Northumberland Mind,Nonprofits & Activism,23845,275,6
c8UacCHI7kE,FBI caught red handed Boston bombing,Max Malone,Education,15073,274,30
AWmJQ3bOu7E,Russia  Iran  and China Building Military Alliance,Jason Unruhe,News & Politics,9030,272,16
KEFJ210UpUw,Joey Badass Talks Mr. Robot  Devastated  Pro-Era Album & Prayers Out To Troy Ave,Hot937 FM,Music,25893,272,1
6pfjJFSsJdA,The $1.4 Billion Ebola Scam,RonPaulLibertyReport,People & Blogs,23856,271,4
e8nvTuP9Y9c,DEAD WHEN I FOUND HER ~ New Drugs [Official Fan Video],soundmirror66,Music,18621,269,2
UTXnju3lEIA,Nurse with Wound - Spiral Insana (Full Album),Gaf Respih,Music,15564,266,9
a0qhVH72xTs,Alex Jones (FULL Commercial Free) Tue. 6/13/17: Megyn Kelly  Lionel  Roger Stone  Steve Pieczenik,Ron Gibson,News & Politics,29750,262,26
7b_vi6TjFgs,Paris Attacks: victims  relatives gather at La Belle Équipe  a restaurant hit by terrorists,FRANCE 24 English,News & Politics,30328,259,123
Zv-lPYx7hSw,Sandy Hook Justice Report by Wolfgang Halbig - November 5  2015 - Episode 1,Sandy Hook Justice Report,People & Blogs,14375,257,36
6uPl2ytYhjI,Freud - Death drive  reality principle  and pleasure principle | Behavior | MCAT | Khan Academy,khanacademymedicine,Education,40716,255,9
3TC-sjcPHm8,"Maddox Wants to Censor the Whole Internet #LOLSUIT",Whang!,Entertainment,5783,254,19
m5gyDYT2UCo,NATIONAL HOAX AWARDS - Best Couple or Bromance in a staged event,A Parker,People & Blogs,3545,242,5
9lfb5REtwT4,PROOF Michael Jacksons fake funeral watch with Evidence,FastPuma,People & Blogs,155814,239,129
3Ler4xft9f4,That s All You Can Do,pocketsofthefuture,Howto & Style,4715,233,7
bqhXP5iRJuA,BREAKING! MULTIPLE VICTIMS JUST REVEALED FLORIDA SHOOTER DIDN T ACT ALONE!,Gotcha News Network,News & Politics,6764,231,6
rrflKka_J5k,William Ramsey talks Hollywood Occult on The Hagmann Report 12-6-16,The Official Hagmann Report,News & Politics,12858,227,8
g5e2jIQKOY0,Terra Piatta: Non C è Nulla di Nascosto Che Non Sarà Svelato ...,VCC,People & Blogs,40269,227,113
b1Ph0sa0Gc0,Consonant and Dissonant Music,Jason Goldman,Music,95463,223,8
oC0Jc24gngc,How to Blow Your Nose & Other Lessons in Japanese Etiquette | On the Fringe Footnote: NBC Left Field,NBC Left Field,News & Politics,90279,218,35
6XtySDAZvJI,Last Warnings America false flag end of 2015 then dollar collapse will follow 100% it will happen.,watchman warning,People & Blogs,40305,218,23
MLuU9TWn9Eg,Orlando Shooting Pulse - Meet The Cast part 2,Tru False Flag,News & Politics,2571,217,2
4De7lYC9kg4,Shocking Saudi Purge - Missile Shot down Over Riyadh as Saudi King Arrests Princes and Billionaires,Secret Wars,News & Politics,39573,216,25
BMVilMcSreU,Mr. Robot | Bonsoir Elliot,IkeLL,Film & Animation,25540,214,4
jJmmrSRlBMQ,Operation Mockingbird: Mainstream Media/News is FAKE- 100% PROOF!!!,Agent S,News & Politics,3865,211,3
xqr5RyHX4X0,Cate Blanchett spotlights greatest crisis since World War II,Women in the World,News & Politics,14723,210,2
Wr-AHLyRJJw,"#JadeHelm Day 1: Raw Footage Inside Camp Swift",The Conscious Resistance,Nonprofits & Activism,36658,200,45
zAQ3GaCDarQ,Tucker Carlson: Bill Nye The  Science Guy  Is A Fraud,International Ministry,News & Politics,19128,197,23
BCSDF9RMy8Y,London fire: Muslims awake to break Ramadan fast may have saved Grenfell Tower residents  lives,time news - e- sport,News & Politics,18029,197,8
H2nOEUNiba8,Robert Downey Jr. Speaks Out,ChemTrailsMN,People & Blogs,12157,196,11
3JP9FpZAJWU,Judge Denies Bail to Alleged NSA Leaker Reality Winner  Citing Her Admiration for Snowden & Assange,Democracy Now!,News & Politics,7215,196,10
vKf7coWSaq0,【Remix】Ace Attorney : Trials and Tribulations “Pursuit ～Caught”　逆転裁判3 追求 ～とっつかまえて BGMアレンジ,KokiRemix,Gaming,6648,192,1
s-KhAEbu8wU,Ebola HOAX 2014 - Africans Know it s a HOAX + Some BAD Acting,TheConspiracyFact2,News & Politics,29008,189,14
3-I4rI0tMgE,Lauren Southern Shoved at Ben Shapiro s Berkeley Protest by Yvette Felarca & Friends,The Last Stand,News & Politics,8407,187,8
yCMq9NM7Y50,LIVE: KENNEKA JENKINS TOXICOLOGY REPORT BREAKING NEWS,6th Dynasty Media 2,People & Blogs,2649,187,10
JhsLm8ghuwM,Kriselnde Mainstreammedien sehen Fake-News nur bei den anderen,RT Deutsch,News & Politics,7826,187,10
oDH3KK1iI-w,TYT - 10.16.17: Trump Gay Jokes  Larry Flynt  Lawrence O’Donnell  and Opioid Crisis,TYT Shows,News & Politics,20897,184,36
KW8zKnTct00,Anderson Cooper Lies To Protect Hillary Clinton,kytekuttertv,Education,23912,181,27
MhnJ_Glz4ko,Hero Marine receives free truck after Las Vegas massacre,Fox News,News & Politics,23294,172,23
s6v9CWouJuM,Doreen (Lack of) Virtue Psy-Op Exposed!,Jeff Daugherty,Entertainment,7520,168,69
Ej8tsVCuRYA,Michelle Obama Really Runs The Country,The Alex Jones Channel,People & Blogs,17632,166,20
iy3el22EOCw,Benjamin Fulford Japanese Presentation - Laughing At Crisis Actors - Fake News,Secret Wars,Comedy,5500,166,2
URWua9l38S0,🇺🇸 US protesters rally outside White House for gun control,Al Jazeera English,News & Politics,7496,163,143
RHjtKAsMTwc,Bollywood s Jayz-Yo Yo Honey Singh Illuminati-Satan-Selling Out,pocketsofthefuture,Howto & Style,9647,162,8
x28q58rWF0Q,Alex Jones  Roger Stone And Jack Posobiec About Washington Swamp,OpenMind,News & Politics,2976,160,1
15PjqrYkbJI,Ep. 624 FADE to BLACK Jimmy Church w/ John DeSouza : The Real X-Files : LIVE,FADE TO BLACK Radio,Entertainment,14487,158,27
2fUxRJcFF_A,GRAPHIC! Stephen Paddock s death photo(s) EXAMINED & more !,icimblind,Education,17698,157,24
BWddmeKvWdA,Comedian Jim Norton Says Having Sex with a Transvestite is Not Gay!,pocketsofthefuture,Howto & Style,6116,155,15
hIi40sXdMcM,Mr.Kitty - I...,Forrest LeMaire,Music,6199,155,0
0TZQQWVy1P4,Texas Church Shooting Hoax Exposed 100% Fake,ThaReaLesT62QB,Entertainment,12345,154,41
j70eCMF2y6M,Fake News Media Spreading False Flag Conspiracy Theory About Antifa Pedophiles,OpenMind,News & Politics,2053,153,7
_XQJdpe9lU4,Virginia Riots: The Charlottesville False Flag Psyop- Martial Law  George Soros & Kentucky Is NEXT,TOTALECLIPSE Page,News & Politics,8511,153,34
e_-8uRTTxi4,Brussels Rothschild Operation ! Don t be Fooled ! REUTERS AP Getty - Forest HOAX 2016,ONN COM +,News & Politics,16077,149,31
ESxf53EWPoA,Charleston Full Of Forgiveness After Dylann Roof Shooting,The Alex Jones Channel,People & Blogs,9979,142,44
SqwJxHarNHU,USA News Is FAKED with Green Screens  CGI & Crisis Actors - News Manipulation.,MLordandGod,People & Blogs,5996,142,1
345anMB0OmI,Lets Play Clue,Whiskey Leaks,Comedy,3677,139,4
SswA1vk3PlU,Feminists Reaction to Elliot Rodger,Johnny Jones,People & Blogs,9296,138,23
4iKTFdyjAQA,Paris hammer attack caught on surveillance video,Fox News,News & Politics,15517,137,9
zPVtvyB9jfY,NBA Prospect Deemed  Too Smart  &  Questions Authority  For Illuminati Run Teams,pocketsofthefuture,Howto & Style,4866,133,2
sY_Fk1py1dk,Frank Bruno meets the Yorkshire Ripper on Jim ll Fix It,tysonnnnnnnn3,Comedy,76752,133,94
b1CJrqC0tCQ,Rambabu recording dance- 7- Rape Scene -mantalu,piduguguralla subhani.shaik,Film & Animation,191910,132,59
kKF2GptVn94,"Mandela Effect: Interview With The Affected #02 THE STRANGER",Lone Eagle,People & Blogs,1896,130,7
YHt7XhM0q0c,P.U.K.E. (Pedophiles Undoubtedly Kontrol Everything),PAYDAY MONSANTO,Nonprofits & Activism,1861,126,0
dRO7UAckaDc,How Billions were * FOOLED * by the Vegas Shooting (Part 2),Nevada Forensics,People & Blogs,6444,125,11
Yki6IRJNGxY,QUEEN VISITS MANCHESTER HOSPITAL -  We Had Practiced Actually A Month Ago..... How Very Fortunate,Elite NWO Agenda,Entertainment,7727,121,9
iVwZ2IuGu-0,OMG!!! Hillary Clinton Wanted to Drone Strike Julian Assange!!!,Agent S,News & Politics,2378,118,5
lYR6Jlp_tIE,WAR ROOM (1st HOUR) Wed - 1/31/18 • Alex Jones Infowars • Trump s SOTU Highlights,Ron Gibson,News & Politics,6359,118,2
ke2t1NV_iaI,Zapruder Frame 313: The JFK Assassination | 100 Photos | TIME,TIME,News & Politics,67814,118,5
daiMu8tvKAA,Iszoloscope :: Chronophage [Official Video],Dominic F. Marceau,Film & Animation,5092,118,0
_q7mKmDb3_A,COMPLETE TAKE-OVER 11/28/17 ALEX JONES INFOWARS,INFO WARS NEWS,Entertainment,3444,117,3
MJV2Dex1zhY,The Work Capability Assessment (WCA) for ESA,Disabled People Against Cuts,Nonprofits & Activism,8885,116,8
YrPdL63g1f8,Terrorists in Syria prepare another Fake video to show on CNN and AlJazeera.,iCitiz3nP0vv3R2,News & Politics,18733,114,10
EQNfPwvak8s,John Podesta torturing a child at Comet pizza?,Mr Smith,Gaming,9372,114,5
ARxCiOoUc_0,Nimrod Resurrection at CERN / Revisiting Nebuchadnezzars Dream,carmina mattix,Film & Animation,14538,113,25
Nbi7EbkaIZU,Shape shifting lizard exposed at protest.,CommonlyKnownAsDom,News & Politics,54821,112,70
vwM754dcLHI,Are Birthmarks Related to Our Past Life Experiences,Get Science & Technology,Science & Technology,17623,112,13
VNC0mRjnNzo,Neil Degrasse Tyson is just an actor (caught in the act) Flat Earth Truths,THE LIGHT IS ON,Education,8059,111,63
-gIi3CMEK9o,Beautiful Suicide Album Taster - Massive Ego,Massive Ego,Music,5093,110,1
s9Nls257gfk,"Impromptu Chat #7 |  Russianvids  (17-Jun-2016)",John le Bon,News & Politics,7463,110,49
_e8yQoW5FSM,tagesschau 20:00 Uhr  02.10.2017,tagesschau,News & Politics,10521,110,15
tgS1fIk5g90,Ole Dammegard – European State Sponsored Terror Events,London Forum,News & Politics,4744,105,13
GOWGk_dt650,MR. Robot allahuakbar,SayWhat2363,Comedy,7126,103,8
ehWkDv8mjes,Robert Spencer Talks About Recent Terror Attack On New York,MagiCal HD,Film & Animation,4136,102,5
HvDiT_dEBl8,Kirk Cameron Interviews Jennifer Rothschild - Finding God in Tragedy,Paul Chikuma,People & Blogs,11689,102,5
-SN5-Q7BA5A,Happiness Frequency - Serotonin  Dopamine and Endorphin Release Music  Binaural Beats Healing Music,Greenred Productions - Relaxing Music,Music,1982,101,1
tFlJnKsM3s4,UFO Disclosure Coming?,Agent S,News & Politics,6521,99,14
jbTYSDddK0w,Michigan State Trooper bullies and harasses me then illegally arrests me! Please share!,Concerned American,News & Politics,15902,99,47
JboFt5ZMQy0,Destroying RFID Antenna in credit card,Badman,Nonprofits & Activism,7225,94,7
ylZ9tXbgzbk,Syria: SDF forces and Kudish miltias prepare for Raqqa operation,Ruptly,News & Politics,21940,92,21
X_Eg9XVQHxE,Minnesota cop shooting of Justine - Another HOAX?? You tell me.,Parallel Portal,Education,2215,91,8
ZCQjcBmWa5g,TRACK TO THE FUTURE  -- Amtrak Update,Break The Matrix 4all 2,Film & Animation,814,90,2
76O-mcWYtfw,Determining Stephen Paddock s motive,CBS News,News & Politics,19615,89,18
GQYKUINvvXg,Mother of Orlando victim honors her son at DNC,CNN,News & Politics,5266,89,236
ADygllD35t0,Eric Lawyer Firefighter for 9/11 Truth Rushed Evidence Removal,911TruthNOW,Education,5979,88,2
2V1ozEP0bsU,100 000 Marching for Resignation of South Korean President Park,Jason Unruhe,News & Politics,1378,88,6
XZhXMdkDFog,Donald Trump to Anderson Cooper   the people don t trust you,Bob David,People & Blogs,9417,88,6
3wbDI5DDebI,2017 Continues....Passover Rapture???,A Bride of The King,People & Blogs,1991,87,6
Eb4hPccnrBM,ORLY Terrorist Attack - CRISIS ACTORS IN ACTION?,Serebra Sana,Education,1714,86,14
pNBWLSNDFN0,INFOWARS NIGHTLY NEWS | Amber Lyon: CNN is A Hoax (10/3/2012),Alex M.,News & Politics,10550,86,1
CxgqFKLfgFs,WAR ROOM (2nd HOUR) Fri - 2/9/18 • Alex Jones Infowars • Roger Stone  Tyler Nixon  Lori Gregory,Ron Gibson,News & Politics,4447,85,3
dP3DuIYvIek,JFK Brain Hoax 4 28 97,DBSYM Zeero,People & Blogs,26218,85,8
A2J-mlGAr3U,Mandalay Bay shooter Steven Paddock identified!!! False Flag Operation!!!,Bmiles 84 Conscious Channel,People & Blogs,4419,84,34
GFpk2sr8lU8,The Secret Life of Gabrielle Giffords,SquiggMonster,People & Blogs,5441,84,6
psuCBFXG8BY,Dr. Steve Pieczenik - Middle East  Russia  Trump,The INFOWAR Armory,News & Politics,2876,82,3
dxgAgdT6jYo,¿CÓMO SE REALIZA UNA ACCIÓN DE FALSA BANDERA?,DN TV,News & Politics,2672,81,19
A29IpUiOfnk,The Besta Comet Family Pizza Party Place | Our Secret Sauce Rocks!,PAYDAY MONSANTO,Nonprofits & Activism,2152,80,1
BeBEcr8fZxw,BBC Reporter Witnesses Attack On London Bridge! Coded 33! Fake Witnesses!,Johnny Supertramp 3,News & Politics,3837,79,10
VOUFlseRLug,Rapture Dream,Spirit of Blessings Ministry,People & Blogs,1228,77,0
FfYIEg3QM4o,Las Vegas satanic sacrifice EXPOSED under 2 min.,imstillucalien,Nonprofits & Activism,9247,76,10
D8obnvpTmnw,London Apartment Tower Fire: Building Was Prepped To Go Up In Flames,SICARIUS SEES,People & Blogs,3715,76,24
1QLFc2wbvOY,Time Square Crash: Car plowed through crowds in Manhattan,TRT World,News & Politics,85493,75,38
QzDL8tyD5CM,9/11: about audio fakes & bad actors,SalomonBuilding,Science & Technology,8122,74,7
L9JGPYMNjXg,BOHEMIAM CLUB e SKULL and BONES  cosa fanno i potenti del mondo dietro le quinte?!,INFORMAZIONE ALTERNATIVA,Entertainment,11013,74,2
6t33pm7S178,Making News - Faking News,Joe Friendly,News & Politics,3314,74,1
0s8tMo-Dilk,Brussels 6/20 Bomb Attack 30 Days Since Last Attack  3 Attacks in 3 Days,Johnny Supertramp 3,News & Politics,702,73,3
GDcITfpPPf4,GOOD NEWS and some not so,SriLankerC,Education,2547,73,6
5Ix-1YpNzP4,Fox News Hosts Slam Trump For Alt Left Comments - Kat Timpf,MITCHELL WIGGS,News & Politics,25169,73,44
eiYBPOEZxb0,Dead Dylan Hockley s Parents Now Wat in Gods Name is Happening Here,Mickey Rush,People & Blogs,13986,73,11
q8RVytTdGJg,BBC Micky Summers,SriLankerC,Education,2667,72,3
obNLuOQ2wDs,Jade Helm 15: Exclusive Footage From Closed Walmart in Midland  Texas,UNRAVELING THE MATRIX,Entertainment,35247,71,16
inDxCvefQ4M,Jimmy Kimmel Blames Trump For Florida School Shooting,The Common Sense Show,News & Politics,986,69,1
ge4FnbQv434,James Tracy on the Sandy Hook Controversy - GRTV Feature Interview,GlobalResearchTV,News & Politics,5186,69,5
wLS2DSF5_jA,PewDiePie  I Love Alex Jones,DankEyeBlind,Comedy,3621,69,2
OwLFn2mJHC8,Fake News Prompts Shooting Inside DC Pizzeria,ABC News,News & Politics,15075,69,224
LfqICKAR2Ng,Dylann Roof BUSTED as John Christian Graas ?(U-DECIDE),U-Decide,News & Politics,7658,66,10
NZgyZtNHzU8,Dave Daubenmire Faults Male Students For Not Displaying Masculinity By Stopping Parkland Shooting,RWW Blog,News & Politics,5560,65,64
875nWHg4HII,Several killed in Tenn. school bus crash,CBS News,News & Politics,12877,65,8
o8m_ZfRAtuM,Fake Car Bombing in Baghdad  Iraq - 100% Proof of a Staged  Hoax Event,Trust No Man,News & Politics,8570,64,8
Us1mfENfp9k,Amtrak Disaster....REAL OR FAKE?,Break The Matrix 4all 2,Film & Animation,885,64,6
oakfYIVCebI,What is up with this cop from Michigan State police? Please make this viral!!,Concerned American,News & Politics,6423,63,11
W8vT-qRBx9E,Crush [White Collar],Rumrouz,Film & Animation,17400,63,7
ijd86hGqg-E,Google HR 4310 - Legal Propaganda in America - Google HR 4310,Mycousinsfriend Saiditsreal,People & Blogs,560,62,1
D30ClDIMu94,Channel One News - Forced Propaganda for American Middle School Students (1994),The Last Stand,News & Politics,1685,61,6
1Br-VDPUXjo,"#QAnon – WEAK SLAVES & SHEEP-Edition! CLINTON cover up? / POTUS CPAC - Obama-Hezbollah Connection?",Billy Joyce,Entertainment,427,61,0
BACr4nVXldk,I massoni Arnoldo Foà ed Enzo Maiorca. Il saluto del Viceministro Nencini,Grande Oriente d Italia,Nonprofits & Activism,7409,61,10
B-0BzOo1KPU,Meet The Heroes Who Stepped Up To Help Manchester’s Survivors | NBC Nightly News,NBC News,News & Politics,7909,60,23
rR_yN_xVNQo,David Icke What Is Life All About,The Great Work,Education,2865,60,2
LiJUpeAgCYE,...WARNING IS THERE GOING TO BE A FALSE FLAG IN OKLAHOMA?,mark seylon,People & Blogs,886,59,4
UrMVd8vB7EI,Syria Through Russian Eyes,Channel 4 News,News & Politics,9247,58,81
kNeblwhIOjE,Amon Tobin Plays Buchla For The Sails : Electronic Music For The Sydney Opera House,Elect Ric Soundscapes,Music,2569,58,1
OgQO_a5M7I4,Oureboros - Under the Black Sun,KAPELO MUSIC,Music,1547,57,2
vUjVUAagOiM,Oct 1 2017 - Las Vegas helicopter filmed shooting into crowds,concen,News & Politics,5168,56,12
cJlvmIEF6WA,North Korea Gives Man 15 Years Hard Labor HOAX,Becky Kovac,News & Politics,4833,56,8
Fnzq4l5xbwc,CNN. CIA and BBC caught red handed manufacturing fake world news,Robert Kearns,Nonprofits & Activism,4099,53,3
VISdb9XT76k,Lady Gaga/GaGa Died in c. 2007- 08  and is Cloned & Replaced! (Teaser/Trailer),Dead Celebrities & The Illuminati,Music,7494,53,25
XunpOMtGOXY,BOSTON HOAX EXPLOSION LOGICALLY BROKEN DOWN LESS THAN 5 MINUTES!,MsOutlawTV,News & Politics,20404,51,21
CHtLVHUmfhI,"Simpsons #Pizzagate",H Simpson,People & Blogs,10885,51,2
kN4zBxzsH3E,Shirley Temple Births Antichrist Like Lady Gaga Satanism @ AIRPORT,Apostle Laura Lee - Church of Philadelphia,Education,5468,50,18
l2TPvQ3-itQ,2013 - FAKE SANDY HOOK ACTOR BUSTED!!!,LexLugerBeatTutorial,People & Blogs,17329,50,36
lYdcZJEshdA,Grenfell Tower Fire  Where is the black smoke?.....,Sky Watcher Tommo,People & Blogs,4241,49,12
d8mWBU2REnc,Red light camera photo of James Holmes may help prosecutors show mental state,Denver7 – The Denver Channel,News & Politics,46426,49,12
oq-v8tkbJwM,~ MORGELLONS MAGNET EXPERIMENT ~,4eyes2sea,Science & Technology,13684,48,14
V7uZ-qrKao4,9/11 Fake Missing Victim Human Interest Story With Unemotional Family Actors,911InvestigationVids,News & Politics,8977,47,17
m6YbwTrb7IA,True Purpose Behind San Bernardino Shooting Hidden in Plain View,Truth and Art TV,People & Blogs,5748,46,6
6aa-cCfuA_I,Dr.Tent Exposes Vaccines & Aborted Fetal DNA,Enoch Quran,Science & Technology,2161,45,1
twxxy9PT9Rk,JFK Assassination Witnesses Mary Moorman and Jean Hill inteviewed in Dealey Plaza 1964,JFK Assassination Forum,Entertainment,27734,45,0
s_tFiumfH44,[HOT] Las Vegas Shooting **Stephen Paddock Last Moment** Ground Floor,Trending Hollywood,News & Politics,7427,44,6
_jjXj7pTdww,James Foley s Parents News Conference Analysis [READ DESCRIPTION],TellTheTruthOnline,Education,13323,44,12
QvOjzi93jL0,Die ECHTEN Men in Black | Die Männer in Schwarz | Aliens und Ufos,HeyUnico,Entertainment,1156,44,1
EY1VzmsOkqs,A Simple Math Test For All The Sandy Hook Believers,Peekay Melbourne,People & Blogs,1394,43,3
DFxkkheJ2-Q,How To Be A Better Crisis Actor - Some Valuable Tips & Advice,K74TV,People & Blogs,263,43,0
yMeNpIqXFqM,Autopsy Results In For Kenneka Jenkins,CBS Chicago,News & Politics,24065,42,10
kczE5rEpvLo,US govt needed Crisis Actors in Houston Texas July 4-6  Craigslist Ad,America 2.0,News & Politics,1726,41,1
lRZf_7sHxBI,Milo About Aid Charities Scandal And Regulating Twitter And YouTube,OpenMind,News & Politics,435,40,0
WJ5wNK-1iIE,Christopher Bowman 1998 Inside Edition,jedellis,Sports,30814,40,3
WVc8EKR6634,Highly Contagious Skin Parasites,Richard Kuhns,People & Blogs,6777,40,8
w9dWrdsYVGg,Bill Paxton s family files wrongful death lawsuit,CBS This Morning,News & Politics,3080,39,0
FaB8qCr66To,PIZZAGATE  TUNNELS: Beneath Comet Ping Pong Pizza,ArchAngelAres  Channel,People & Blogs,12572,39,54
USfknRSdRas,Pulse hero: Not going to leave these victims behind,CNN,News & Politics,14343,38,275
Y8zvFV6_xJc,Trannies for Grenfell !,hristos mandylor,People & Blogs,1215,38,2
UTi88Loe8Js,The Whole World is a Stage (Staged) - JFK Zapruder Film - 9/11 - Apollo Hoax - War of the Worlds,NikolaTesla3327,People & Blogs,8675,38,18
A2SopZWRtCg,CARTOON CHRISTIANS EXPOSED - A CALL FOR AN UPRISING,APURPLEPEBBLE,People & Blogs,1922,38,50
fSvsYFMJpEk,Cleveland Police Hunting Down Facebook Live Killer,Wochit News,News & Politics,43120,37,49
wJ5N_MBiB5A,Las Vegas Strip - Israel United In Christ  Mayhem !!,gopro3,People & Blogs,6888,37,6
obyJXRQZW1g,EMOTIONAL FAKE JEW & UNDERSTANDING ISRAEL,Sicarii Seattle (Hebrew Israelites),Education,1161,37,1
-1cdKzy3hMA,Anderson Cooper gets punched out in Egypt,DeeJayAllah,News & Politics,24160,36,4
pYsZY7N6BAk,Lady Gaga is Kreayshawn,Sam I Am,Entertainment,6882,36,20
Ow8Bf6-VhXw,FAKE the Forged Photograph that Framed Lee Harvey Oswald-5/5,mortimer2100,Education,6490,36,5
Z1AIpWDNayU,Sandy Hook BBC MIND-CONTROL,TheKimrob,Education,4588,35,11
tgOiRP6bU5o,Youtube removes all truth videos / Parsons Green Terror,Thomas Larsen,Education,844,35,0
p41Mk0lI5dA,Cubanate - SKELATAL,Steve Arra,People & Blogs,2078,35,1
c28m509r3jg,NRA s Wayne LaPierre delivers remarks at CPAC - Part 2,CBS News,News & Politics,1917,34,32
-9HbgmYYpgE,I m NOT The Devil s Daughter with Miles Johnston & Christine Hart,Christine Hart,People & Blogs,1689,34,7
J6qV3OpMKyg,Grenfell Tower - On The Ground at Grenfell | THE PEOPLE DESERVE JUSTICE...NOT A COVERUP!,YounesTalksPolitics,People & Blogs,647,33,0
9SXHi-h5rM8,CNN Camera Man Captures Something You Weren’t Supposed to See! (HighImpactFlix),Michael Craddock,People & Blogs,1893,33,2
xGwQL-e4VzM,Another Cop With 2 Rifles At Sandy Hook Look How He s Holding It,HistoricalRecordsVLT,Education,5584,33,1
MzWFFZ56PkU,Mr Robot Season 2 Episode 2 Review - eps2.0_unm4sk-pt2.tc,Pete Peppers,Entertainment,6047,32,5
J7EfwlmhtOc,Witnesses describe Parsons Green Tube bombing,ITV News,News & Politics,8929,32,55
ZpY7rV7yKuE,The Ocean,Glyn S,Music,1968,31,6
4HnjDE5Baa0,San Bernardino Shooting: News Helicopter Captures Dramatic Play-by-Play,ABC News,News & Politics,23525,31,20
levXcQoCnDU,CHEER UP CREEPY GENE,TheKimrob,Education,3217,31,5
i_uEjj5B_Gk,Orlando witness says gunman was outside club for hours,5 News,News & Politics,9264,31,12
bPWePAMQaiA,The Young Spy,SHYDUX MEDIA,People & Blogs,7704,31,7
LJBwz9GV7kM,Special - What system wants  games?  William Milton Cooper and Sandy Hook Connection?,Dražen TheTruthNow,Education,25941,31,0
HzoQJzSWw0I,US: Hundreds rally in Florida for stronger gun laws,The Times of India,News & Politics,2819,30,79
eG2TPzngdAk,Las Vegas LOCKDOWN as gunman in PIG MASK opens fire | Must-See !!,Wiki Tube,News & Politics,13593,30,46
Bze005xZIBw,Ceylon educates the Police about the Bob Beck Device.,SriLankerC,Education,2136,30,0
0xuU-P0ub30,Burns Oregon--Crisis actors? Get real!!!,shuff1111,Entertainment,2603,30,7
D2qVm8vtv6Q,Sandy Hook PRESTO!,UNENSLAVER,Education,7952,29,5
VdC33Qf51JM,Las Vegas victim recalls being shot in the head,ODN,News & Politics,2937,29,17
WOyDcdtuZqs,Rothschild Illumaniti Party ~ 1972 ~ Art? or Illumaniti Elite Globalist Ritualism,Mollie McGregor,Entertainment,6382,29,3
J-zl_kpFbjY,Elliot Rodger Hoax,Zero11s,People & Blogs,787,28,2
aTAtstxo3Uc,Allie X - Alexandra (Lyric Video),marlonzsz,Gaming,625,28,0
UoE7LlzhRAU,The Deep State Of Sandy Hook And Las Vegas,ATLAHWorldwide,News & Politics,1424,27,8
wHcd4_nuYaU,THE WALMART DISTRACTION EFFECT! OTHER MAJOR STORES CLOSING FOR FEMA CAMPS! MARTIAL LAW IS COMING!!,R Finn,People & Blogs,2880,27,2
9p5i-pEQTH4,Police treating Manchester Arena explosion as possible terror attack,CBS News,News & Politics,6828,26,4
yl8BqivCQJE,Trump links Russia probe to Florida shooting,Newsy,News & Politics,524,26,3
NH2H6VOTHBA,Las Vegas: Who Died & Who Didn t,Nana Akosua Baakan Agyiriwah,People & Blogs,1035,25,2
HAnyt1gKxxo,Ebola Hoax 100% REVEALED! CNN + NYT caught using CRISIS ACTORS! MUST SEE,Shianne S,News & Politics,2043,25,5
FUKzqhm421Y,CIA Asset Confirms Lee Harvey Oswald Worked For The Agency (JFK Assassination),James L Paris,News & Politics,4759,25,7
CUAkzqUDQOA,BREAKING: Charlotte Campbell is looking for her daughter after manchester attack,Beeflynews,News & Politics,7382,25,4
JlpM7S2tP08,Show Business (Crisis Actors Inc) - Archaic Revival,Archaic Revival,Music,523,25,0
6P4VAbJJq4I,Live Streaming of Rape in USA,Zee News,News & Politics,24670,25,14
VURhOfo61Eo,La Skull and Bones,Mileva013Tv,People & Blogs,1411,25,1
_OghpYB823Q,Most Famous Ancient Greek and Roman Coin Collectors and Investors,TrustedCoins.com Authentic Ancient Greek Roman Biblical Numismatic Coins for Sale on eBay Shop,Howto & Style,30859,25,5
J3zXFyvoMD0,UFO OVER GRENFELL TOWER. London  England,The Hidden Underbelly 2.0,People & Blogs,4212,24,7
L04QnZtx41g,Fatih Tezcan Reina saldırısında kim ne tweet attı ?,Medya Gundem,News & Politics,16039,24,25
f64aKFPVlzk,Is Donald Trump Running a False Flag Campaign to Help Hillary Clinton?,End Times Prophecy News,News & Politics,4414,24,15
Mqk6FM8VsIc,WTF?! Vegas Shooting FALSE FLAG!!! WAKE UP AMERICA!!!,Mike Beckham,Science & Technology,516,22,6
rz8Qs-P5Wf8,Sandy Hook Crisis Actors Visionbox,Mike WhoRu,News & Politics,7100,22,3
ajJxmXH2Q9s,Manchester survivor reunited with police officer saviour,ITV News,News & Politics,582,21,3
SVVhF-zSDi8,Martyn Hett Tribute,Tameside Reporter,News & Politics,3994,21,6
1apU_sf0gp4,Wie sich Lügen im Netz verbreiten - so geht MEDIEN,ARD-alpha,Education,3914,21,1
E_VghNVW4Qk,Sandy Hook Hoax Explained Sesame St style,Mickey Rush,People & Blogs,2939,20,8
Qx6oMT55q5U,Las Vegas Staged Shooting Event Latest updates: Child Sex Trafficking? Gun Running? Crisis Actors?,Conspiracy Comedy,People & Blogs,1842,20,2
tl98a6fCtnc,David Icke 2017 The TRUTH About Donald Trump Hillary Clinton illuminati,M Turner,News & Politics,2524,20,2
532fnQ_wHpI,Everything ACFAU said to TVC Mario is on point and TVC s true colors are showing because of that,AppBruinJ3v30,People & Blogs,879,20,10
c94ViR-ertA,London Fakery - Cop / Crisis Actor CHANGES CLOTHES & LAYS IN STREET FAKING INJURY ????,American Mysteries & Conspiracies,News & Politics,510,19,4
htlpYOC25A0,Manchester crises actors or genuine nervous laughter,SCREW the NWO NOW,People & Blogs,595,19,1
BLwoGmkMPwA,Lemon Demon - Something Glowing,waypastcool,Music,949,18,0
sjsajfSY9_Q,Las Vegas Victim Natalia Baca Hugs the man who help her in emotional reunion:  Thanks for coming,Simple Fact,News & Politics,4252,18,4
RdmBvdi2V9g,Trump Moves To Ban  Bump Stocks  - Ben Shapiro REACTS,TRUSTED MEDIA,People & Blogs,809,18,2
c_fKEkQoEIg,Die DUNKLE Seite von Youtube ! | Blank Room Soup | Dont hug me I m scared | Ricardo Lopez,HeyUnico,Entertainment,201,18,0
lX87EvpWBAo,WHOA! Authorities Just Identified SICK Secret About Who Shooting Victim Is – Won’t Be Seeing Him !,News Now TV,News & Politics,1370,17,5
aRYKbuQl1-c,MEETING OF MINDS  In all this confusion how can you find your way out?,Steve Turgoose,Howto & Style,188,17,0
FPf5L_UaJR8,LKW-Anschlag in Berlin: Der V-Mann,Der tierliebe Antikapitalist,News & Politics,972,17,0
TXr6Aak-40I,Morgellons in Karotte - tanzende Polymerfasern Chemtrails Morgellons,puttchen1306,People & Blogs,541,17,1
lIlQxGb3SKw,Republicans Finally Move For Special Counsel To Investigate Hillary Clinton  Susan Rice & Obama,WeaponizedNEWS.Com,News & Politics,132,17,1
wOp1oEP-qVM,White Helmets Exposed Making Propaganda,WesternTruthTV,News & Politics,1564,16,0
Ro0l36-nATU,Dog Drives By In Truck While CNN Interviews Parkland  FL School Shooting Survivors,NMWD Podcast,News & Politics,2593,15,0
qM95lWaHWvM,The View Mothers of Sandy Hook Victims 6 13 13),Mick Audsley,Science & Technology,3378,15,12
WxrQ5xzTgD0,Santa Barbra shooting Hoax Actor Elliot Rodger s Green Screen & Acting Fail,AnonymousMasterFawkes,News & Politics,1289,15,13
8nlNhrBGrJw,Sandy Hook  A Hillbillies thoughts  The report and the Criminals,Poliitical HillBilly,People & Blogs,367,15,8
LQP7bwps4Qg,"DEBUNKED! Flyboard Air (not) HOAX #5 - The  Guinness World Record Title .",VlogLikeNoOnesWatching,People & Blogs,8477,15,40
VEAZVT6xrBY,Understanding autism and mental illness,CBS News,News & Politics,1486,14,3
on9Y8YiXtrw,Ciarra Black - Slinking In [Summer Isle],Vincent Glandier,People & Blogs,606,14,0
8Vd4Vd1K1NY,1972 Rothschild Surrealist Dinner Party,WYSIWY6,Entertainment,5345,14,1
NDm9NRjHjjo,Real Age of Beautiful Syrian Actress,Life Enjoy,Film & Animation,6019,14,4
kLUbinJ1DJk,PARIS HOAX ?,TIM OSMAN,Nonprofits & Activism,1914,13,4
-wgt1OBjAPA,Waco ATF Agent Kills His Own Guys  False Flag,Extraterrestrial Laboratory,People & Blogs,1609,13,1
RpJ3D12VbZM,CHARLOTTESVILLE HOAX PT.2 ZAPRUDER DRONE : PORTHOLE TO JUSTICE ON FB,Danny McGowan,People & Blogs,4209,13,3
aW3ad8PTsew,Grenfell Foam Actor Terrifying Energy Remix,mental_boost,People & Blogs,304,12,1
Xhqj6VeAb_g,Police Apologise for Mock Terror Attack,OpenMind,News & Politics,3281,12,11
Qy8O22giTNM,Aleppo Media Hoax,Alberto C,News & Politics,710,12,0
HmSIfRerJLo,Terrorattentat. Fake News? Stockholm NICHT die wichtigste Nachricht! gibt es Krieg? Syrien.,Europa am Ende ?,People & Blogs,426,12,1
w0IIeLUzEeo,William Cooper I am Free,MokurenAwakened,News & Politics,187,12,0
P50fJCk6EeM,Grenfell disaster - what happens next,Financial Times,News & Politics,2172,11,1
fsC3t_AB02s,Grenfell Tower Resident London  Whose Faulty Fridge Exp loded,LoveZoneTips,Entertainment,8028,11,15
kX9ZfS2fdmc,Pulse Shooting Hoax Fraud Angel Colon Suing Truthers (incl. Peekay Truth),Human Melody,Education,295,11,0
TQ1Hqzb74nk,Sandy Hook Forensics: Vicky Soto,Sam I Am,News & Politics,5602,11,28
f5-Rq4RKShs,Berlin Market Truck Dressing the set before they go live - HOAX,thorsten,People & Blogs,772,11,1
GdJZXZo8iIk,Crisis Actors: Déjà vu?!?,Serebra Sana,People & Blogs,365,11,0
BlKy5XV203A,Is this an Ebola Hoax,Kham,Education,920,11,0
lmAsLQckMaQ,LONDON fire Relatives hunt for missing loved ones/London tower block inferno,CsTrIK3r,Entertainment,9530,11,2
4WZ_Xm_KjuA,Las Vegas - Die Stadt in der Wüste  Reportage,Gordon Shumway,Science & Technology,13082,11,5
37kgY9zqGXI,Charlotte Campbell - Exposed,Reboots Of A Pure Matrix,People & Blogs,221,11,0
qhCgeys4wmA,Kids Flock To Florida State Capitol To March For Gun Reform | NBC Nightly News,NBC News,News & Politics,841,10,5
SwwuFEW_MQ0,MUST SEESandy Hook HOAX Robbie Parker EXPOSED!!,Curious You,People & Blogs,485,10,2
ymo-36VL7l0,Crisis Actors Org,Ken Truthurts,News & Politics,1078,10,0
SgKkli1roLY,Was Walt Disney a member of the Rothschild family?,Narayan Dhekane,People & Blogs,1349,10,3
TtnAPH1ahgw,ARIANA GRANDE SURPRISES SURVIVORS OF MANCHESTER CONCERT,CsTrIK3r,Entertainment,1134,10,0
Xt-NxkEIjbg,Jodi Arias Silently Nods at Her Psychologist Witness as He Testifies About Her Lack of Emotion,PK Report,People & Blogs,11291,10,6
qQa3N9aVL4U,Brussels Terrorist Attack Crisis Actor  Basketball Player Bellin Shot,Martin D Metdubbelss,Nonprofits & Activism,733,9,1
BCVR3lDoXzk,Panel mocks Don Trump Jr’s ‘brainpower’ after he falls for Parkland conspiracies,Brad Reed,Science & Technology,5249,9,0
R2yMrOQuLeU,Drory Nadav School For Alpha Males,American SuperTramp,Comedy,170,9,0
DrrnzaF72As,False Flag: Yet Again Crisis Actors Were Used At D.C. Naval Yard Shooting,currentspider,News & Politics,2355,8,4
ebbNqbNa7E4,"#7 - Angel Colon - Orlando - Liar & Thief",TheMediaLies,People & Blogs,154,8,0
mENkx2zaq6M,Paris terror attacks: Chinese witness describes the moment of horror at Stade de France,CGTN,News & Politics,10024,8,4
zIgokpS6jV8,First 200 Days: President Trump s Accomplishments,WeaponizedNEWS.Com,News & Politics,226,8,0
Xicjn7thlwI,Florida Lawmaker s Aide Fired After Claiming High School Students Are  Actors,CBS Philly,News & Politics,401,7,6
-gAx64GtXpU,Russianvids The Truth About The Statue Of Liberty & The Flat Earth Alex Jones Mark Dice JFK,NASA IS DEAD,People & Blogs,171,7,0
wtoKaztIzUI,Social Media Psy-Ops - Full Episode,Through the Aether,Nonprofits & Activism,450,7,1
A8uOm93uhmM,BREAKING: Trump Supporters Launching “Fake News” Protest At CNN Headquarters,VIRAL STORIES TODAY,News & Politics,116,7,0
_qB9F9Zo2rY,TRY NOT TO CRY CHALLENGE (FAIL) | RETURNING SOLDIERS EDITION | SHANN MICHELLE TV,Shann Michelle TV,People & Blogs,207,7,0
6oR0Y9Vh4n8,A Sigil Self Enhancement,UnitedCorpOfAmerica,Education,1055,7,3
UkJcMOcm6qA,BBC NEWS ! Manchester attack Ariana Grande visits injured fans,World Live,People & Blogs,380,7,0
hb0yXGV7DFY,Florida Shooting: Students speak out after Parkland massacre,TRT World,News & Politics,244,6,3
sOPuFkOBWRk,Newtown mom:  It s been the longest six months of my entire life,CBS News,News & Politics,1140,6,15
sEAvHHDTihg,JFK Files Assassination Hoax starring Nellie Connally,Derek B,News & Politics,205,6,0
A3y_LHRyuoY,Hundreds Rally Against Gun Laws in Fort Lauderdale,AP Archive,News & Politics,151,5,7
e5QwM0UEs_M,Anderson Cooper Gets Mad At Orlando Crisis Actor,STOP THE INSANITY,People & Blogs,726,5,4
nd_zP_Qezj0,Crisis Actors Caught Staging London Bridge Hoax !!!,SuperEarther,Nonprofits & Activism,588,5,3
y4mMPs7ipgc,ISIS is Israel and they are Both Satanic PIGS!!,New Jerusalem74,Education,386,5,4
qdPGeFjoPUU,The Boston Unbombing: How & Why The Boston Marathon Bombing - Staged False Flag Event - Part 2 of 14,TheMediaLies,People & Blogs,201,5,0
ZMMEdoxk_wc,Prophecy video Earth Changes Alexandra Bruce Night Fright Show / Brent Holland,nightfrightshow,Entertainment,915,5,1
1Z8r94M5Baw,FBI search Parkland home where alleged shooter lived,WPBF 25 News,News & Politics,326,4,1
WDj838V1xWk,London : Grenfell Fire Accident - Dead bodies were recovered | Polimer News,Polimer News,News & Politics,2107,4,3
8gAm4GgcsnQ,Daddy  I Must Confess.. Part 4 | I ve Never Cheated!,Ben Jacob,Education,25,4,0
VHI1mO22EkE,LAS VEGAS FALSE FLAG OR HOAX!!!! NOT!!!,MyeyesRopen 1150,People & Blogs,320,3,15
wUQRBnr-YII,Manchester arena crisis actor!! Reflection of weird guy in a suit through picture frame,David Whitelaw,People & Blogs,94,3,0
Iziwd6Wu42U,Globalist Propaganda QAnon Globe Followers why HATE Truth 2018 Coffee House,Coffee House,Entertainment,44,3,0
MnV_oSFpzPk,Local Victims Of Orlando Shooting Talk About Horrific Ordeal,CBS Philly,News & Politics,524,3,3
Hcfzux8xoGI,Ariana Grande Laughing At Manchester Bomb Victim During Tribute Crisis Actors,RageGoy,People & Blogs,102,3,2
ytVVg7o69C0,Morgellons  painful yet relieving removal! Watch with caution! Not for the weak,alexis valle,People & Blogs,4081,3,5
8vtrrQleEYQ,Brussels Belgium Bombing Hoax Crisis Actor Emily Eisenman Is A Liar,Miguel M I,People & Blogs,121,3,0
_f6FF6evFSM,Operation Talpiot - Brendon O Connell - infiltrazione israeliana,Italian Hoax Watch,People & Blogs,95,3,1
uxWASjz4HXA,Happy freekin New Year 2018... my Hubby got puked on 2 minutes after we were seated at the IHOP lol,FOWLMOUTHPATRIOT RAH RAH USA,News & Politics,95,3,0
xDkr8oqcbzc,Best Ever Proof of Crisis Actors ( Muslim Brotherhood ) in Egypt & Syria !,30th June Tour Guides Front,Nonprofits & Activism,415,3,0
7GoUohty-Cc,Spray every day,Badman,Nonprofits & Activism,34,3,7
zN5hMUE3xo0,US - Florida high school shooting witnesses narrate their harrowing experience,FRANCE 24 English,News & Politics,550,2,0
RQX7NIzbiVY,▶ LAX DUMMY 100% PROOF OF DUMMY USED in LAX Shooting Hoax! HD,Tfc Drew,People & Blogs,89,2,0
HAYhTUKEKms,Parkland School Student Admits to Drills on day of Shooting,50 State Report,News & Politics,345,2,0
N6eAEFQGxek,"37 Tinder Gender Identities | #AllTypesAllSwipes",Ben Jacob,Education,40,2,0
xLmvnf1m6QM,"A WEIRD NIGHT | DAILY VLOG #2| SHANN MICHELLE TV",Shann Michelle TV,Entertainment,9,2,0
pL-Qw_plLLQ,Survivor: Trump Jr.  disgusting  for endorsing fake story,NEWS BITE USA,News & Politics,35,1,0
ZNFpi2lRPyw,Crisis Actors and the 2nd Amendment,The Dimensionalist,People & Blogs,97,1,0
Ub9dZqvRx2w,President Donald Trump visits Florida school shooting survivors,DailyNation,News & Politics,186,1,0
GbMbA9VgUNM,Emily Ratajkowski married Sebastian Bear-McClard 😍😍,Artnewsive,News & Politics,50,1,0
sKs6p-u8kiE,HOW I ENDED UP ON THE SIMPSONS S26E16 SKY POLICE SD 360p,Johnny Supertramp 3,Entertainment,294,1,1
a_bRSwV4J0I,Crisis Actors Needed $1 000-Day Corrected,DrWilliamMount,News & Politics,58,1,1
Qq35EXCFJOY,BUSTED! Best Proof of Crisis Actors in Egypt,whodingie,Education,44,1,0
cSbkWUtFFTI,Mr Robot THEORY - Did Elliot KILL Gideon?,Domeeno12,Entertainment,591,1,2
gyo5gKGSEKw,Hogg ED: Version 7 (5of 5),EHCrafty,People & Blogs,218,1,1
y1V-8aIh834,Las Vegas Shooting - Rachel Sheppard PSYOP AGENT,Nevada Forensics LLC,People & Blogs,31,1,3
Thf7pW2XWlM,"Dana Loesch in the belly of the #CNNTownhall Beast @JennyHatch",Jenny Hatch,News & Politics,59,1,1
ccr4D0vRZzE,Trump Battles With  Killer Networks  And  Fake News  At Press Conference,Tea Partiest,People & Blogs,101,1,0
T6YYUz1rqTQ,Philipp Münch & Loss - The Devil  God And My DNA,Clone Replika,Music,43,1,0
dXhZLjEY1fY,Cooper: These conspiracy theories are sick,NEWS BITE USA,News & Politics,48,0,1
iWsfcuGSS5k,Florida House Declares Porn Public Health Risk After Denying Assault Rifle Ban,Veuer,People & Blogs,178,0,0
vb2Df74GZDk,London ISIS terrorist attack: crisis actor told what to do (exposed!),politicalworldwar news,News & Politics,533,0,0
FKVkKXgRx28,Funny News Blooper,koshatim,Comedy,240,0,0
GhcgeDgzwYE,"Lifeguard Roasted Vlog #2 - David Hogg s YT Mirror",anon 1337,People & Blogs,190,0,1
Q3peR0zg8R8,𝐕𝐞𝐠𝐚𝐬 𝐒𝐡𝐨𝐨𝐭𝐢𝐧𝐠 𝐒𝐮𝐫𝐯𝐢𝐯𝐨𝐫 𝐁𝐥𝐨𝐰𝐬 𝐔𝐩 𝐌𝐞𝐝𝐢𝐚’𝐬 𝐋𝐢𝐛𝐞𝐫𝐚𝐥 𝐀𝐠𝐞𝐧𝐝𝐚  𝐂𝐨𝐦𝐩𝐥𝐞𝐭𝐞𝐥𝐲 𝐃𝐄𝐒𝐓𝐑𝐎𝐘𝐒 𝐆𝐮𝐧 𝐁𝐚𝐧 | 𝐍𝐞𝐰𝐬 𝐎𝐧 𝐀𝐢𝐫,NEWS ON AIR,Film & Animation,22,0,0
wDbMusCbBDM,CAUCASIAN DEVIL OFFENDED BECAUSE LEBRON JAMES SPEAKS OUT AGAINST TRUMP,TheHouseOfJoseph,News & Politics,11,0,0
8htuteWvE0I,Parkland student makes demand to lawmakers,John Roberts,News & Politics,136,0,2
-XeUF4Sh_2Y,"Inside Politics Panel on Parkland students head to Tallahassee to lobby lawmaker. #InsidePolitics",Almutaz Bur News Network {Official Channel},News & Politics,102,0,2
EHXpIwX69VM,How To Argue With Liberals And WIN,audiobook,News & Politics,0,0,0
ItPwSS3TVag,Grenfell Fire Evidence Wall,Valley Reports,News & Politics,68,0,0
yI4E-1dT3dg,Pot Metal vs. Propane Torch: interesting left overs,PunkinHead,Education,246,0,0
VgpgPJH1SgE,OSTRIA : The End of the Game  Full Movie  1984,TheDudezer,People & Blogs,59,0,0
mkoT_-b55ok,Police and Ambulance Respond,News Now Yucaipa,News & Politics,14,0,0
-slUzVD5SlY,Crying so hard  I am laughing...When Art meets life  The Onion News Network Nails it @JennyHatch,Jenny Hatch,News & Politics,4,0,0
z5ysVvbnm5g,Actors in storage units react to cult rituals in which children are tortured,revilo314,People & Blogs,190,0,2
T_NoZN5E2Y0,PHILADELPHIA EXPERIMENT II,Trailers7gold,Film & Animation,1263,0,1
IKSECCYr9Fc,Cheddar Man DNA shows early Briton had dark skin BBC News,question772000,People & Blogs,33,0,0
NjUQMs0kVEI,WHY?,Eileen Loh,News & Politics,354734,,
KPFU2fmmPFo,Sandy Hook Lady Gaga Lookalike. (Notice: Shouting on Tape).,Apostle Laura Lee - Church of Philadelphia,Education,2314,,
s8OFBcnu970,They R ALL TRANNIES now.Trump & Guliano,Apostle Laura Lee - Church of Philadelphia,Education,4708,,
pQ5mlnamdsY,Sandy Hook Hoax: cool heads will prevail,HatrickPenry,News & Politics,2191,,
n6c7HsGi7_s,Miley Cyrus cures cancer,RichieFromBoston,Comedy,42846,,
akxejoLDj3A,Richard Martinez RUBBER EAR DISGUISE!!,Apostle Laura Lee - Church of Philadelphia,Education,443,,
pNJnY1IIzqg,HEBREW ISRAELITES SAY VEGAS SHOOTING  A GIFT,VOCAB MALONE,Education,2909,,
wh_aJcZJg-Y,Confusion of Land! - (A worldwide/multicultural rejection of the Luciferian Transpocalypse!),Human Melody,Education,362,,
SPNABT_sgas,The Depopulation Agenda For a New World Order Agenda 21,Sarah Latschkowski,News & Politics,17340,,
XKfiEvxovbU,PART 2 - Are They Really Killing U.S. Disaster Victims In The Shelters?,Lea Mac - End Times Prophecy Australia,News & Politics,8973,,
MC9xIqMUH4w,Drama Crisis Actors Exposed in Staged Dallas Black Lives Matter Street Protest Shooting,futurevideo10,News & Politics,764,,
HsKl3gncZVM,Sandy Hook Shooting Exposed As a Fraud,rick rick,News & Politics,10846,,
axWk7Fq6vxc,Former Border Patrol Agent Warns America What is Coming!,Dawn s Heartfelt Corner,News & Politics,8286,,
rtn0eijshXU,iJumpman On The Trashcan 🗑 (Redsilverj),TeamWakeEmUP,People & Blogs,3286,,
zmydaEoBoKc,MAN CUTS CHECK FOR $100 000 000 BITCOIN!!,AMTV,News & Politics,972490,,
QpIqgwNlCXs,I MISTERI DELLA MASSONERIA - LE ORIGINI,La Mistica dell Anima Il Nettare della Rosa,People & Blogs,100896,,
jM6Hr7dTJTs,Beware of Satan s Counterfeit Rapture Bewitched By,Honest News Network,Education,2816,,
nqlkCRjF5-E,Alles nur Lüge - Wie im Netz getäuscht wird - socialbots fakenews - ZDF zoom lügen im internet,macbroadcast,News & Politics,2388,,
AvtDIzCyhKU,144 000 Sealed by 9/23/17 : The Beginning of Tribulation,ShockOfChrist,Nonprofits & Activism,94698,,
s8StIAv9ciQ,ACTRESS PLAYS KENNEKA JENKINS IN SURVEILLANCE VIDEO,Rich White Woman,News & Politics,78083,,
L7b7RcPVVEQ,Birthmarks - Birth Marks Caused By Past Lives,healpastlives.com,Howto & Style,134137,,
VSHjXs2s17s,TruthMediaRevolution and Odd TV [avoid them],ABC Christian 2,Nonprofits & Activism,1230,,
uaeW0ZJEs5c,Die 15 fatalsten Fehlberechnungen der Geschichte,VERRÜCKTEN LAB,People & Blogs,1773341,,
E8chKiotWBE,PERIODISTA Christine Chubbuck HACE ESTO EN VIVO...,elmundoDKBza,Entertainment,7027514,,
IM2uCTXp99o,CRAZY LADY FREAKS OUT AT MCDONALDS DRIVE THRU,FaZe Apex,People & Blogs,3287970,524115,7526
hyXJeus-wm4,Tipping Fast Food Workers $100,Simple Pickup,Comedy,10289811,297322,2204
-KMBELyZ_sM,Rappers React to Rich Brian ft. Ghostface Killah  Desiigner  Tory Lanez & More,88rising,Entertainment,16644566,184950,2722
aP3gzee1cps,Barking cat gets caught! (ORIGINAL),Hello,Pets & Animals,23985585,168416,1789
vv007iMWRMY,Make way for The Queens Guard Social Experiment,Trollstation,Comedy,32751023,167461,79425
r4pI-k85uro,Adorable Singing Father-Daughter Duo Performs  You ve Got a Friend in Me !,TheEllenShow,Entertainment,8997044,162324,1488
ML3qYHWRIZk,The Most Honest Three Minutes In Television History,Wayne Loomis,News & Politics,7502976,161228,8018
8wvKGKN_2zQ,People Get Tattoos For The First Time,BuzzFeedVideo,Entertainment,13452601,132171,2792
bvmv4-h9yp4,Obama Forgets To Salute Marine  See What Happens After That!,Hello World,People & Blogs,20775126,120314,15967
1gyS0hQMLPs,GTA V Gameplay Trailer - Niko s Dramatic Reaction,Yeardley Diamond,Entertainment,5598666,113576,2333
X-bhwC3qz_Q,HULK SMASH! CT FLETCHER INTRODUCES  DA HULK,CT Fletcher Motivation,People & Blogs,20277383,110793,6743
FTAlr5raV2U,Bubsy Collection - JonTron,JonTronShow,Gaming,9168382,109970,1700
fNS4lecOaAc,Conspiracies (Web Exclusive): Last Week Tonight with John Oliver (HBO),LastWeekTonight,Entertainment,7860508,105650,7880
kC0IhKOpFBI,😳 ER HAT UNS BEDROHT,ConCrafter | LUCA,Entertainment,2510038,97673,1929
t3SJiKSuWzU,GETTING 6 TATTOOS IN 1 DAY,Andrea Russett,Entertainment,2191429,82628,1952
Vq3lC7XTImQ,watching awful Buzzfeed-tier videos you sent me,Shoe0nHead,People & Blogs,1139168,78150,1881
h11u3vtcpaY,Hackschooling makes me happy | Logan LaPlante | TEDxUniversityofNevada,TEDx Talks,Nonprofits & Activism,9814416,76417,1983
Y4Zdx97A63s,Putting Donald Trump Supporters Through an Ideology Test: The Daily Show,The Daily Show with Trevor Noah,Comedy,4729229,73001,3988
UOmdZSpConk,Der BESTE VLOG aller Zeiten !! 😂🔥,ConCrafter | LUCA,People & Blogs,1158057,69560,1949
4E5Sc0G7w90,The Greatest Showman |  Come Alive  Live Performance | 20th Century FOX,20th Century Fox,Film & Animation,6212600,68488,570
0sT3qlGAV_U,How to make a Homework machine for Students,TecH BoyS ToyS,Howto & Style,3305657,66232,2526
NKogQf9ooR8,Time Crisis - Ft. Andy Whitfield,RocketJump,Gaming,8981549,64697,626
6E4TOHGO0Ms,British Stars on Which American Accent Is Hardest to Do | Vanity Fair,Vanity Fair,Entertainment,2307002,53576,581
IjsPmjqmcvs,OFFICIAL VIDEO - FULL - Gigi Hadid gets attacked in Milan by a prankster and FURIOUSLY fights back,StormShadowCrew,People & Blogs,9437072,53466,3574
OkOEL_p9dus,¿Es Realmente Harley Quinn la Asesina de Robin? - Analisis,Creepypastas Everywhere,Entertainment,4341192,49437,9180
Upr-NfFWV4A,Big Show overturns a jeep,WWE,Entertainment,11008416,49429,3499
jmQp_2lgHTs,10 Krasse Fakten über Anonymous !,Made My Day,Entertainment,1793505,46881,1067
ooPzr1vzmGY,"Flying Robots - Songify the News #3",schmoyoho,Shows,3192872,46645,541
m7Xpo-yuYk0,So konterst DU jeden Spruch ➙ Immer Schlagfertige Antworten geben,Logical Lemon,Education,1332078,46305,3332
ZIwAyvoGLu0,Steve Harvey Doesn t Want To Host Family Feud Anymore,Super Deluxe,Entertainment,3026055,45643,1426
DXgFb5mTF8A,SHOOTING AT PEOPLE IN THE HOOD PRANK!,LAHWF,Entertainment,2557712,45504,5679
vufJzfBkzd8,Brazilian Prank Mirror - reflectionless (subtitles in english),Roger Harry,Entertainment,6863504,45392,2465
rORIDYHOFTQ,The Philosophy of BOJACK HORSEMAN – Wisecrack Edition,Wisecrack,Education,1476081,44653,593
9R-2Si8zZyU,I JUST WANTED TO GO SHOPPING | Fast Action Hero (HTC Vive Virtual Reality),jacksepticeye,Gaming,1891008,44288,617
zGxwbhkDjZM,Ain t Nobody Got Time for That!-Original,Vanessa C,Entertainment,12191479,43276,1962
S-UOJFcOF_0,Guillermo at the Oscars,Jimmy Kimmel Live,Comedy,5080902,41813,585
wwixAoStscU,The Problem with Feminism in the 21st Century in 7 Minutes,Thought Monkey,Education,1246831,41030,4983
Iudb0amH0sY,Attempted robbery at gunpoint caught on GoPro!!!,Global Degree,Travel & Events,12610067,39581,2610
QJUIzfmJvfs,Donald Trump Makes America Again,KroboProductions,Autos & Vehicles,1200801,35690,856
f8mMWh62XpU,Enigma - Beyond The Invisible,EnigmaVEVO,Music,11149018,34749,1263
6Y6TE_Wg7LQ,Indian Electro Dub Spiritual Chillout Masaladosa,CosmicSensiSeed ॐ Migel Konstantin,Music,4223765,32906,949
nwxKOcteZlw,How Call of Duty Lost Its Identity,Raycevick,Gaming,911270,32753,1516
pytCkJn8JpQ,J Balvin Goes Sneaker Shopping with Complex,Complex,Entertainment,2172678,31501,761
HSmFMNfQwZ8,How to Fight Someone Bigger Than You - Overhand Right Punch,fightTIPS,Sports,3321327,30907,1115
5NXfABRwqyk,6 Minuten Wahrheit die niemand hören will,EinfachEmir,People & Blogs,1044151,30829,1597
bWKfyRPf8gM,Risa Incontenible - COMPLETO y SUBTITULADO!,Pablo74,Entertainment,14512217,30340,1742
cZmxwv1ZQPY,SAVING THE PRESIDENT DONALD TRUMP FROM ASSASSINATION (Mr President Game),MessYourself,Gaming,2239865,29751,1012
95Tbim7TFgM,MILO Meets Alex Jones,MILO,People & Blogs,966494,29468,1713
RE6LC6RIgoM,FINALLY! LUIGI IS IN MARIO ODYSSEY....BUT...,DashieGames,Gaming,492114,29081,332
q_qhVGbnW0A,How Coco Fits Into The Pixar Theory,SuperCarlinBrothers,People & Blogs,809854,27309,774
4GonTct2WMk,How to pay off a 30 year home mortgage in 5-7 years,Laura Pitkute,Education,882383,26927,1692
6YDTfEhChgw,JIm Gaffigan - Mr. Universe -  McDonald s,jimgaffigan,Comedy,6516686,26173,954
cdErdEk56fs,The Man With The Half-Metre Penis,Barcroft TV,News & Politics,13177086,25534,9123
0gfLNJ6Qpd8,Shoot The Person Behind The GIANT Wall!!,Team Edge,Comedy,991052,25472,360
xe4FUdm63v4,real steel - Ambush vs Black Thunder (poor robot defeated by a bull),爆笑Vine中文合輯茶茶,Entertainment,14648779,25432,4059
xOwrLKom3tc,How To Make a Helicopter Car - Audi R8 - make your own creation,Make Your OWN Creation,Entertainment,16607511,24495,12671
Rm6ZtALw5KM,Sunflower Bean - I Was a Fool,SunflowerBeanVEVO,Music,1058132,22252,818
Ju-wWNFdH4I,EXPOSED! KIM KARDASHIAN AND THE MAGIC LINE!,Wayne Goss,Howto & Style,2168920,22045,433
AlH8C-2JnsA,MERMAID CAUGHT ON TAPE PHILIPPINES - REAL OR FAKE?,billschannel,Entertainment,11456673,20881,3766
hp96HGvabeA,Meet the Teen Exposing Celebs for Fake Yeezys,Complex News,Entertainment,2220854,20755,2175
-B0GrmxFotA,REACTING TO WEIRD PORN,JustMarcus,Comedy,656609,20231,392
9g3pttNPSTE,Meltdown Of The Year,CBS,Sports,13571275,19792,5293
Juk1NZAcwrs,Top 10 Worst Movies of 2013,WatchMojo.com,Entertainment,3073421,19619,6333
M5QGkOGZubQ,You Get Nothing!,Fayroe,Comedy,3703578,17727,241
rCIgpUTvfsA,Keanu Reeves  3 Gun  Taran Tactical  Got Wick?,Voltential,Film & Animation,3707728,17657,559
oWCliOoZiHM,Katt Williams Trump Day show ...LMAO!,HardworkDedication,Comedy,2658259,16913,1253
upFWxf5F-qQ,Jimmy Takes Blind People to a Shooting Range,Jimmy Kimmel Live,Comedy,2459539,16280,2438
HgD4jzAotfY,10 Celebs You Didn t Know Have Mental Health Disorders,TheTalko,Entertainment,1526252,15904,1266
cwFjhXC-qZ8,Order Whiskey Like a Gentleman,The Modern Rogue,Entertainment,1037804,15398,663
Q5JFZyX76zA,Phil Robertson this is the reason his show was cancelled,JOHN 3:16 Video Ministry,Entertainment,943650,14916,851
D--ZSSFMsIg,Ziggy Marley(Beach In Hawaii),Maui80811,Music,2864450,14878,626
KRrgsJX9cGw,Seen  This Man  in Your Dreams?,Strange Mysteries,Entertainment,2151531,14489,1623
ZwTBXuC78ok,Zelda Majora s Mask: Legend of the Mask - PART 6 - Game Grumps,GameGrumps,Gaming,382636,13507,126
yDgRyyHwCyI,Top 10 Worst American Presidents,MostAmazingTop10,Education,1688570,13371,5232
-TZXQ3SLBoA,Survivor: Blood vs. Water - Immunity Challenge: Rise To It,SurvivorOnCBS,Entertainment,4650202,13125,1471
JYUkK6I4umQ,What Happened to Robert Mitchum?,Jerry Skinner,Entertainment,1880502,13064,1026
lfsMMVgIToA,Ohio Replaces Lethal Injection With Humane New Head-Ripping-Off Machine,The Onion,Comedy,2482510,12953,1307
bjsLGKNhHSE,Are Cartoons Brainwashing Children?,Alltime Conspiracies,Education,1196254,12876,923
FqXZD_z3eCc,Jeremy Camp  Overcome,JeremyCampMusic,Music,2825425,12616,351
Zxag9p-63RU,12 STRONG - Official Trailer 2,Warner Bros. Pictures,Entertainment,3023496,12532,1002
ol08gLmQIjY,Justice League DELETED SCENES & Missing Characters Explained (Why We Need An Extended Edition!),Flicks And The City,Film & Animation,1946621,12488,836
DY2kEDQenOo,Top 10 Actor Body Transformations,WatchMojo.com,Entertainment,2755424,12465,321
EisRQ1jaJYE,GUNMAN OUTSIDE MY APARTMENT! CRAZY SHOOTING IN LA 😱 *CAUGHT ON VIDEO*,Mikey Manfs,Film & Animation,478769,12348,395
jYswFn2ZQwE,How Long Can You Survive Being Decapitated?,Seeker,Science & Technology,845415,12263,482
JS70gSukBa4,Transgender bathroom bills technically force men into women s bathrooms. How ironic.,Vox,News & Politics,645408,11628,7620
z6yNragzKCE,You Will Be Found - Dear Evan Hansen (Pulse Tribute),Michael Korte,Entertainment,148634,11387,58
43gK2SHR6DE,10 CRAZY Legal Loopholes,Alltime10s,Education,723813,11380,455
xHIKftVcy9Y,STEVE HARVEY DONNIE MCCLURKIN TESTIMONY TBN NETWORK Featured! at *www.BennyHinnTv.com*,BennyHinnTv,Travel & Events,1765402,11326,407
c1VG7ELws3g,Criss Angel shocking trick gone wrong,bekzat lesbek,People & Blogs,5712244,11242,8077
TPAO-lZ4_hU,An anthropological introduction to YouTube,Michael Wesch,Education,2033796,11227,284
Tsux-2ptleE,America s Got Talent 2012 - Dave Burleigh  Comedian/Celebrity Impressionist,BlueChainsawMan,Comedy,2107764,11011,311
CDD0Ecjha-g,CAMALEON GRITA COMO UNA CHICA,RonnyGtX,Comedy,773791,10975,764
o7eI-wcWkBc,How to create your Own Channel/Banner art for your YouTube Homepage! [2017] [HD],XtremeHDGamer,Howto & Style,644248,10702,1028
GQxwaVQWSbY,Does David Cameron Secretly Like ISIS? Russell Brand The Trews (E137),Russell Brand,News & Politics,492076,10670,512
ORAGvfeGrqc,41-year-old Adoptee Deported After 37 Years in the U.S. (HBO),VICE News,News & Politics,655608,10605,500
lUDIgbLPurA,7 Youtubers That Got EXPOSED For Fake Pranks (Youtube Drama),Top Trends,Education,797331,10470,1081
FIUvmKS7xrw,Need You ( Lyric Video ) - Bosx1ne  JRoa  Skusta Clee  Emcee Rhenn  Flow-G  Bullet-D & Kent MNL,Jan Christian Aala,Music,2029459,10253,657
mEh3RJ5apIo,STRANGE MAGIC & LIVIN  THING - ELO (HD),Jhunne Deguzman,Music,2003943,9999,331
NNKIAuLh7pQ,Muslim Cringe Fails,Chodmunch,Entertainment,614630,9350,1615
GE7-ZW4ZTfw,Jamiroquai performs  Cloud 9  | The Voice UK 2017,The Voice UK,Entertainment,948094,8716,207
tTPhFBsU-KY,Mass LGBT Shooting In Orlando - RANT | Stef Sanjati,Stef Sanjati,People & Blogs,81580,8643,222
07WEaHKpdcU,8 unerwartete Tierangriffe auf Menschen,Deutsche Dimension,Entertainment,1395620,8616,1735
_FwRmdV7kMo,Im 36. Stock in Las Vegas - Familien Vlog!,flyinguwe,People & Blogs,130970,8566,401
uJtmQ5DAU3s,Woman Gives Funny Interview After A Fire!,The Daily Spectator,News & Politics,1480206,8353,307
B60FyLv5Vxg,Zombeys Angriff「Skribbl.io」,maudado,Gaming,123197,8225,112
dkZ6L8LMHX8,Karan Johar In Conversation with Sadhguru - Live from Mumbai - June 4  2017,Sadhguru,Entertainment,762056,8174,512
-4VGELAgHJk,Famous Comedians VS. Hecklers (Part 5/6),MotleyTV,Comedy,1677721,8122,684
xxrmOHJQRSs,SARTRE ON: Bad Faith,The School of Life,Education,330585,7878,55
U6Qy7zWC0dE,7 Actores que podrían ser el Nuevo WOLVERINE,TheGeeks,Film & Animation,553622,7843,492
Ifi5KkXig3s,Biblical Series IV: Adam and Eve: Self-Consciousness  Evil  and Death,Jordan B Peterson,Education,458452,7659,308
0hOP-TX06s4,Trump Thinks Hurricane Harvey Is All About Him,The Young Turks,News & Politics,449699,7537,2522
Xig8kao0Do0,Planet Libtardius: The Wacky World You Just Gotta See to Believe!!,HighImpactFlix,Entertainment,124141,7138,133
hff8T3J_3-Y,Karen Gillan Interview 9/27/2012 - CONAN on TBS,Team Coco,Entertainment,808451,7121,87
9ll6EcFPKw8,Shark Tank: Two Douchebags Pissing Mark Cuban Off,Leo Deki,Entertainment,2513884,7114,515
ekpD06P7kiI,Car hit by train - Top Gear series 9 - BBC,BBCWorldwide,Autos & Vehicles,2962312,7042,272
bIBcUcwu0Ig,Avicii - Shame On Me (Audio),AviciiOfficialVEVO,Music,1192412,7015,219
DCdtdAJF_20,CREATING A WORKING ROBOT!,UnspeakablePlays,Gaming,60213,6973,51
SwwBKt_DUqE,Lady Gaga and Jamie Lee Curtis: Actors on Actors Full Interview,Variety,Entertainment,486501,6929,229
LYmO9oXsTF8,American Beauty Burger Scene,Woosie Productions,Film & Animation,1819114,6894,300
F2tZwU9skqI,What Really Happened (Nate Diaz vs Conor McGregor 2),TheWeasle,Sports,713469,6780,429
FsOZ5tZk_dE,Chinese Student Blasted for Commencement Speech | China Uncensored,China Uncensored,News & Politics,200500,6670,544
zYj7o_MQppE,Myths That Black People Believe  Debunked,Black Lightning,People & Blogs,441463,6633,1279
3SrchrHxTuc,California Ammogeddon is Here! Goodbye Ammo,The Daily Shooter,Sports,359468,6400,505
y7KFCFfi7r0,I GOT SIGNED TO AN ACTING AGENCY!!,Kavari Vlogs,Howto & Style,153453,6330,79
FhxCV8lJbQg,Death of British jihadi Thomas Evans captured on camera,ODN,News & Politics,6630445,6323,1613
SaZoVkEUfyo,Wiz Khalifa - Errday (ft. Juicy J) Music Video,Pietro DiLorenzo,Music,1326748,5992,292
MacmN1EtIPQ,Nixon with no expletives deleted,CNN,News & Politics,1786034,5986,709
TZYqgiM6imo,Marjorie s message to Lori: Don t fit in  stand out! || STEVE HARVEY,Steve TV Show,Entertainment,677400,5751,107
sFmf2DmQcKw,Top 10 Fascinating Facts About T-Rex — TopTenzNet,TopTenz,Pets & Animals,566593,5668,234
LMVlVI4Jak8,Dil Toh Baccha Hai Ji Full Movie ft. Ajay Devgn  Emraan Hashmi  Omi Vaidya,Cinekorn Movies,Film & Animation,1755498,5543,589
8Yqw_f26SvM,Willy Wonka & the Chocolate Factory - Violet Blows Up Like a Blueberry Scene (7/10) | Movieclips,Movieclips,Film & Animation,2429940,5515,942
g25G1M4EXrQ,We Choose to go to the Moon,PointsofOriginII,News & Politics,1166616,5325,155
UgYuYSe9yCU,Mit Fake News Geld verdienen | WALUVERSITY,WALULIS,Entertainment,189863,5174,77
5n1p9P5ee3c,Crossroads: Labor Pains of a New Worldview | FULL MOVIE,Crossroads by Joseph Ohayon,Film & Animation,1107790,5139,224
IgHKVVmsnHo,Domo and Crissy Conspiracy Theories..Crissy is A Scammer & Domo s MISCARRIAGE,TROYCETV,Entertainment,275351,5053,2380
Vv0S1g0wrbQ,Shah Rukh Khan With Jonathan Ross - BBC - 1 of 2,Mshollybollyfan,Entertainment,1366806,5024,205
Gw1hgOlHTD4,Revealed: Hitler in Argentina,Highlight Israel,Film & Animation,1975521,4987,675
SXe7LRZtLrs,Johnny Bravo Compilation,JUDE PALF,People & Blogs,681830,4960,130
7XB3sD9QJCI,Muhammad Ali Funeral | Billy Crystal Imitates Ali,ABC News,News & Politics,789651,4916,189
pRlJgXJSzfo,Ariel Castro s daughter Angie Gregg speaks to CNN,CNN,Shows,1919999,4847,352
zB1Od7_vwgc,Justice League Action | Identity Crisis | Cartoon Network,Cartoon Network,Entertainment,1046589,4711,277
qtH_Uc2TFm4,Nareszcie! Morawiecki Powiedział JAK JEST! Izrael i USA Wściekłe  ale POLSKA ZYSKAŁA!,wideoprezentacje,People & Blogs,65699,4633,155
qKa9QK3u69k,Bangla Movie | Bolbo Kotha Basor Ghore || Full Movie || HD1080p |Shakib Khan | Shabnur | Omor Sani,G Series (Bangla Movies),Film & Animation,2815046,4573,2050
24fC7N2iAO4,Die Größten AUSRASTER und Sprüche der Bundesliga,Sport Vines Compilations,Sports,1800153,4566,405
UoEKPPZFuZY,Oprah Helps Stephen Make Anything Exciting,The Late Show with Stephen Colbert,Entertainment,705950,4436,170
XDSKi0tolaQ,Das hat er nicht wirklich gesagt?? :O VLOG 1 - YVE´S WORLD ♡,Yvonne Pferrer,People & Blogs,183450,4384,54
KQM3uUYYuXg,10 gruselige YouTube Kurzfilme!,CreepyPastaPunch,Entertainment,171054,4331,116
af7JfTEkPok,Young girl miraculously rescued alive from rubble in Syria,ODN,News & Politics,829627,4331,392
geisAnF6w9A,Boss-to-Boss Communication Between Mark Cuban & Uncle Snoop | GGN NEWS [FULL EPISODE],westfesttv,People & Blogs,294677,4221,99
Wc3l4LZv07E,《天籁之战2》第8期20171209：全能张艺兴劲爆热舞混搭传统花鼓戏 华晨宇《爸，我回来了》要听哭了 The Next S2 EP.8【东方卫视官方高清】,SMG上海电视台官方频道 SMG Shanghai TV Official Channel,Entertainment,842567,4221,334
sD9nURJIDVY,Marina Joyce Kidnapping ISIS HOAX?,sanders kennedy,Entertainment,174015,4168,483
kbXvPs5ql68,Kent - La Belle Epoque,KentVEVO,Music,1175401,4159,210
e8QCQudNEtY,pulverised & vaporized bodies 911,Damian Murray,People & Blogs,1759320,4143,1566
1MD5Y-TNYbA,Trevor Something - Death Dream [Full Album] (Explicit),NewRetroWave,Music,286525,4096,82
IRIIpXZF5dE,Fox News Caught Lying/Knowing Nothing on Solar Power,David Pakman Show,News & Politics,599427,4090,538
OZ-0MVSH-MM,DEMS HORRIFIED AS TRUTH ABOUT  MUSLIM BAN  COMES OUT... PRAY PUBLIC NEVER FINDS OUT,The Next News Network,News & Politics,158992,4057,166
a1REfTIc5po,Moulin Rouge! (1/5) Movie CLIP - Diamonds Are a Girl s Best Friend (2001) HD,Movieclips,Film & Animation,965391,4045,128
w1rq4S7Akdo,Uber CEO Fights With Uber Driver (VIDEO),The Young Turks,News & Politics,264552,4028,1104
mcWT2lQszEE,Only Aired Once About PENTAGON !!!,lulu7777,News & Politics,2602564,3952,248
1w2wayGCngk,Video Game Violence as related to Sandy Hook,boogie2988,People & Blogs,77207,3882,68
w87o-DKEFvI,Ask Steve: Bullethead!? What’s up man! || STEVE HARVEY,Steve TV Show,Entertainment,296167,3857,26
3jUxA3PgkZw,Miss Universe Pia Wurtzbach Forgives Steve Harvey:  Don t Beat Yourself Up Anymore,Entertainment Tonight,Entertainment,704527,3769,109
u38LLKgp_f4,Father Of UCSB Shooting Victim Speaks Out On CNN,The Young Turks,News & Politics,117281,3759,542
-rE80BtGk00,The Life of Muhammad: a Commentary,Sargon of Akkad Livestreams,News & Politics,222237,3741,244
G-bpN8PWEb0,How Should White People Think About Their Own Race?,Atheism-is-Unstoppable,Entertainment,44077,3738,151
xDPZbAWtEaU,Ever heard of Visegrad? Group of Central European states not happy with Merkel s refugee policy,RT,News & Politics,207321,3576,216
goKXTXwT_4g,Dinesh D Souza: A World Without America,Amherst Republicans,News & Politics,313571,3558,150
4VuXH0KJ74k,Jackie Kennedy on MLK:  That man s terrible  - theGrio,The Grio,News & Politics,852932,3555,1797
b5LtNQ6uJrU,A 30 años  así están los actores de Volver al Futuro,Ariel Hergott,Film & Animation,1515576,3440,1023
IL6yiG9smOA,Barron Trump: 10 Things You Didn t Know About America First Son,Celebrities TV,People & Blogs,904981,3412,517
Puz3N3zlg-0,5 Scariest Craigslist Encounters With Creepy Backstories...,Top 5 Unknowns,Entertainment,262711,3401,202
xRaO1mN5EEM,Mark Cuban DESTROYS Skip Bayless,Okay Cool,Sports,407416,3371,112
h7WfyAHUKSo,Obama:  let them die  don t help ambassador,JamesLee490,News & Politics,261743,3263,141
LfImTdAf1V0,Sad True Story-Aurore Gagnon (STOP CHILD ABUSE NOWWW!!!),G.,Film & Animation,660002,3259,420
5tNpIVgTbgM,Vegas shooting a DISTRACTION From Harvey,RichieFromBoston,People & Blogs,73220,3208,110
8kkUzU9OiDI,Fake News Remix - Donald Trump vs. The Mainstream Media,SocialistMop,Comedy,102699,3164,74
inZUDMGJsKo,Greatest Scenes In Film: They Live - Sunglasses,Cringe,Entertainment,520795,3122,41
fJ5PF0zqQ4s,Body Language of Attraction,Vanessa Van Edwards,Education,491968,3106,97
ccl6efajjTc,MORTAL KOMBAT - Then and Now 2018,THENvsNOW™,Film & Animation,441678,3069,159
KmN6qLwj1_A,Asha heroine real life sex,cinimini1231,People & Blogs,6429334,3042,2127
G2DCExerOsA,A Bout of Insanity - Blackadder - BBC,BBCWorldwide,Comedy,683936,2975,43
UhkKfHBTQlI,"Solar Fields - Origin # 1 [Full Album]",The Psychedelic Muse,Music,466983,2943,81
YMeKfVq3uEw,Bruiser - Inept Q,Takaouto,Comedy,333340,2884,160
l0q5xbjy_Do,Begin Deprogramming,Alfonzo Rachel,News & Politics,130845,2845,178
juiJLAfqt7k,Twin Peaks: The Return - A Critique of Nostalgia,ScreenPrism,Film & Animation,57570,2843,63
MT0wZq_1b1Q,Overwatch - Winston  Gorilla Warfare! (Hero Voice Lines  Interactions and Lore) | Hammeh,Hammeh - Overwatch (FailCraft),Gaming,185131,2830,32
yu0swZAbvDQ,Top 10 Piano Sections in Rock Music,WatchMojo.com,News & Politics,243893,2786,921
hgp2wvhzp9k,Priscilla  Queen of the desert - I Will Survive.avi,Gabriella Granata,People & Blogs,582237,2781,67
3nykFxHOcXs,Schoep the Dog Dies,Steve Grzanich,Pets & Animals,563544,2676,21
sv9u92YQupI,Nigeria 70 - The Definitive Story of the 1970’s Funky Lagos - Disc Two,Robert M,People & Blogs,267275,2674,48
wcOM1e9blBI,Catherine Austin Fitts –Smart Money Buying Gold and Land,Greg Hunter,News & Politics,107050,2657,137
kFmxnTlCSp4,U2 - Live iNNOCENCE + eXPERIENCE- return to Paris 7th December 2015,Pro Rock,Music,399671,2568,200
qWe7ZP2U5xo,Nation Wide Solar Flare/BlackOut Drill 10 Days/Watch This VID.,BPEarthWatch,Science & Technology,65108,2556,142
YRNzN9pjDJc,Are The Elite Preparing for a Cataclysmic Event?,DAHBOO777,News & Politics,168123,2549,235
xnqWs8pAsRk,CNN on Jews Did 9/11,sxe,News & Politics,634088,2514,1840
yc4tlSwCLMw,"HUGO SE VA Y MIRAD LA QUE SE ARMA | CRISIS FAMILIAR | EL DESENCANTO | Vlogs Diarios #280",Olga y Antuan,People & Blogs,138420,2495,176
pB2xz3Yod5k,Q STORM/MAJOR EVENTS/FALSE FLAG?,BPEarthWatch,Education,52465,2418,49
2brudtY-L7o,Vanishing cigarette trick revealed - Magic Exposed,Gary Thison,Entertainment,546952,2404,69
6QfyMVbm258,Donald Trump Thinks Britain Will Leave The EU | Good Morning Britain,Good Morning Britain,Entertainment,224489,2397,376
xrlZLfk88GI,Amazing Rescue Moments On CNN,CNNBuzzfeed,News & Politics,379044,2391,89
sAasJpzQLDs,Economically Leftist  Pension-Happy Illinois Now Nearly Broke as a State,Styxhexenhammer666,News & Politics,51387,2388,57
benD42w5I4I,Tila Tequila Suffers Brain Aneurysm After Exposing Illuminati Dark Secrets,seektruthandwisdom,Education,690857,2350,303
Q8x1a9Iy6Q4,Steve Harvey left speechless by 10 year old,tonyfranklin73,Entertainment,957041,2309,145
-BexUTy9InA,Pepsi Forced To Remove Propaganda Commercial,The Alex Jones Channel,News & Politics,49608,2278,77
8XRoRiOt_gE,Donald Trump: The USA To Conquer England,ramzpaul,Entertainment,40544,2266,505
DcHszo89ugc,The Turning Point - Full Film,Press For Truth,News & Politics,226324,2243,73
BsUUG3Aq9Vc,INTERVALS | By Far and Away (Official Audio) | NEW ALBUM OUT NOW,Intervals,Music,102549,2238,30
MF94Z13EKxE,Something about the Royal Family Tree WE Should All Know,Gary Lite,People & Blogs,253804,2228,388
CQ5lgS8DN48,Schammasch - Triangle (2016) [Full Album],Supremacist,People & Blogs,162896,2195,49
-DZnSORHF4o,Lüge bei ZDF und ARD aufgedeckt !!,jani scher,People & Blogs,225783,2194,159
vQGBj8AxfwM,Breaking: TRUMP Just Destroyed RECOUNT PUSH With 1 Sentence!,MLordandGod,People & Blogs,160208,2180,191
sQOpnk19Qqs,Top 10 Countries Whose Names Many People Get Confused,CoolChannel4,Entertainment,245314,2165,250
TLtFWOU0NvE,Arizona Sheriff Challenges Obama: What Shooting Specifically Would Your Exec Actions Have Prevented?,TheBlazeNow,Entertainment,1034084,2156,848
sO3O2C4xBwA,Soundtrack (With English Subtitles),shreeinternational,Movies,1072328,2146,181
tDH7ipJPa_4,Hoax Hate Crime in Charlotte | Signed  White America,Matt Christiansen,News & Politics,25204,2135,12
2QTT11eMmsA,Mark Passio On Donald Trump & Satanic Pedophiles In Government NEW Must Watch,The Great Work,Education,113187,2083,132
spc51snhp6g,MY LIFE WITH MY ROBOT PARTNER,TECHNOCULAR,Science & Technology,1842391,2063,1440
LbDNuaykaz4,Sie lügen wie gedruckt: Die Wahrheit über die Angriffe auf der Frankfurter Buchmesse 2017,UNBLOGD,News & Politics,71338,2060,154
pUfNqr4K8Bs,Corporate Logos are Ancient Pagan Symbols - Do You Really Understand Who Controls The World?,conspiracyrealitytv,News & Politics,281873,2059,219
4wNJHRViZE0,Magician  Jinn & Black Magic Exposed! by Mufti Menk,Muslim Speakers,Nonprofits & Activism,139782,2005,34
5azFAq4k8Mw,¡Exclusiva!El gaseoducto causa de la Fiesta en el PAÍS DE NUNCA JAMÁS,contraperiodismo,People & Blogs,99801,1983,80
-UkSd2RaMQw,Baphomet makes a huge comeback  The elites want your kids,RichieFromBoston,Education,51358,1977,50
zENjhLp1KuA,Der Narzissmus des Mainstream-Youtubers,Green Rabbit / Philosophie  Psychologie  Existenz,Education,21450,1974,27
FKqow8jzUDc,Why We Don t Have Flying Cars  Yet,Mark Proffitt,Science & Technology,2304677,1971,861
lC_B806Yv1E,We Need a Constitutional Amendment to Protect the Internet,Styxhexenhammer666,News & Politics,28241,1946,39
JsHhMqBMCPE,Blk Masonic Celebrities Pt 2,tugs101cellvideo,Education,881562,1925,929
17q7ZYXdpfI,EMF-Detektor: Ab geht s auf Geisterjagd!,Chris Figge,Science & Technology,110862,1911,53
zIWkOJHKcSQ,RuPaul’s Drag Race All Stars 3 Episode 4 Snatch Game | MovieBitches RuView,MovieBitches,Entertainment,29028,1896,52
oUlk15EzKDk,Ranga Yogeshwar entlarvt Bildvergleich-Fake (Obama vs. Trump),FMDsTVChannel,News & Politics,268888,1886,631
PNZXFyAhcxk,SegWit on FIRE 🔥 ETH ASICS  Vitalik ICO  Lisk Rebranding  Petro,Ivan on Tech,Science & Technology,19592,1842,21
4bPr1AKZ0uI,War Robots [3.6] Test Server - New Dash Robot (Strider) Gameplay,Phoenix,Gaming,197347,1836,145
2LBgqf_9LI8,Famous Actors  Audition Tapes Before They Were Famous,InsaneOtter,Entertainment,358022,1829,32
vXIB916rkMw,Proof*** Future Broke The Illuminati Oath. Is He Next?,Guaranteed V.I.P 4 Life,Entertainment,631646,1814,813
dT0Qbl-KkU8,Vasco - Lsd ( Hi-tech ),Goa Psy Radio,Entertainment,146750,1802,24
w8JjsIq0ehM,ทุบโต๊ะข่าว : สาวถูกขวานฟันรถ รับ“จอดรู้เท่าไม่ถึงการณ์”ขวางหน้าบ้าน-“ป้า”โผล่พร้อมแจง ตร. 19/02/61,AMARIN TVHD,News & Politics,558138,1802,355
W2dL_FyBNDY,OUCH! James Woods Shows NO MERCY With The Harshest Insult Of Anderson Cooper Ever – ...,LATEST NEWS GLOBAL,News & Politics,236446,1768,214
uazan4bDoAM,9-11 / Illuminati Symbols in Movies [New World Order],Willubhave Four,Education,382202,1765,216
Q1V4d5ChSRw,Nicky Jam & J Balvin Play  How Well Do You Know Your Hermano?  | Billboard,Billboard,Music,109058,1731,26
jC8d0DjSRcc,Top 10 Super Villains You Didn’t Realize Actually Won,Top 10 Nerd,Education,56789,1730,37
Y7gWPr-gEdk,Momentum - Ryan Sheckler Part 2 - Skateboarding - Episode 8,Red Bull,Shows,269010,1728,47
0VDOkgYpLWI,Marx ha vuelto . El mercado y las crisis [Cap. 2°] basado en el Manifiesto Comunista.,TvPTS El canal de la izquierda,News & Politics,155226,1717,50
GVVThPAV1YE,Leftist Media Encouraging  Liberals  to blame Protestors and Opposition for Venezuelan Crisis,Styxhexenhammer666,News & Politics,31622,1715,35
7-7WlIZwePc,Donald Trump Jr. s entire Republican convention speech,CNN,News & Politics,176060,1695,495
C4wAOweRQM4,Bewusstsein schafft Lebensfreude - Dr. Daniele Ganser im Gepräch - (Hamburg/Mai 2017),ahundredmonkeys,People & Blogs,105836,1676,67
PisOF87VNnI,UPDATE: Umpqua Community College Mass Shooting,The Young Turks,News & Politics,112092,1663,409
rcc-vLLkHSc,Why Hospitals Hire People To Fake Being Sick,Stories,Travel & Events,83640,1647,76
R7W4gKHHij8,FREEZING IN FAKE YEEZYS,Irfan Junejo,People & Blogs,46460,1637,7
vj_7W48CElc,Desiree Jennings Caught Faking?,FTD TV,Film & Animation,949061,1593,310
nkH-LCiBr7Y,John Cobra pide perdón a los musulmanes... a su manera,MEDITERRÁNEO DIGITAL,Entertainment,354400,1581,705
1G84InaI4Vw,8/15/2014 MASS SIGHTINGS OF A LARGE UFO CRAFT OVER TEXAS CONFIRMED!,secureteam10,People & Blogs,359422,1569,128
jzoU7zZt4E0,CIA killed aaron russo for revealing the truth about the Rockefeller s [MIRROR],mmaghfai,Education,255693,1558,87
z3smrjgKuuA,The Alex Jones Show - Kim  Deploys  Army on Beaches - 04/27/2017,The Alex Jones Channel,News & Politics,81888,1539,200
hTZzEct0w_w,BITCONNECT GANG OF THIEVES IDENTIFIED,Badisse David Mehmet,Howto & Style,93281,1492,129
bkFVNRZv2eM,Ukrainian agony - The concealed war (full English version by Mark Bartalmai),NuoViso.TV,News & Politics,159792,1479,493
iUgdVXUDrM8,Asiana Plane Crash: Funny Fake Pilots Names Released,A Day With Daoud,Entertainment,340799,1478,57
R2Kt9SrHYWk,Jesse Ventura and Dave Rubin: Marijuana  Trump and Hillary (Full Interview),The Rubin Report,News & Politics,54313,1461,144
n_vGqkkAurg,Cinderella: The Terrifying True Story,GhoulishExpeditions,Entertainment,277974,1456,185
0jJu6zyF8uQ,Nostradamus Decoded,floridatime,Entertainment,531632,1399,139
vSVz-9jT3jU,Planet X - Is It God s Final Judgment?,Israeli News Live,People & Blogs,91215,1376,107
zPn_AnP9N9I,!!! (Chk Chk Chk) -  The One 2  (New album Shake The Shudder May 19),ChkChkChkVEVO,Music,211799,1370,220
_2Lnn6FjGkY,How To Replace Install Leaking Valve Cover Gasket 1.6L SOHC 1996-00 Honda Civic,1A Auto Parts,Autos & Vehicles,251771,1364,72
BaIKTUkjZd8,"Campaign Settings: Birthright. Running the Game #54",Matthew Colville,Gaming,56763,1364,27
CcAs7BS3Usc,La tragedia de Waco  el error más grave del FBI - Documental,Docutami,Entertainment,386960,1362,195
ECcW1spWRN0,BOOM! OBAMA FEDERALIZED THE ELECTION—Trump Overturn Or...? Here’s What They Refuse To Say,Lisa Haven,News & Politics,43671,1336,75
HLdMCPhq3jc,Baltimore Reacts to State’s Attorney’s Announcement: Baltimore  Maryland (Dispatch 3),VICE News,News & Politics,116210,1330,232
pVZVCbW63lc,Obama slams liberal PC culture on college campuses: You shouldn t be  coddled,Washington Free Beacon,News & Politics,122916,1314,17
7sos_LNwNM0,The Fighter and The Kid - Episode 285,The Fighter and The Kid,Entertainment,124689,1311,186
3XIuEGaee8c,TOP SECRET Government ‘Wikipedia’ Revealed! You Won’t Believe What’s In This Search Engine…,Lisa Haven,News & Politics,31236,1309,48
C1IGNLg-RSU,Berlin 1900 - HD in Color,FootageArchive - Videos From The Past,Education,161736,1295,12
SZ4RX5PsnFM,US ambassador s  fake news  claim backfires,CNN,News & Politics,128774,1287,218
SNL6heqEFuk,Right Angle - The Vegas Shooting Aftermath: Human Reptiles - 10/04/17,Bill Whittle,People & Blogs,18662,1279,10
DJHSy3lHgTk,Black Adam  HULK-Clap  Clark Kent & Billy Batson,Billy Batson,Film & Animation,352139,1277,38
3DVCI7z4PO4,What s Poisoning YOUR Food?,TruthUnveiled777,Education,58863,1263,23
E22QrX644EE,ATTEMPT SEARCH AND FAILED @ FALFURRIAS CHECKPOINT,TonyCorona1120,Entertainment,340963,1254,182
D5ShvYrYnxo,Transhumanism knocking on your door,PeterSiNeh,Education,168998,1245,129
l-yFCMfejfQ,What is the School of the Americas? | CLASSIC,Stuff They Don t Want You To Know - HowStuffWorks,Entertainment,63158,1237,24
9PquFoo8uOI,Believe Nothing the Fake News Media Tell You About War With North Korea,Lionel Nation,News & Politics,23307,1233,48
g9OwoirFAaY,How to make a Rain Detector with alarm - Electronics projects,The Mastermind,Howto & Style,203963,1233,94
b4lIq10BBKw,Roger Stone -  Murder Wanted  LBJ The Man who Killed John F. Kennedy,American Patriot,Education,109928,1231,75
q5vt7AttAnI,Why do you want to kill President Obama?,AdamKokesh,News & Politics,45767,1208,97
Y7_4AebFOFw,Jordan Maxwell: The Human Deception.,The River Mersey,News & Politics,220491,1203,93
HFVYeBUOK7o,HOLOCAUSTO - Campo de Extermínio 1987 (full album),Adriano headbanger,Music,82184,1187,68
cDBnwV-wG4o,The Gruesome Twosome - Hallucination Generation,Krasswerk,Music,113771,1176,39
jZfVV5yu2yw,Lessons Learned From The Suicide Of A Conspiracy Theorist (2016),TheScariestMovieEver,Education,54806,1170,64
oXThBXBE_5o,Die neue Waffe: Hackerangriffe - Der russische Cyberkrieg - Clixoom Science & Fiction,Clixoom Science & Fiction,Science & Technology,26736,1163,838
RY56POHotGE,SECONDS AFTER THE VEGAS SHOOTER’S GIRLFRIEND LANDED IN LA  SOMEONE UNIMAGINABLE SHOWED UP TO GET HER,The Next News Network,Travel & Events,72502,1157,115
EHNTufCZmH4,Sgt Major in Parris Island scolds a US Marine Veteran,nirvana,Entertainment,414057,1149,202
PnvEJtdR6WM,Fake News is REAL: More Undeniable Proof!,Dru Story News,People & Blogs,109313,1144,80
gajMQm1nC90,Blacks In This Country Are Becoming More Racist Than Whites!,PastorDowell,People & Blogs,35546,1137,170
W3kDdVQvrBA,The Debate is Over - Evolution is a Hoax! - Kent Hovind VS Bil Nye,A Graceful Watchman,Education,51459,1126,411
bdFWSHCh6co,MURDER IN MANCHESTER,Bill Whittle,People & Blogs,15012,1124,14
JDNr8rIQXAo,Crisis & Chaos: Are We Moving Toward World War III?,Babu M,People & Blogs,158520,1119,224
CLDXJo7ZMcg,ANGEL SPLITTER - VOID OF DEVOURING LUMINESCENCE [OFFICIAL LYRIC VIDEO] (2017) SW EXCLUSIVE,SLAM WORLDWIDE,Music,22131,1114,37
s75Afyu-_Tc,Sun flickering and high speed moons compilation from around the world,Jeff P,Film & Animation,59952,1096,109
Tv-XR6gXfLI,How the Blockchain Revolution Will Decentralize Power and End Corruption | Brian Behlendorf,Big Think,Education,33478,1088,75
weN0yyTSk4I,Alex Winter On The Deep Web  Silk Road and the Dread Pirate Roberts (Interview w/ Cenk Uygur),TYT Interviews,News & Politics,91847,1087,45
nKAjYkyQbQo,Anderson Cooper: Nunes memo is a phony drama,CNN,News & Politics,142085,1072,1494
-lKWOQSCf68,MSNBC Calls Alex Jones  Deeply Racist,The Alex Jones Channel,Nonprofits & Activism,143157,1067,123
x6JAMTSbcbQ,ASMR Schlaf Schön ♡ Gute Nacht Geschichte - geflüstertes Märchen | deutsch/german,annawhispers ASMR,Entertainment,76216,1067,52
Q8yEat5_8xI,SMOKING GUN! Boston Bomb HOAX - Amputee Actor Exposed,endtyranny2012,News & Politics,150673,1060,338
h9iCtSHoAlg,3rd Amtrak Derailment Was Deep State False Flag: High Level Intel Source Reports,The Alex Jones Channel,News & Politics,27216,1052,39
dvCAxGmDq9k,Oregon Protesters find and Remove Cameras,LIVE SATELLITE NEWS,News & Politics,175089,1052,398
gohal9CW7t0,PLUTOCRACY Political Repression In The U.S.A. (2015) HQ FULL,consciousnessofone,Nonprofits & Activism,108638,1042,36
zxuxNFtsrCU,The wild life of John McAfee  mysterious cybersecurity pioneer,ABC News,News & Politics,88153,1028,81
KlTnOETvKmM,80 Paid Protester Arrested For - Treason - We Hope,William Mount,News & Politics,22395,1025,38
j13P-2iHX-I,Strange Magic Purchases = Old SEALED Magic Redemption Sets,Alpha Investments,People & Blogs,37654,1025,36
Lwk3c3_jg1c,CNN Creates Fake News To Explain Trump Popularity,The Alex Jones Channel,News & Politics,34163,1021,26
5j2ion1S2Do,‪Swings‬ Mixtape [‪‎Levitate‬] (English subtitles available),justmusic linchpins,People & Blogs,246651,1017,29
vUgiveUdXXw,History teacher had future vision Keith Olbermann,rudygal333,News & Politics,93528,994,110
squQBDoa7xI,Hillary Exposes HER OWN  Dangerous  FAKE News!,HighImpactFlix,Entertainment,8461,991,14
FkQSZpFpVCI,Boy Harsher  Country Girl  (official),Ascetic House,Music,51026,990,13
edY5qLa1Bvg,Omar Mateen Is a Really Bad Actor,Truthstream Media,Comedy,29187,972,33
vPaQ3MiQvjo,The London Bridge Attack,swilliamism,People & Blogs,35394,968,107
l3cUzw6YeGs,John Titor - Art Bell Coast to Coast AM 3/12/2002 Time Travel,Michael Mitreski,Music,250920,962,133
btw_1nuJOfM,Deutschland ist eine Bedrohung für die USA und völlig abhängig von deren Schutzmacht!,uncutnews.ch,News & Politics,122018,960,86
2XbfH4rCMJA,Understand the Syrian Conflict in Five Minutes,SyrianPerspective,News & Politics,188040,950,160
wExlt7vX6W4,FOR THEM ITS EASIER THAN A GAME OF POKER OR A ROLL OF THE DICE!,A Call For An Uprising,Gaming,32407,947,58
oOh1TnFDLlI,WSJ Presents UPDATE FOR HUMAN BRAIN,RichieFromBoston,Science & Technology,16391,940,15
nhatHjVbrGw,Extended interview: Millennial Muslims on life in America,CBS News,News & Politics,81932,936,361
xydjwuPNQ8E,10 Haunted Locations in Oregon,Madame Macabre,Entertainment,42565,936,19
frRdL6CQZ0U,CAITLYN JENNER: Transhumanist & Occult Ritual Sacrifice,FaceLikeTheSun,Education,71076,927,142
ujX8evzRXN0,AMERICA S GUILLOTINES AND FEMA S COFFINS,kalamata777,People & Blogs,308205,922,163
iQAXz81WZGk,Lunatic Soul - Moving On (from Fractured),Kscope,Music,61863,921,17
XKLSgLsDEGg,Miss Universe 2015 Crowning Mistake! Miss Colombia Snatched.,Paul Zedrich,Entertainment,419576,902,163
QVqCI-_Sano,Weather War Terrorism; Bullet Holes and No Body Counts,aplanetruth.info,Science & Technology,31013,898,31
zt8JlhqlEGA,YOUNG PHARAOH™- THE FAMILY OF ZACHARIAH LATNI SPEAKS ON HIS CASE AND EXPOSES BROTHER POLIGHT!,YOUNG PHARAOH,Education,28916,898,64
yj0GfHpFlzY,Trump Makes the Deal! - World War 3 & the 70th Week of Daniel Next!,The Word  the Sign and the Sword,News & Politics,88274,892,111
89ButJAvkvw,the BIG meeting !,The Prepared Mind,News & Politics,9053,890,32
uYx1L985wcA,Fake News Watch 4: Las Vegas  Puerto Rico  and the NFL,This Information,News & Politics,19358,889,50
M8jTyk3A1lU,Dark Sky - Kilter,MonkeytownRecords,Music,41360,880,8
-gY-pHEDhYc,Doing a Colon Cleanse Before and After a Liver Flush is Extremely Important,Andreas Moritz,Education,111871,873,16
ALTvG9MIR64,Science in service to the public good | Siddhartha Roy,TED,Science & Technology,38840,864,58
xtWXrxcqsrs,Open Secret (FULL DOCUMENTARY),The Orchard On Demand,Film & Animation,134163,846,89
3n1d9uGpano,Alert: Day Of Rage - Friday 15 July,William Mount,News & Politics,103899,844,137
-OHlLgGfl5U,YouTube Hates This Conservative Black Woman For Fighting Racism,The Alex Jones Channel,News & Politics,19881,842,298
6_pox6zCQGg,Antichrist Candidate Surfaces! Strong Supporting Evidence That’ll Blow Your Mind!,Lisa Haven,News & Politics,94436,837,193
hLcHNhAYvRE,Marines Confront a Man Impersonating An Army Sergeant Major,Top Right News,People & Blogs,359545,827,63
b-SHZxplMmM,Capitalism vs Socialism - Economics 101 - Reagan vs Obama,NPL Productions,News & Politics,103057,817,82
6Mml2fi2gzk,How Illuminati Destroyed Public Education & Your Kid s Minds!,TheScariestMovieEver,Education,55139,812,28
54hGrylz1Sw,9/11 - Dr. Judy Wood on the so-called  Jumpers  - Observations and Questions,HannibaltheHerbivore,Education,221208,811,244
m1_Z6-v4uT0,Sybil ~ The true & extraordinary story of a young woman (Part 1 of 2),bdreamer4ever,Film & Animation,621566,803,52
XWb_IZMdAQU,Auffälligkeiten zu den Pässen von Flug MH17,Don R. Wetter,News & Politics,220383,790,123
Jj_H8W7wIe0,Joe Rogan on Alex Jones & Megyn Kelly,JRE Clips,Comedy,85582,789,70
uHEK4fqJnKE,Paris Riots 2017 Live Footage: Is This The End Of The Multiculturalism Experiment?,Simon Harris,News & Politics,79350,771,54
QV__jyTn8Mw,I told you so!! Christians BEWARE!! They coming For YOU & Your Children!,Thecontroversy7,News & Politics,21518,769,24
HdBP5yyZL4M,London Terror Suspect Once Appeared on Docuseries   The Jihadis Next Door,Inside Edition,News & Politics,66247,759,41
DyEGZxCEXUo,BUSTED! Establishment Media Caught Faking News,The Alex Jones Channel,News & Politics,45002,746,12
pJCZNTOx_ds,Dog Days Are Over (Audio) - Florence + The Machine,naomi tyler,Music,76126,740,21
CgQuvYbxeYQ,Poor Kid Gets Brain SCRAMBLED By Dinesh D souza,Conservatism,People & Blogs,49686,737,16
Fu8g5EsFCZE,CERN WATCH: Particle X - Space X - Alien Deception - Bottomless Pit - Quantum Computing,FaceLikeTheSun,Science & Technology,31176,733,40
j1jjLOmwSh4,Abel Danger -  FBI INSIDER  - Clinton Foundation Scandal Would Bring Down The Government And More,Victurus Libertas VL,People & Blogs,46637,727,17
mG2z6JWVmWw,Wheel of Fortune  Rigged?!! | TMZ,TMZ,Entertainment,67385,718,50
-r1TX1y5GuA,"Let s Play Max Payne 2 #005 [Deutsch] [HD] - Durch den Wohnblock",Gronkh,Gaming,102372,706,21
LXdsAtdeSWg,Gutfeld: Alleged NSA leaker blames Fox News,Fox News,News & Politics,20101,705,23
_JTg1DKMKN0,Xe chuyên tải robot biến hình,Caxu tetis,People & Blogs,961176,703,290
ci0pI97PEes,The Armstrong and Miller Show - Perfectly Innocent 1,myLastTears,Comedy,228923,692,32
f7PJJrQTLcc,MULTIPLE PEOPLE INJURED AT FORT LAUDERDALE AIRPORT  FLORIDA.,Right Side Broadcasting Network,News & Politics,68868,674,79
x8ahyu3arzA,Child Indoctrination is the Source of the Evil in The Nation,jeranism,Science & Technology,16480,662,56
HwgMsH0aDDM,Cuphead - Where To Find All Hidden Coins In Overworld,Father,Gaming,65029,660,19
dICIKYn5w4w,How to focus and expose when videoing Venus with a Nikon P900,Movie Vertigo,Science & Technology,33793,660,80
JN82SX2tr30,InfoWars Vaccine Myths Debunked,Nonsensicole,Entertainment,8238,655,244
DjEQxU-_I_M,Is Your EV s Battery Degrading? Or Is It Something Else?,Transport Evolved,Autos & Vehicles,16182,655,25
a7xLcuBDkRY,Weather Manipulation Caught on Camera!,Christian Journal - Media,Education,55900,648,91
AiaGlizZU3k,The Great Conspiracy: the 9-11 news special you never saw 7,ketsuhige,News & Politics,353176,646,77
TKbfFxF9zBE,Turkey terror attack: Gunman dressed as Santa Claus kills 35 at Reina nightclub - TomoNews,TomoNews US,News & Politics,418900,643,271
tlK0sDfgpUk,STRONGER Trailer (2017) Jake Gyllenhaal Boston Bombing Drama,JoBlo Movie Trailers,Entertainment,54436,637,53
p-tQRPWW1dU,Cremation Lily - Lovers Against The Rocks,ein schwärzeres schwarz,People & Blogs,27221,634,2
OCLgFvpNW7Q,Hitler explains the Ukraine crisis,Hitler Rants Parodies,Comedy,47959,632,30
7FdnMJyiiwg,The Powers Behind The Islamic State,TheRealNews,News & Politics,329949,631,147
1S8ksQtKKfE,After Hillary Advisor Tried to Defend Her Selling Uranium  Tucker Made Her Instantly Regret It,True American Heroes,News & Politics,26072,625,12
b92dl6WxpuY,HAPPY HOLIDAYS TO YOUTUBE CEO SUSAN WOJCICKI FROM ACFAU!,THE FIRE RISES,Entertainment,6003,617,15
TgS5ThRtVTw,Full Show - Donald Trump Wins  Hillary Clinton Steals  Zombies Attack - 06/08/2016,The Alex Jones Channel,News & Politics,44636,592,60
NzDpQCRZ8dQ,Beverly Hills  90210 - Rape,CBS,Shows,565929,591,93
AQpo4mLFdUs,THEY ARE PLAYING THE CRAZY FAMILY CARD!,A Call For An Uprising,Gaming,13974,585,14
ny9q0KM3Ca8,First Impact Video Footage -- US Airways Flight 1549 Hudson River Crash,AVweb,Autos & Vehicles,740649,579,52
QMhhleLAiUI,Halla Bol: Bollywood Actor Salman Khan In Trouble Over Rape Remark,Aaj Tak,News & Politics,277241,576,525
-j0jHKL8AKE,Trump  Prostituierte und die Russen: Manche Fake News sind in Ordnung,RT Deutsch,News & Politics,19569,575,28
WkGBzLva6dc,"Jack Posobiec is punk rock #Pizzagate",Vic Berger,Comedy,13631,569,19
taFxgxLmJRw,The Satanist/Illuminati Serial Killer Connection!,TheScariestMovieEver,Education,41867,567,23
9KaRoXxQFaU,FAKE News CNN Fail: No Trump Russia Collusion | StateOfDaniel,stateofdaniel,News & Politics,7430,563,31
Q4zTR9ubkD4,Earth Rise Hoax explained under 4 min Moon Flat Earth,Mike Helmick,People & Blogs,12645,562,55
wO2ZgWUYZhU,monokrom - return of the mummies of noise -,fichart,Music,65431,555,20
c0kuT9DvZ2c,Joe: Donald Trump s Mother  Wives Weren t Born Here Either | Morning Joe | MSNBC,MSNBC,News & Politics,88318,552,227
kJWsUXw1zQc,Democrats Caught In Massive Election Fraud Nationwide,The Alex Jones Channel,News & Politics,16168,546,27
M3vBsA2GuLY,Bin ich jetzt Deutschlehrerin? Was gerade los ist... VLOG,Die Klugscheisserin,Education,13809,543,14
EDDzSgiMvz0,Kevin Spacey und der Belästigungsvorwurf: Eine weitere weichgespülte Ablenkung aus Hollywood?,TrauKeinemPromi2,People & Blogs,29108,542,59
MSV0xaY_12o,It Looks Like Bruce/Caitlyn Jenner Did Get Away with Murder,pocketsofthefuture,Howto & Style,67064,539,95
HQYm5a9aww4,Video Outside Nightclub Clears USC Student Of Rape,CBS Los Angeles,News & Politics,269521,538,70
10uHVTsH7RE,Trump  The Puppet: An Animated Political Satire,The Daily Conversation,News & Politics,29477,532,368
uFKno1aMCJQ,A woman searches for a  replacement girlfriend  for her boyfriend before moving abroad.,Omeleto,Film & Animation,19524,529,45
hHSs73IAoPs,Was 9/11 a Warning from God? Amazing Biblical Secrets of America s Future,GetaLifeMusic,News & Politics,72169,525,54
cqGZJtsRuWY,Gunman at Comet Pizza  The real story. its not over.,RichieFromBoston,People & Blogs,11119,520,27
aCp5ZenWBvo,Trump  Jr.: Americans should be scared about what s going on,Fox News,News & Politics,15235,517,38
Hy55ZojwBVQ,RIGGED: Archspire (2017) | GEAR GODS,Gear Gods,Music,20981,515,2
QEUXQYCaa_Q,Coincidence?! Nice Attack AND Eiffel Tower Fire On Bastille Day!!!,TruthUnveiled777,News & Politics,63498,512,127
sngqrHapYGA,From 9/11 to Mass Surveillance  The Man Who Knew Too Much - Thomas Drake on RAI (1/5),TheRealNews,News & Politics,41829,511,43
J-mVETm4oZI,Crisis on Earth-X CW Crossover CONFIRMED,ComicBookCast2,Entertainment,12445,499,6
SPwOxTaz5qc,Part 2: Q-Anon  Jared Kushner  Bitcoin  Saudi Arabia  And Robot Economy,Denise Matteau,People & Blogs,13039,490,13
Zktn5sweSSg,on Ghostbusters and identity,StrucciMovies,Film & Animation,5914,485,5
nWzNnxJIuvc,WHOA!! WHITE HOUSE AREA 51 UFO CONSPIRACY!!? SHOCKING Press Secretary Statements! 2016,thirdphaseofmoon,Science & Technology,53801,479,63
ehjQ-MgjiGg,¡¡¡ TIENEN LOS SUPPLIES  LOS TRES TITANICS !!! Consp 2018 cap 7,Jose Alfonso Hernando,Science & Technology,14919,474,33
gywc58Bxxc8,MandalayBayResortShooting,DoubleThink Antidote,Entertainment,194079,470,35
b29IkZl4UfY,Why Aren t There More Poor Kids At Elite Schools? | AJ+,AJ+,News & Politics,17666,467,121
QbZlDVxUwpE,Livestreaming Gear: My Basic Setup for Events,Justin Brown - Primal Video,People & Blogs,16409,466,3
80YDEOlsgaI,Being Asian & Getting Grades!!!,Dylan Froscot,Entertainment,3833,460,2
Gs7lradHxWE,THE DEEP STATE IS NOTHING BUT THEATRE...,THE FIRE RISES,Entertainment,5318,455,16
2RkddudkkbY,Anonymous: What Were Not Being Told About JFK s Death And Why It Had To Happen,Anonymous We Stand,News & Politics,13154,452,12
-0-2RqtR8x0,POLIGHT ON BUILDING WEALTH PART 2:  YOUR BIGGEST RESOURCE IS YOUR MIND  USE SEXUAL ENERGY,KEYOFLIFE PRODUCTION,Education,25464,452,18
rWLA1jlvLGc,X-Fusion - Rotten to the core (Remix By Solitary Experiments),David Latisnere,Music,65679,450,7
BdFYhpynED4,REAL TELEPORTATION CAUGHT ON TAPE*camera on car REAL FOOTAGE*TELEPORTATION proof january 2017,Discover the Truth,Science & Technology,120443,450,128
dyR6vtRtwxo,Flying Humanoid Monsters that Cannot Be Explained [FULL VIDEO],Zohar StarGate TV,People & Blogs,81053,447,107
EJbi-W9py8E,Clinton  Blair and Obama Destroyed the Idealism of Politics - Gabriel Byrne on RAI (3/4),TheRealNews,News & Politics,11542,446,9
YE0VUofygK4,Bill Nye The Science Guy EXPOSED as an actor (BILL NYE THE GMO GUY),PIZZA 4 LIFE,Science & Technology,25872,445,51
-z47HcmOJv0,Date at Midnight - Waves (Official Video),Date at Midnight Official,Music,21412,445,2
xpXKMT5flao,Exclusive: TV Star Reveals Health Crisis,The Doctors,Entertainment,82840,445,20
KX2zKGBICb8,Lone survivor of Texas shooting rampage speaks out,CBS This Morning,News & Politics,124842,442,47
4kWeuFrJ4TU,SEASON 3 GRIND ☆ AUF DIE SIEGE FERTIG LOS ☆ LEVEL 25+ ☆ PC,Kuschel,Gaming,9983,442,27
wU7osIl8IDI,palestine - UNESCO : Matthew Lee destroying State Department spokesperson Victoria Nuland,myad09,News & Politics,67394,440,6
f-aHsm0y63k,Aftermath: How Paris Changed the World - the fifth estate,CBC News,News & Politics,130256,437,86
--mWzCM2vKU,Exposed  Blacks in the Talmud,the as gods Movement,Education,63629,428,153
xtThAX6fJ7M,Full Documentary - Comprehensive PizzaGate Investigation,On Point Preparedness,News & Politics,12550,422,13
C5cHJa7MV5Q,BREAKING ALERT: POPE CONFIRMS WORLD WAR 3 IN WAKE OF PARIS ATTACKS,The Next News Network,News & Politics,95583,420,78
SN_prIcQsDQ,Why Communists Should Support Syria,Jason Unruhe,News & Politics,13336,418,85
Rc1EWQ5tgPE,David Seaman Talks About His Journey from HuffPo to PizzaGate,Quite Frankly,News & Politics,7532,417,36
RCs8h49um60,Why Won t People Wake Up?!?!?,Agent S,News & Politics,5964,414,5
Ze5Fg9Nw9YA,911 Passengers Could be Fictitious- Part 1,11September2009,News & Politics,134994,413,154
0VXoFGtRJv8,Big Star Entertainment Awards 2014 | Full HD Show,Hindi One Two Ka Four,Entertainment,77550,410,24
PnqRb2IAuVo,Fmr. Amb. Burns: Donald Trump Is Not Protecting Us From Russian Meddling | Andrea Mitchell | MSNBC,MSNBC,News & Politics,24008,406,29
W5AQnMwoOQM,Angels & Agony - Revelation,SnowWhiteQueen72,Music,59432,405,6
hZK9PTioYXQ,Japan Blues - The Sun Goddess Steps Out In Old Asakusa,Petar Petrovic,People & Blogs,15908,402,5
ng_QpYInI8Q,How to unlock video layer option in kinemaster Free - in Hindi urdu full guide,Hindi Sky,Education,38318,401,101
MOohAIV0b8M,STUNNING! DNA Confirms Fallen Angels Mated With HUMANS!,Lisa Haven,Film & Animation,40143,400,59
PwAq0mOXAKI,Jamie Foxx Makes Floyyd Mayweather Prove He Will KO Connor McGregor,ALL URBAN CENTRAL,Comedy,78840,399,30
QQt6VNNG1pY,Angels on Acid - Misery Loves Company,SynthpopStomp,People & Blogs,36544,395,12
iQ5J7ixI89A,MSM Pushes Hoax That Jewish Actors Staged Charlottesville,The Alex Jones Channel,News & Politics,14760,391,46
v7pr2o9KoE8,Paris Attacks: Bataclan Concert hall,Sky News,News & Politics,528178,387,101
hh0LA8v1JHQ,ANGRIFF AUF DAS SEK - Playmobil Film deutsch - FAMILIE Bergmann 162,KinderSpielzeugTruhe,Entertainment,24654,386,16
N6wz4ze9xDE,THEY LIVE SHAPESHIFTING WE SLEEP!,marinodelfino,Entertainment,47077,384,76
PE56dcgGVMs,AUSCHWITZ GAS CHAMBER MYTH [english subtitles],Timothy Smith,People & Blogs,22597,383,106
LicCcXWpt1w,Explaining what SPACE is rationally: Tesla denied Relativity & nonsense about SPACE,Theoria Apophasis,Education,9698,377,25
YLSAoaScafk,REALIST NEWS - How About them Cryptos? MAN Everything is Up Up Up!,jsnip4,Education,11586,372,66
ZOOHk12UUo0,Daniele Ganser über das Weltbild der NATO-Staaten und wir sind nicht einfach die Guten! Mai 2016,uncutnews.ch,News & Politics,17242,364,7
oA13akwRFBc,Fourth-generation warfare and the end of the Westphalian Order-William S. Lind,Gaelic Neoreactionary,News & Politics,11796,358,10
NfHPeeI_Iv4,Dynasty: The Truth Behind the Rumors,ForeverCarrington,Entertainment,118796,357,12
iuQUMgUAFJU,Swedish Journalist Exposes Awakening To Crisis In Sweden,OpenMind,News & Politics,14020,354,6
nKd4bqAuT8Q,Kenneka Jenkins Update : Sister gets answers from Chicago Police Department!,JackieTea & Tarot,People & Blogs,63037,354,27
14eUQ5e5sHQ,Stefan Molyneux Diversity & Tolerance Is Anti White Male Hatred & Racism,The Great Work,Education,15618,353,18
JMwnXJdW6Lk,Bilderberg WHISTLE Blower TELLS NWO from 1992 PLANS a MUST WATCH,E S i Earth Space Investigations,Travel & Events,22571,352,6
AikIALXwSmI,Where was Cheney on 9/11?,corbettreport,News & Politics,44957,350,19
W6GDwYADRCU,Alien Vampires- She Owns The Nite (Lilith),kery103,People & Blogs,40907,350,7
Qdhk2qXSduk,VAST - Lost,dragans82,Music,40809,347,6
Ig54-RqBnp4,MATT DRUDGE SPEAKS,Jack J,News & Politics,21598,345,7
iPXUPFYCRRE,2PAC - What If he Was....?© (CHAPTER 22),2pacHoax Revealed,News & Politics,24147,344,200
Bi-Bg03cZ94,Anderson Cooper Responds To Kathy Griffin s Donald Trump Photo,Wochit Entertainment,Entertainment,131019,342,104
mAccLLUNq2s,Controlled Demolition vs Collapse by Structural Failure,Emmanuel TV,Film & Animation,75921,342,30
HBkS65luvA8,Shameless Bid to Sneak Hillary into the White House: Now judge ALLOWS Wisconsin Recount.,MLordandGod,People & Blogs,21740,336,21
-Nj5u1pEmvc,Characters and Voice Actors - Justice League Unlimited,GenerationWest,Entertainment,52690,335,13
g5f0CFLR8Rk,ACTORS EXPOSED in Ferguson crisis - WTH!?!!,Lashid4u,People & Blogs,48984,331,40
TGHebC_kdmM,Shillue: Liberals prove Tim Allen s point on Hollywood,Fox News,News & Politics,12752,331,26
OQXQsAmfYQw,McAuliffe Ethics Come Into Question During Charlottesville Fallout,One America News Network,News & Politics,4850,328,7
9njjydXTWCI,The BEST of the WORST of David Eason (Husband of Jenelle Evans) - Part 2 - NEW,Carmen Miranda,Entertainment,50312,326,29
ZYWYh0chd0U,James Joyce s Love Letters with Dave Foley,Funny Or Die,Comedy,23526,325,12
etObSvihwy4,Is Mormonism More Masonic than Christian? Look at all their Symbols.,Dave Bartosiewicz,People & Blogs,19496,324,49
MohzJksauzU,Paris shooting victims rushed to hosiptial,RT,News & Politics,303365,320,126
NobfMSwXm60,Does Chelsea Clinton Sound Like a Billy Goat,Cdogger,People & Blogs,55274,318,6
DsRztyo9Ybo,Alex Jones über die Eliten der Pädophilen der NWO deutsch,Kinderschänder regieren uns,Nonprofits & Activism,32463,317,18
efNXdFQIDUY,Funny Vines: Gun Dance,Vine Hargreaves,Entertainment,69370,307,25
DBlxr3LrBk0,High Probability Of An Event In August While Congress Is On Vacation - Episode 432,X22Report,People & Blogs,27757,306,14
c1DvEVbiWgE,Top Flite Empire TFE - WAVE feat King Los (Prod by Dem Jointz) King Tef x Hypnautic,Top Flite Empire,Music,12752,305,3
qotasbwPWgI,EXPOSED! Katy Perry 2015 Grammy Performance  Dracula-like,Thecontroversy7,News & Politics,44335,304,110
FEr2VMGtWjg,Lowkey interviews friend Cristos who survived Grenfell Fire,MalContents,News & Politics,24075,302,11
ymbKmW8lRqE,Explosion at Brussels Central Station was a foiled  terrorist attack  - Belgian federal prosecutor,RT,News & Politics,25571,298,43
GRfw-opq0Ug,ZX-10R - S1000RR (x2) x GSX-R1000 - All against all on top speed,RodrigoToretto,Autos & Vehicles,91911,295,22
LsaKrCw02h8,From Victim to Survivor: The Dark World of MKULTRA  An Interview with Elisa E.,West of The Rockies,People & Blogs,28388,294,16
nH4OlCYWOHU,Politics in the Age of Casino Capitalism,Moyers & Company,People & Blogs,22333,294,9
EkXJ6pl_g48,Cosey Fanni Tutti - The British Masters Season 3 - Chapter 5,Noisey,Music,19653,292,15
hsXG-TyqrFI,Lion whisperer at work in South Africa,AnimalPets,Pets & Animals,223378,290,5
fNo3s6drHjo,President Trump speaks at National Prayer Breakfast,CNN,News & Politics,36799,289,362
hqYTPSfwgfY,Taylor Swift Attends Best Friend’s Wedding-Gets Booed by Fans-Hilarious!!!,pocketsofthefuture,Howto & Style,5065,287,11
Aw5aZw1_FF4,Michael Bolton -  When A Man Loves A Woman (2017 Version)  (Official Audio),Frontiers Music srl,Music,28152,287,17
oaZ8Iu8YSBo,Die Medien bereiten einen Anschlag vor - Kein Fake - NLP  Suggestion  Konditionierung (Info),Der Punkt,People & Blogs,35275,286,123
0NoyxRGQQwo,Totalitarian Martial Industrial One Hour Mix,D S Y O T /// EDGY MEMES AND EXPERIMENTAL MUSIC,Music,12510,281,2
YPEiaffhhEQ,The Planet X Hoax Is An Attack On The Divine Feminine & The Merkaba,Bro. Sanchez TV,Education,14800,279,44
Ic2UbgX8Oaw,Eye in the Sky  a thriller that focuses on drone warfare,CTV News,Howto & Style,92565,277,17
RB2DSkQ471c,A tour of the CBS Broadcast Center,CBS Sunday Morning,News & Politics,31690,275,17
LlAG2HvYUB0,New World Order NWO Explanation How we got to United Nations 2030 Globalization New World Order,u2bheavenbound,News & Politics,25588,273,15
-N6SkpcI32c,10 Most Disturbing Creepypastas Ever,Countdown Central,Education,33229,270,14
xkQvKmlmLmg,Zen Meditation and the Art of Escalation - James Marshall interviewing Travelbum,The Natural Lifestyles,Education,12266,261,14
r53eTU4QWgk,NPHC Sorority Interest and Recommendation Letters,Melanated KisseZ,People & Blogs,8180,255,3
cKRzM4WHOXE,Pentagon Admits the US Empire is Failing,Jason Unruhe,News & Politics,3058,254,13
y03Sc0H3n8s,Hillary Clinton s full Anderson Cooper phone interview,CNN,News & Politics,120656,254,1562
-BIykWecg2M,Alberta EinSTEIN - Theory of TRANNYTIVITY.,Jon Humanity,People & Blogs,6405,247,17
-M6cqNuFYzQ,6-8-2017 COMEY MARINE CORPS BLACKMAIL  MARRIOTT DEMON BRIDGE  SERCO 7/7 ZULU DEATH POOL,Abel Danger,News & Politics,6569,247,6
F2WN4iZlpfw,"#FlintWaterCrisis || STEVE HARVEY",Steve TV Show,Entertainment,19009,245,8
XDbR_8K3J70,Counting Crows - Angels of the Silences,DINOSAURzNOMBUNNI3Z,Music,89235,243,10
Ih_R6mqDFbs,5/15/2017 - New Dark Electro  Industrial  EBM  Synthpop - Communion After Dark,Communion After Dark,Music,15726,242,9
Rl_xAJWU0G4,False Flag Chemical Attack in Syria Leaves 1 300 Dead! Illuminated Ticket for War!,DAHBOO777,News & Politics,5664,242,9
UuDhXkNZzfc,Artificial Imagination & Its Demonic Faces w/Anthony Patch,The Kev Baker Show,News & Politics,13533,240,37
x5hpa2t-RZ8,Super Bowl Welcomes Prince of Darkness! The Father of Lies Has Set Up his Tabernacle!,Many Fish,People & Blogs,4238,237,9
i_VhHUq-VO8,Cops hunt for man who may have broadcast murder on Facebook,Fox News,News & Politics,31429,236,32
U7qjIPNFWmk,Elon Musk’s SpaceX launches Secret ZUMA Satellite 1/7/2018,iGadgetPro,Science & Technology,29412,235,25
DJyg1L08_N8,John Foxx And The Maths - Evergreen,John Foxx,Music,26818,235,2
K_5i_DpusAc,Germanwings-Crash 2015 in neuem Licht | 24.10.2017 | www.kla.tv/11336,klagemauerTV,News & Politics,7480,234,8
l-m3XHUSN08,Marches by Sousa - American Marches,oldstuff4all,Music,45629,228,19
VYncdxKzuEA,The National for October 18th: Gord Downie dies  ammonia leak  UK threats,The National,News & Politics,38903,227,38
OFAWoRkOUhw,The REAL Story of Sleeping Beauty,SevenFuntasticGirls,Entertainment,30527,227,110
yNFdYIYyt-U,The Gravity Lie Continues! (Gravitational Wave Hoax),DroidFuel,Education,12045,224,203
7OXvkpmiJBI,six million dollar man clip 2,Brian Gibbs,Entertainment,144145,220,23
n8GUk6xWMPs,SECRECY & MYSTERIES Challenge the Official History of ANTARCTICA  Partial Disclosure Imminent.,MLordandGod,People & Blogs,4698,218,3
ts5E7KK_Zko,Why I Think Philando Castille shooting is a fake,Supasly75,Entertainment,10002,212,68
dfh2QjzO1es,** Charles Veitch ** Introducing the REAL... [The Original] (Re: Ian Tomlinson),Daemonlinks,Nonprofits & Activism,31213,212,44
mWhaBgOPEIM,Walsh - Harley Guy - Pugh - Who s Who?,Conspiracy Theorista,News & Politics,8905,210,24
6Yg9OzTOmdM,Wahrheit? Egal! Fake News-Anleitung für Mainstreammedien,RT Deutsch,News & Politics,6352,210,22
34Zycutr9zE,2nd Worst Massacre in US history: Dozens killed  most victims aged 5-10,RT,News & Politics,79011,208,259
A0Rgu0kD6PY,The Eulogy Project | Ali Hillman & Ellie Hogg | TEDxEHC,TEDx Talks,Nonprofits & Activism,13261,208,77
DjbOZRMIgz0,Elite Gender Inversion: The Documentary,DividingAsunder Shamayam,Education,12538,207,17
4-3FQtZnk2A,Robert McCoy - High-rise Architect - 9/11: EXPLOSIVE TESTIMONY - AE911Truth.org,AE911Truth,Science & Technology,14328,207,7
Hp7U9wuMEx8,Hoffman s habit of  creating a crisis,60 Minutes,News & Politics,32651,207,1
Nzyb1atdQXk,911 fires were too intense! Mind control at its finest hour! Harley Shirt Guy.,DITRH,Film & Animation,1671,203,2
2x1V3ksGX-I,Andreas von Bülow: Die kriminellen Machenschaften der CIA,Quer-denken.tv,News & Politics,18703,203,3
XRWVNbtQVq8,Hollywood Vampire Johnny Depp  Rocks Out,pocketsofthefuture,Howto & Style,16618,202,29
D6Dy95Zfd98,Why Cant We Tell the Truth- Ronnie McMullen,The Common Sense Show,Education,5979,201,6
rVcYRqpE3lY,Truth of Jim Carrey  Microchipped Swedes & North Korea s Real Master,Stewart Swerdlow,News & Politics,12556,199,23
p1cWgyzfhh4,The Truman Show Deleted Scene show Cri$i$ Actors 101!,pocketsofthefuture,Howto & Style,10670,197,29
8HvXnVqIZIo,REPTILIAN ACTORS DECEIVING US !!! WAKE UP HUMANS !!!,Robert Andarson,People & Blogs,51987,196,142
2ybH3mc6jOY,Alex Jones PewDiePie Animated Psychedelic Darkwave,Larz Kaos,News & Politics,4145,196,3
n9WNmFdpyJY,Bock Saga - erster Teil der finnischen Familiengeschichte von Ior Bock,chiron.tv,Education,16169,196,13
zzuALy_p_K0,Bursting Bubbles of Government Deception!,Scottish Independence,Nonprofits & Activism,18222,194,5
3A0VSz0msjE,Gangs target Asian immigrants in France | Focus on Europe,DW English,News & Politics,15864,194,8
-Q2gHDQc0Wk,Anthony Peake - The Labyrinth of Time,LegaliseFreedom1,Nonprofits & Activism,23356,194,3
WA32LoUDUH8,Freemason Interview,Tracy Stambaugh,Autos & Vehicles,27196,193,34
MxpNunbF46s,METALLSPÜRHUNDE - Let s Make The World Fun Again (Official Video),darkTunes Music Group,Music,6967,193,6
Bz758OptwTs,US President s & Congress s Treason EXPOSED by Retired US Army Ranger Command Sgt Major Dan Page,Sheridan Lowrey,News & Politics,13487,191,17
2vQplR37mVA,Mandected - The Statue of Liberty,scarabperformance,Education,8025,191,29
uAL5v6k4K1g,PHYSICIST REPORT 134: PLANET X CREATES A GASH IN THE SUN,PLANET X PHYSICIST,Entertainment,3698,189,10
6vkheAqj_CQ,Patriots Day Boston Marathon bombing Hoax,Max Malone,Education,3839,189,3
dWkttt9FsWQ,Grenfell Tower Sacrifice: BBC To play the King predictive programming damage control?,The Conscientious Objector,Comedy,17746,188,24
EHaNLSDGoWY,Las Vegas Shooting Victim Won’t Lay Down  Rises to Meet President Donald Trump,Breitbart News,News & Politics,1928,185,5
bHE031dBKTQ,General of all American Intelligence: 911 was a FRAUD!,ARSONomics,News & Politics,17928,179,1
0faesFvCr9I,Neil Sanders on Musicians  Mobsters and Spooks,thkelly67,News & Politics,17374,179,9
DXNDwy0VSfg,CNN Outraged Over Armed Waitresses At  Shooters Grill  Restaurant,selfownership1,People & Blogs,41681,178,43
J3SF89A8QaU,BREAKING: 50 Dallas Police Officers Resigned In June Prior To Dallas Attack - Why The Mass Exodus?,Victurus Libertas VL,People & Blogs,21144,176,33
5w0dFI4B_18,Manchester terror attack: Terrifying amateur video captures moment of blast,ODN,News & Politics,54858,176,15
w5C1RmiEb48,Adam Carolla talks victim mentality  fixing America and Black Lives Matter,JPCantDance,Comedy,18161,173,9
yWeaYAFG3jI,08./20 Wie schütze ich mich vor magischen Angriffen?,Lumira Ra,Education,23365,173,8
B6KihzjCq2Y,Culture of Fake Terror Creations? Woolwich Londen False Flag? Government Payed Crisis Actors?,EX0MATRlXTV,Nonprofits & Activism,19692,172,72
hYEUII13AWc,Love and Hip Hop s Cardi B is MAD at VH1! 😈👊 Tired of Fake Scripting and Making Her look Bad!,In Da News TV,Music,18683,172,3
xiro0WiJEQY,Pat the Bunny - Cocoon Music - full EP (2015),PB Chanel 1,Music,16888,171,4
O2jrElVJWvY,Man of Steel (2013) Extended 13-Minute Featurette,movieweb,Film & Animation,49124,171,6
WX4Gg1YJWU8,IL SIMBOLISMO DEGLI ILLUMINATI /MASSONERIA/NWO NELLA SOCIETà PARTE 1_3,La Verità ci Rende Liberi,People & Blogs,24782,169,10
4YwnCJiIq88,HUGE: What is Ancient Hebrew Writing Doing in new Mexico? Dated 3 000 Years Old? Los Lunas Stone.,MLordandGod,People & Blogs,3701,167,3
sBaOg7Eu-S0,Egypt Exposed True Origins of Civilization By Robert Bauval  Secrets of Egypt Revealed FREE MOVIE,Reality Entertainment.,Entertainment,24226,167,12
G4WuyRhmJxs,PURETAS Y VIDEOCONSOLAS ......carajoduroporlamañana,Karlos del Puesto R.E.M.L,Science & Technology,3089,167,7
EaWgzkxgjA4,FAKE YEEZYS IN TURKEY... | SeenEnis,SeenEnis,People & Blogs,15200,165,27
jL48OMfdlU0,My Shapeshifter Experience,OpenSourceOccultTV,Entertainment,4002,165,4
mGv3HEH--_c,The View February 17  2017 - Trevor Noah ( The Daily Show    Afraid of the Dark ),BAPfled26,People & Blogs,52206,163,19
_503zHvXlfs,LAX Shooting: TSA Agent Dead  Gunman In Custody,Lrjtv,News & Politics,16612,163,40
CBlKgmqNZDU,Segunda República | 02-Julio-2014 | INTERNACIONAL | ATAQUES DE  BANDERA FALSA,CanalTLV1,Nonprofits & Activism,14405,163,4
k96hWp0-DXM,"The Drug War s Not In Kansas Anymore - #GoodNewsNextWeek",Media Monarchy,News & Politics,2237,162,2
t_dAC2wNmeY,Mr. Robot 2x03 Promo  eps2.1k3rnel-pan1c.ksd  (HD),TV Promos,Entertainment,29587,161,7
-GrYLvbvNxE,Financially Stupid People Are Everywhere w/ Author Jason Kelly,TYT Interviews,News & Politics,14366,161,11
2Lb5hCqGSN4,Massive Unknown Energy Hits Earth Featuring Mike Decker (Interview),THAT IS IMPOSSIBLE,Entertainment,8056,160,22
juJ2-f9T_lI,Flat Earth: Stars are NOT suns - Exotic Luminous Stars - Tokyo  JAPAN,Flat Earth  Banjo  USA  Japan and Brazil,People & Blogs,2538,160,14
KU4DJ454ySI,RUDE 66 - Overkill hq,marek strzemkowski,Music,16268,160,2
2vPaokYyh0Q,ISIS executes American journalist James Foley,CNN,News & Politics,314332,157,165
MT5sxo-FgZw,No Racist/Reactionary White Working Class?,Jason Unruhe,News & Politics,3550,156,81
SzqSKK18A2U,TRUMP YOUR PEOPLE IS IN DEEP $HIT IS THIS   FAKE NEWS,The True Royal Family,Education,1565,155,4
Km35rFKOrp0,Jason Verbelli Global BEM 2016 - Magnetic Field of Dreams,TheRealVerbz2,Science & Technology,9149,155,5
KZKecO2JvMo,HEIRATEN IN LAS VEGAS 👰 Braut in Vegas 👰 Hochzeit ohne Familie Ehe Vlog auf Deutsch,meineversion,Entertainment,6258,154,13
wTvbK10ABPI,Bruno Latour | On Not Joining the Dots || Radcliffe Institute,Harvard University,Education,13028,154,6
8EZkW1vZD2U,Crazy Conspiracy Theories & What Even Is The Illuminati?! | After The Show,BigBoyTV,Entertainment,10084,151,34
_sO8lSiPj48,Electronic Music Pioneer Morton Subotnick - Dubspot  Wireless  Interview! Talks Music Technology,Dubspot,Music,9324,150,1
v76KkdQOQj0,DALLAS WAS A HOAX  OR A FLASE FLAG. IT DOSENT MATTER,RichieFromBoston,News & Politics,2869,149,8
lpbZ461231E,CA FIRES: COMMENTS  PICTURES  VIDEOS - EVIL - INCOMPREHENSIBLE  BUT REAL,neverlosetruth,News & Politics,3314,147,6
-s0GrWjwFs8,NWO Disinfo agents  Government Shills & Provocateurs - Was Alex Jones exposed by Bill Cooper?,ModernDayBabylon,News & Politics,12288,147,21
wNeNpfaPAOs,Big PsyOp. CIA planting QAnon stories online to help the establishment and left,THE TRUTH SYNDICATE,People & Blogs,2662,146,12
tCd4spKApVo,Illuminati TV Show Shark Tank Selling Satanic Christmas Sweaters,ExplorerOne,Education,11512,145,51
YznBUWXUl3k,2007 Oscar Roundtable: Getting Into Character,Newsweek,Film & Animation,44577,145,3
Gitdyv48QDs,WAR ROOM (1st HOUR) Fri - 2/16/18 • Trump Russia News  Jalen Martin • Alex Jones Infowars,Ron Gibson,News & Politics,6962,144,6
x9BuBiS5Jqo,The NBA Wants To Make HUGE Rule Changes,TYT Sports,Sports,6692,144,8
isA8SuJX3do,Mandela Effect: Mandela Death: Billy Graham: Dead @ 99: RIP...Again.,Lone Eagle,People & Blogs,3405,143,4
hTOCMAFeKqo,Eagles of Death Metal return to Bataclan after Paris attacks,AFP news agency,News & Politics,32590,142,7
PBQJydEF9Rc,More torture claims against Egyptian police - 10 Aug 07,Al Jazeera English,News & Politics,393303,141,19
uOWYPmLLW48,The O J Simpson Murder Trial Hoax The Racial Psyop Exposed,Fakeologist,Nonprofits & Activism,10620,140,14
JRWHT6MYXPA,London Riots (BBC Interview gone wrong!) - Shocking!,WankMyRod,News & Politics,56698,139,31
_5s5UFRJ_a0,BRAND NEW Jade Helm 15 Alternative Theory! REAL DEAL!,The Veracity Sector,News & Politics,23240,138,21
J5WXRNvZE1g,Distel - hxxx (official),Marcus Moonen,Music,32223,136,4
cBChHX8ndls,BREAKING! FBI KNEW FLORIDA SHOOTER WAS GOING TO ATTACK INTENTIONALLY DIDN T STOP HIM BECAUSE OF TRUM,Gotcha News Network,News & Politics,2953,133,3
qhsZwsOIcKU,MANHATTAN NYC NEWS REPORTER ADMITS ACTORS INVOLVED,CULLEN MAC,People & Blogs,2338,132,6
KPH3Cx5t_u0,Producers of Route 91 Harvest Festival speak out about mass shooting,ABC News,News & Politics,13764,131,16
v2k9HVw3J2I,Muslim leaders: No funerals for London killers,CBC News,News & Politics,5182,131,81
JfRPrq-ybbw,Paid Irma Crisis  ACTORS  Proof People Died. We have to believe them  right? Because they said so!!!,Robin s Hood DCPSHNbyDZYN,People & Blogs,5870,131,16
3OvVuj4WJfY,Uphold - The TenX Killer and Crypto Credit Card to Watch in 2018?,Decentralized TV,News & Politics,3148,131,5
LWBci0OoqfA,Solitary Experiments - A Rush of Ecstasy,Bongtasia,Music,26179,131,4
mnawmqPLtWU,El camaleón común -Chamaeleo chamaeleon- El mago del camuflaje,ALMEDIAM T.V.,People & Blogs,96057,127,17
uQazugA5akc,Ukraine: Swoboda Partei regiert mit der Faust das Parlament,Don R. Wetter,News & Politics,22282,127,9
hFxOBbhkEkI,Illuminati Handshake Queen Tony Blair Pope Exposed,SaladinWarKurde,Entertainment,137014,126,68
mS6yQOJbLOs,PULSE ORLANDO VICTIM$ BURIED! HOXERS AND CRISIS ACTORS EXPOSED!,Truthneversleeps,Entertainment,4514,126,44
0jAunG1TpeA,Ep. 546 FADE to BLACK Jimmy Church w/ Jason Quitt : Time Traveler : LIVE,FADE TO BLACK Radio,Entertainment,13029,126,21
nH2UUePGIbw,Malcolm Gladwell on revisiting history  religion  and Trump,Larry King,Entertainment,16454,126,7
H9M_sdoMS8w,Dallas Shooting - Fox airs cop getting killed.,Margin Walker,News & Politics,43825,125,27
6nL8ios5S6c,Urgent: How agents of satan are working in the Church! part 1,prince josue,People & Blogs,25938,125,10
i2pUdkMuJfY,Reporterglück oder inszenierte Anschläge? | 09.08.2016 | www.kla.tv/8801,klagemauerTV,News & Politics,3065,124,2
sxDmT-TUWSQ,Ammon Bundy Arrested  One person killed in Oregon Standoff,Tim Pool,News & Politics,6243,123,9
L2CQWppfcxI,HP42 and Steve from Boston at Ibanez (NAMM 2018),EytschPi42,Music,2350,123,0
oyDGRgaNAZU,Demi Lovato - Heart Attack - Paris 2017,manon vaiz,Music,4342,122,0
nEOhY78-Sb0,World Over - 2018-02-08 - Chilean Abuse Crisis & the Pope s Response  Liz Yore with Raymond Arroyo,EWTN,Education,10722,119,5
KzZgF3N35Pw,DP/30: Midnight in Paris  actor Corey Stoll,DP/30: The Oral History Of Hollywood,Film & Animation,30714,119,5
0PEuwObjEOs,San Bernardino HOAX BUSTED! Landlord  It s Not Real !!!!,Silver Sliver,People & Blogs,31490,118,18
-CqvyAp6Sh8,Major Changes Soon,jkbugout,Film & Animation,3241,118,5
eUTqZT_yKus,Big kickstart in Riga  Latvia :),The Last Reformation,People & Blogs,3851,118,1
GT8XsRulXcc,The Case of the White Kitten / Portrait of London / Star Boy,Remember This,Entertainment,141195,116,72
Po_k21DBuWg,Actress on  White Collar   Jeffrey Dean Morgan,Associated Press,Entertainment,54214,114,11
urc1fb0e_s4,Body Language: Detecting deception and the art of liespotting,Gray Man Concepts,Entertainment,8893,113,11
qm_X29wnTbI,Actor Antonio Sabato Jr. on Trump s immigration policy,PBS NewsHour,News & Politics,16930,113,59
_jRp92Y-WUo,Aurora shooting witness: Killer was stoic,CNN,Shows,77955,112,361
h6SlsU6Ho14,REPTILIAN ALIEN Captured on CCTV shapeshifting to our Dimension THE BEST CATCH EVER,pete3204,Science & Technology,20863,112,33
4gjp-FH6y9s,Proof That Everyone In Hollywood Is On Steroids  Testosterone  Anabolics  The Gear  The Gas Pt2,Victor Fox,People & Blogs,37506,112,111
u63h4c22HUg,Global Debt is not Owned by Humans   Claims Wall Steet Banker,nemesis maturity,Science & Technology,3331,112,9
-DDrLhWnexE,Larry Elder Quotes Obama on Fatherless Homes,Papa Giorgio,Nonprofits & Activism,2518,112,1
gsFwYcwccBo,ANTIVOTE - Dark times ( Promo teaser ),ANTIVOTE666,Music,4475,111,0
R9_wTLBZqO4,Why we can t let Pizzagate die without an investigation.,morningmayan,Education,1267,110,67
Hf5sWIzS9uU,Gen. Mark Milley : We will KILL ETs,HOAX ALIEN ATTACK COMING!,People & Blogs,5690,110,10
UxRaD-8AHwg,Clock Opera | In Memory,Clock Opera,Entertainment,9270,110,3
RRvWcFhrsTw,Are we close to the end?,SriLankerC,Education,1738,109,5
-WlXaBqtRLI,Who Owns America.. Watch vid for name.. (Part 1),Solace The Wise Servant,People & Blogs,2538,109,5
59jlBWcr1_8,Nirvana - Serve the Servants (Official Video Lyrics),Andi Buck,Music,12309,109,1
NDttmRsOXlE,Four Israeli Suspects in World Trade Center Before 9/11 Doing Construction (Photo Evidence),Silent Alchemy,News & Politics,14895,108,10
0MgYRX5Nnh8,Unsealed Alien Files S1E5 Aliens On the Moon FullHD,Anos Podu,Film & Animation,24960,107,29
ymgN1XTrImk,Lolita Express Involving BOTH Clinton And Trump! Will Obama Get His 3rd Term?,Agent S,News & Politics,5123,106,15
P51cvTMEUt0,Area 51: The Government Conspiracy Truth,RYOT,Entertainment,20099,106,18
5WS-vPcUfGM,PARIS FALSE FLAG? Could The Paris Situation Be Just The Beginning?,Elite NWO Agenda,Entertainment,5016,106,7
9_2NsHeLDIE,Cuban Missile Crisis,Misssilee,Education,43884,106,22
Wcf6q84QAwo,crazy reptilian dancing!!,hashtag.wakeup,People & Blogs,15336,105,32
nvoHzxdUK4A,Famous Indian TV Actors Who Became Reel to Real Life Couples,Source Media,Entertainment,88947,105,17
LOZvsrXCNmc,Survivor 2018 | ΕΠΕΙΣΟΔΙΟ 18 ΟΛΟΚΛΗΡΟ FULL HD 1080p (19/2/2018) | Survivor 2 Greece,Survivor Επεισόδια Ταινίες&Σειρές Full,Film & Animation,16479,105,5
VC-3wniogKw,US military cracking down on hooligans for hire in US - Benjamin Fulford August 21st 2017,Secret Wars,News & Politics,4206,104,3
ipJdT4PGQzw,GUN IMPRESSIONS 1 | Damien Slash,Damien Slash,Comedy,7135,104,7
wRlP_4oME4U,Terkuak! 5 Robot TEMPUR TERKUAT Yang Dimiliki Negara - Negara KAYA,EpicVice,Autos & Vehicles,4555,103,10
Wj3CBwW63Z0,BRUSSELS ATTACK- SEBASTIEN BELLIN & MUTOMBO BUSTED! SLAM DUNK!!!,Annie Logical,People & Blogs,2029,102,2
7JE0EYL6n80,Antje Traue talks  Man of Steel  success  playing Faora,HitFix,Entertainment,13050,101,0
aBS9eZ5q0l4,Some of the most Iconic & Powerful Photographs ever Captured (Second Installment),MokurenAwakened,Music,26674,101,11
cl39XvXC6u8,Sexa - Tu je Moj Dom (Yugoslav Experimental / Noise Rock / Post Industrial 1980 s ),Dronemf S.,Music,6161,101,1
ZlVWtkkEK8A,Ariana Grande Headlining Benefit Concert For Charlottesville Victims -JS,Hollyscoop,Entertainment,3297,101,8
iJpcQ5Tu0vg,iVardensphere - Bonedance (Katastroslavia Remix),necropolisdj,Music,9731,101,2
HkrfU6MHQ8U,faUSt – Lights Flickr (official),bureaub,Music,8144,101,1
szCmj2eDZkg,Twelve Bermuda Triangles Encase the Earth  creating a Reptilian Time-Travel machine,The Positive Side of 2012,News & Politics,3798,99,6
z7r1zxQ_Hpo,Dangerous Neighborhoods in Cleveland,News 5 Cleveland,News & Politics,46227,98,12
nk6WJeY9Si0,SHOOTING GUNS IN ORLANDO,Shaun,Travel & Events,2855,98,12
0kmUS--QCYY,Zbigniew Brzezinski : The Ruling Elites Remain Deeply Concerned about the Global Political Awakening,Mars Daniels,News & Politics,13403,97,7
_OSWbwKqwgI,Burns Oregon--Agenda 21 Commiefornia,shuff1111,Entertainment,2605,97,0
7NGF8ihWa9Y,Alien Deception and the Rapture,andrewferrier,Education,27983,97,35
F8LgNKjJHCY,Beyond the propaganda | Scott Taylor | TEDxHECMontreal,TEDx Talks,Nonprofits & Activism,7581,96,3
-SRCY8FqoyQ,Award winning teacher Kerstin Westcott s resignation speech in Green Bay School,Christian R,People & Blogs,3434,94,2
MqVxz-0ktZU,UFO Sightings 80 Year Old Man Attacked by Reptilian shapeshifter or Alien Philippines July 13 2012,UNSOLVED MYSTERIES,Nonprofits & Activism,44026,93,68
uM20dEc_Y_Y,Foxnews Busted... Again  Fake Reports of Violence at Wisconsin Protests,Federaljacktube4,News & Politics,4693,89,7
v8cMYzarhLs,Why People Hate Donald Trump. Explained!,Repeal Politics,People & Blogs,6995,89,27
8X3KjQN8zbk,Bataclan Hoax Fully Exposed Part.1,Phony Fake Show,Education,3082,88,8
z8SHI2LWIts,KENNEKA JENKINS CONSPIRACY WILL SOON BE REVEALED VIA SOCIAL MEDIA!,TEAM BARS RADIO,Film & Animation,24439,87,14
-8OOPebu6T0,Shamans  Demons & Hollywood - Jay Dyer on Legalize Freedom,Jay Dyer,News & Politics,6274,86,6
8nvkboBeXjU,£12.4 BILLION wasted while people starve and get thrown on the streets,SriLankerC,Education,1548,85,0
-WaBrJVE-BM,Responding to  accelerationism and maoist third worldism,Jason Unruhe,News & Politics,2143,84,7
-a0lznqJLn8,Pt 2 - Asked to speak  then charged w/contempt for my response.,Freedom from Government,People & Blogs,7847,84,25
aRJwJiEEAM4,Pokemon GO EXPOSED! NSA Spying Program,Break Free T.V. ™,People & Blogs,11497,84,24
bn3ViA9_Cg8,12 Hour SPIRITUAL CLEANSING PRAYER FOR YOUR CITY  STATE & NATION  by Brother Carlos,YHWH is Salvation,People & Blogs,8846,84,6
RS7YGyYthi8,: : m² [ Squaremeter ] : : The Scourges of Fire,Umberto Santos,Music,5937,84,1
-lVRZMKlvkU,US gun control sit-in  publicity stunt  Republican Congresswoman Marsha Blackburn - BBC News,BBC News,News & Politics,10926,83,96
1OZQDvu6uck,Adam Kadmon  la Massoneria ha creato il mondo moderno,Misterotv,Education,9710,83,6
k5pOEpCCK2o,James Corbett: Veganism,AMP3083,Education,4165,82,48
RmgwdqS9wnk,Anschlag in Venezuela? Explosion verletzt sieben Mitglieder der Nationalgarde schwer,RT Deutsch,News & Politics,7833,82,9
pbKr2tYJvis,Police Get Into Shootout with Antifa Protesters at UC Berkeley Milo Yiannopoulos Event 2/1/2017,SUPERNOVA,Music,13856,82,33
wBvtVIP_6_I,He s Acting Weird  You re Confused,DatingLogic,Music,9262,82,0
r_fl8rUsFCE,IBM.TV: Paloma Faith Interview,InspiredByMusicUk,Music,21470,81,8
-ipIEMkd2wg,"JSP: #14 - Mark Sargent Flat Earth Interview  Las Vegas Shooting Hoax & More!",Justin Stellman,Entertainment,3147,79,6
MWBBWHKydD0,ISIS TERRORIST RECRUITING IN HOUSTON TEXAS,citizenwhat,News & Politics,49782,79,25
tKErhCGjSDE,Shi-shi-etko,bravofact,Film & Animation,36227,79,11
G93tYWs8c2E,Max Keiser talks about 911 being an inside job,ThisIsRadioFreedom1,News & Politics,12225,79,4
1-RYLXBmSpw,Manchester Attack: Tribute from Channel 4 continuity (C4 News lead in),TV Newsroom,News & Politics,9323,79,2
9oJaMefVI84,Illuminati influence in the music industry-Part 2,DVM TV,News & Politics,4299,78,1
2crL_1If0i8,shut up and let me go (alex hunter  white collar),seeschanelskies,Entertainment,8036,77,9
MV2OsaWgHTU,"Official Hillary Clinton For President Theme Song 2016-You F&#KING C#NT",Pete s Complaint Department,Autos & Vehicles,3428,77,9
aQcJFH_QKW4,Good Ship Lollipop Means Child Abusing Shirley Temple,Apostle Laura Lee - Church of Philadelphia,Education,10686,76,47
Zpkg0cksRNM,Who is Reality Leigh Winner?,Martin Brodel,News & Politics,1053,76,3
0CLvwBhti6o,LAS VEGAS SHOOTING FALSE FLAG OR HOAX? YOU DECIDE!,DOY,Education,9761,75,33
Onedn3bGBWo,Zionist False Flags in France? Terrorist in Selfie with Mayor,Verdant Servant,News & Politics,1795,75,6
OkTKOVaUj_k,BLACK LINE - Sedition,Steve Arra,People & Blogs,7542,75,2
04YSGIq0B_Q,How an ALIEN MURDERED JFK an put an ANDROID in as PRESIDENT,David Vose,News & Politics,5966,75,32
J88ThlJStfs,Electronic cigarette smoke could damage your DNA,CBS News,News & Politics,2952,74,14
R4a_jAgNuEk,"“The #1 Thing You Need In Order To Be An Actor” - New York/Los Angeles/Sydney -- Anthony Meindl",Anthony Meindl,Entertainment,3247,74,1
yDhHqSMWURY,Nach Amoklauf in Florida: Trump will Lehrer in Schulen bewaffnen,BILD,News & Politics,3515,73,27
b_IqYGx---A,TOWER BLOCK FIRE!! LIVE IN KENSINGTON LONDON!!,Memo,Comedy,5345,72,33
ShUBdoE2ib0,John Philip Sousa s Stars and Stripes Forever - The United States Army Band  Pershing s Own,The United States Army Band  Pershing s Own,Music,5626,72,2
uP7SVnACnFc,CRIMES SPECIAL: COMPLOTS DE FAMILLE,alex zizou,Music,37686,72,39
-FAEfLkbDPI,Philando Castile Dashcam Response,Sara Howe,Howto & Style,1975,72,8
r3mk54xsLkY,Atentado Falsa bandera Orlando Florida en una Discoteca,Lucas Assi Paz Mundial,Nonprofits & Activism,6118,71,22
xCt2zOCUBcM,EISENWUT - Eisenwut (Official Teaser),darkTunes Music Group,Music,3521,71,9
Hl9jgU6cWIg,New Year s Eve Migrant Rape Crisis,Justin Antitheist,People & Blogs,3457,70,1
GUiYLqyvrmo,Husband a Freemason? Something You Want to Know,mfromcanada1,People & Blogs,7633,70,32
vrJcUj6vXIo,CERN Update | The Key To The PIT To Be Open!!!,GLOP GodlovesOurPassion,People & Blogs,6472,69,9
JbHqf0J4_bE,Movies and Mind Control:  American Ultra  w/Andy Colvin,Media Monarchy,News & Politics,2124,68,6
LB5AeV2Iug0,This BerenStain Bears Conspiracy Theory will BLOW YOUR MIND!,Mike Herrera,Entertainment,10899,68,11
Gaa6_vTje8M,Panic Lift - This Poison Remains (official video),Panic Lift,People & Blogs,2671,68,1
2tOSAYG6I1o,David Icke Is Right Reptilian Shapeshifting,David Kuvelas,People & Blogs,4821,67,7
fTpmzcddcz4,Do Democrats want President Trump to fire Mueller?,Fox News,News & Politics,2404,67,15
gFyfFHNG68k,The Reptilian Replication Process as Described by Former “Illumined One”,Lucid Dreamer,Education,4045,65,7
kOcjbOCBtKg,Speed Emperors - New Vibration Beat (1988),TheJesbel,Music,13922,65,1
R4gLxAZS5O4,Gregor Gysi  Daniele Ganser - Deutschland  USA  Israel  Türkei  Saudi Arabien unterstützen ISIS,hugorovs1989,Education,8500,64,8
BsncqUctgms,Sandy Hook part 2 - Info Release -- you decide..,Anna,Education,4772,63,4
WzwmkWrVcY0,Melissa Zimdars: The Truth About Fake News,ChrisMartensondotcom,People & Blogs,6463,63,42
gDkcQxLGNSY,Lady Gaga + Amy Winehouse Face Morph,Morpheus Morph,People & Blogs,9446,63,13
v4O5uYCx82s,Ron Paul on N. Korea False Flag,The Free Thought Project,People & Blogs,7288,62,4
zo0XqvzUA9Q,Twin Cities Red Lake Shooting Coverage 2005,LouTube,News & Politics,18627,62,6
EcyDsE1Vywg,"Tiara & Patience Discuss Orlando Tragedy | True Life #WeAreOrlando | MTV",MTV,Entertainment,5326,62,19
jaCtwvYYY_c,Elliot Rodger Tribute 23.05.2016,Baby Elliot,Entertainment,2347,61,13
NEbov8ncMCM,Mandalay Bay Shooting:Things that DON’T ADD UP **Stephen Paddock**,OPBC Online,Education,2888,60,10
fY7nU3LgYOg,Update on the Judging Controversy from Salt Lake City - 2002 World Figure Skating Championships,3Axel1996,Sports,39179,59,11
GP85pIcBQQ8,Voices From Fairview,MV Advancements Trainer,People & Blogs,8634,59,0
g2AdkNH-kWA,5 Ways To Spot Fake News,Common Sense Media,Entertainment,32371,58,16
eOUN8Ynt6_Y,▶ BUSTED Proof of Crisis Actors in Egypt & Syria WAKE UP,MrJacktemplar,Education,3354,58,8
P-41gICjhmI,GO - MODEL OF THE MONTH - APRIL 2016,Gossip lanka Sinhala news,News & Politics,58562,57,16
HwzQvE990Pk,Alex Jones Says This is Proof of Multiple Shooters in Vegas Attack,iBankCoin.com,News & Politics,15319,56,13
TDHboMmIni4,Ferguson EXPOSED!,kenjams,News & Politics,6011,56,2
grVTlratn1k,MORE TERROR IN LONDON,David Vance,News & Politics,560,56,4
ndxpkPoQUn0,THE BACHELOR: Sean Lowe meets the girls  part 2.,TheBachelorSeanLowe,Entertainment,116834,56,29
w8fb2gBZCAU,THROUGH THE LOOKING GLASS - The Water Door  Mirrors  8 Spoke Gate  9/11 Tesseract Memorial,ThisIs WhatsGoingOn,People & Blogs,2125,55,0
OTwbLGvlHl4,2̵n̵d̵ f̷a̶c̴e̷ - Movement [taken from  Nemesis   out February 17th 2017],DependentMindbase,Entertainment,4837,54,2
IU0sILPhnhw,Can schools prevent mass shootings? Sandy Hook parents train teachers to help at-risk students,PBS NewsHour,News & Politics,2877,53,37
ZNNrow0SZOY,Emotional Katy Perry Surprises an Orlando Survivor,ConstantHumor,Entertainment,3288,53,0
TBCG5AMrKQ0,The Sandkings  ~ The Outer Limits (Full Episode),Smoker s Room,Entertainment,10833,53,2
vwCn8F3j_Ms,Torul — Monday (Maxi Single Trailer),TORUL Videokanal,Entertainment,2672,51,0
oX8J4o7CdIs,Police chief: The shooting was  hardest night of my ...,CNN,News & Politics,29858,50,22
gX8IIngJLqM,Exposed - Putin Goin To Release Satellite Evidence of 911,Kjsni Perkj,People & Blogs,9924,49,7
ACtrJL90pMM,From Baghdad to Basra! /VLOG 3,حيدر يعقوب Haider yaaqub,People & Blogs,1789,49,8
UqicmVSUuoI,Marilyn Monroe Killed Because Of Diary About UFO S,sonofmabarker,News & Politics,6841,48,4
ysM6NZt1MZw,Hillary on Kimmel~ Health Psyops Pickle Jar,rosette delacroix,People & Blogs,1776,48,5
C1y1JCNIHto,Nick Alexander: sister of Paris attack victim speaks,Channel 4 News,News & Politics,6992,47,19
3MG-pkSoknU,Crazy Vegas Story || Craigslist Job.,Karina Rain,People & Blogs,2857,47,6
xuwMtnSRZi8,Survivors of the Colombia plane crash taken to hospital,AFP news agency,News & Politics,29012,47,4
Zvy_f8frQkc,Champion League @ San Siro Milan Derby - 13 April 2005,Gammalot Ltd,Gaming,25961,47,2
eNSKKvbkdR8,Gaza s Green Screen Rockets,WakeUp OrDieTrying,Education,3088,46,6
WHOTPhitStU,Insider -Carol Rosin speaks out about Illuminati future plans in advance  shocking!! NASA exposed,VeilLifter,Entertainment,3704,45,2
nrmuePCBjhk,Mr Robot S01E08 | Elliot Finds His Fathers Photos,Daniel Durão,Gaming,2556,45,0
cV87wsMu-Cc,Egyptian TV hosts told to convince public about Trump s Jerusalem move,TRT World,News & Politics,2117,45,4
9bnLBfNgULs,Crowley  The Wizard of Oz and JFK 77,hoax buster,People & Blogs,1381,45,5
VsXszJtYPCE,Typical Liberal - NBC  Gun Expert  Doesn t Know How Semi Auto Rifles Work,The Common Sense Conservative,News & Politics,1308,44,3
Po-7zWWlHWY,NY Subway BOMBER - No Arrest  Jail  or Current US Address - REAL Location Found?,NowTheTruthTV-19,People & Blogs,1246,43,1
XpWBUc2mY6U,TERRA PIATTA - UFO IN MALESIA (video inquietante),Domenico Russo,Entertainment,18057,43,34
AtQmbRfdyI8,Fort Lauderdale airport shooting witness describes scene,CBS News,News & Politics,22764,42,32
_nBJ66bz--0,Listen as police respond to shooting at Oregon college,USA TODAY,News & Politics,41822,41,60
47794yGalBI,"SIHE #4 | IVANKA TRUMP - HYBRID",THEY LIVE 13/23,People & Blogs,5310,41,13
Ve1Di8dDKyM,Mi opinión: Cataluña va camino a convertirse en otra Venezuela Golpe de Estado en Cataluña,Krometana opina,People & Blogs,485,41,9
YhnjyajBu0k,London Meeting  Radio Frequency Scan  Targeted Individuals Europe,unitedtis,Nonprofits & Activism,6733,41,3
xDFw_OnFmyA,Under This :: Battlefield :: iBreaks Records,iBreaksRadio,Music,3016,41,0
OfLGf5BhCj4,Showbiz Show - Steve Harvey s Hair,Andrew Samson,People & Blogs,24005,40,8
fueLVJ8rrYM,An Outsider s Eye: East London,Sky News,News & Politics,4663,40,51
dEIc3Iz44Lc,Arte: Die dunkelste Stunde der Mainstream Medien,klar sehen,News & Politics,2313,40,2
-Ld0omFuBTc,Local Suns | Excellent Footage,Dustin Gollehon,People & Blogs,299,40,0
ehvu4brpcww,Abandoned Buildings//Eastbourne//Extremely Sketchy,Elliott Beatty,People & Blogs,2963,39,4
aWCfpjDgHgY,The Pleasure Principle,TheBritneyHouston,Entertainment,1810,39,1
oxY8jz6ekkk,Joseph Kent Kidnapped Live CNN,EightyProofTv,People & Blogs,38661,38,19
cGV25r4z49I,!!!WARNING!!! DHS FAKED (FAKES) TERRORIST ATTACKS,LedaOhio9,People & Blogs,6049,38,1
Ml3gGoPtP7g,ATTENZIONE! occhio massonico come bandiera europea! LA CRISI NON FINIRA,Demos Cratos,People & Blogs,5911,38,3
jEKIWwnxpfM,The Infidel (Full Film),KopDirect 86,Film & Animation,4833,38,3
slHvnSTYnH8,Is Sandy Hook a Dept of Homeland Security HSEEP Full-Scale Exercise?,SantaBarbaraDianne,News & Politics,91309,37,9
5j9EnQdN--o,Jade Helm now in Orlando FL? I took on 4-11-2015 at gas station!!! SHARE!!!,Prophecy Radio,Entertainment,8191,37,7
WaUWD0NpO00,Payday Monsanto- The Latecomers,dMenace,Music,2835,37,1
XcxyvjTL14w,Trump zu CNN Reporter:  Ihr seid äußerste Fake News!  - Deutsch,Wahrheitsbewegung,Entertainment,4065,37,2
o3m2_Q5emQM,PIZZAGATE CELEBRITIES EXPOSE PIZZA GATE  CHILD ABUSE  MIND CONTROL IN ENTERTAINMENT INDUSTRY,Truth in Plain Sight,News & Politics,2327,36,2
jmLTcS5YJu0,MILEY CYRUS CAUGHT SHAPESHIFTING INTO REPTILE ON VIDEO GOES VIRA,The Event Is coming soon,News & Politics,3643,36,15
887eC56IbNQ,How to Shoot a Bow from a Treestand,RealtreeOutdoors,Sports,3199,36,0
Vr8mLRJ6xlo,EPIC Moment Richard D Hall Exposed Fake Bomb With Actors [MUST SEE],FastPuma,People & Blogs,1949,35,0
XUSXKEpgvYM,Les attentats de Paris et les théories du complot,FRANCE 24,News & Politics,21513,35,71
hbrGMJ59FAw,Terror Attack London Bridge! 6 Killed and Approx. 20 Wounded. The Latest Info!,Rshill7,People & Blogs,9488,35,10
bh0aSOpAAKM,Jay Abdo demo reel 1 min 2012,JAY ABDO,Entertainment,5812,35,0
F5EgS1qUo_4,Aaron Russo: El 11/S es un fraude  Rockefeller me avisó 11 meses antes. Doblado Esp,Desmontando a Babylon,News & Politics,5142,34,3
CpwK3a-WRZU,Ottawa False Flag ULTIMATE CASE CLOSED!,Truth Hurts Radio,News & Politics,1904,34,1
14731zu_1uE,100% Proof Oswald WAS The Man In The Doorway  Explained,The Chance George Official Channel,People & Blogs,3086,34,9
ZOLIrO6lq08,DJ WHOO KID Walks Past  ILLUMINATI MEETING  at SIRIUS STUDIO,Hip Hop Classics Daily,Education,11283,34,15
DFqW9BT50D0,India s Rape Crisis Has A New Female Superhero,AJ+,News & Politics,1972,34,4
cpcc_GVG61k,Putin calls on Russians to have three children per family,greekspartans300,News & Politics,3177,34,3
Tvfz-Eek9aw,GRENFELL TOWER DISASTER - Gentrification / Social Cleansing / Corporate Manslaughter,internet champ,People & Blogs,3459,33,3
wsWOb146nKA,Las Vegas Luxor Sniper,Jacob Goldberg,People & Blogs,10920,33,19
I7bNZZyRc40,Crisis Acteurs In Brussel Exposed,Waarheid Openbaring,Nonprofits & Activism,1945,33,2
vzi4AopBEBg,The Public Focused Scientist/Engineer | Siddhartha Roy | TEDxVirginiaTech,TEDx Talks,Nonprofits & Activism,2515,33,2
xsJULl6L4Fg,Blue Sky Image Clip 2017,Stefan Zorn,People & Blogs,4745,33,0
v9FBr1N_um8,Kearnsy 74 - Stick Ya Phoney Terror Up Ya Arse - Fake Terrorism Parody,jamboman84,People & Blogs,840,32,0
B99ce0pgqWM,How to make a Mini Flying Car at Home HD Video,Easy Electro,People & Blogs,1681,32,6
8nqzjPfKyyw,Soma – Hollow Earth [FULL ALBUM | HQ SOUND],Voodoo Moon,People & Blogs,1316,32,0
5DbsRpWLHaw,prepare for change cobra interview oct 2017,Event is coming soon,Education,2263,31,3
awZaZqHW94g,Crazy reptilian s/aliens exist on planet earth,chuckle chuckle,People & Blogs,2524,31,0
3deUjLAZLI8,Emily Eisenman 33 hoax at Brussels,Dr Medicinal,People & Blogs,2237,31,12
Qyx6e2te-L8,Mad World homage to the crisis actor,Conscious Consumer Network,Film & Animation,752,31,1
LAZ1vgP55BU,Het is weer eens goed raak.,Stieven Sons,Music,6653,30,4
SPQaffMqbvk,Michelle Obama wows,presidentObama2,News & Politics,4514,30,2
KBIuMzeGwP4,"Nice France Truck Attack - Hoax Theory #5",Solar XD,Education,3280,29,5
_39gEb8IcH8,Why Actor Yash Chose Tallaru Lake Here Is the Answer,Public TV | ಪಬ್ಲಿಕ್ ಟಿವಿ,News & Politics,2065,29,1
tjINwL0aypo,Lee Rigby: Family of murdered soldier hail  justice  as killers found guilty,ODN,News & Politics,6794,28,7
KmyQajWenKM,U.S. Govt. CORRUPTION reaching critical stage. Please share!- Mirrored STFnews,Pastor Steve,News & Politics,529,28,1
cxjYsqjHpY8,Neikka RPM - Battle scars (fight with me),Woj ciech,Music,1709,27,1
Ku4n3XvCZ1A,Building collapse due to minor structural change Assiut City  Egypt,Movie Murga,Science & Technology,6328,27,2
3yHt-UJCdWM,Reptiliano con forma humana es Arrollado y sigue como nada,ΣDC TV,Nonprofits & Activism,7808,27,20
2lewRfAsuJY,Firsthand accounts of Paris attacks,CBC News,News & Politics,3537,26,7
7uX6LRZ45qg,WATCH LIVE: Broward County Sheriff provides shooting investigation update,PBS NewsHour,News & Politics,1839,25,6
_PMvbVCxpww,Brig Gen Lori Reynolds comments about Sgt Maj Paul Archie,Island Packet and Beaufort Gazette,News & Politics,15059,25,30
q9ZVRAY6Q7k,Bill O Reilly Debunking 9/11 Myths,jkamwal2,Sports,5153,25,44
zx_nPj05688,"The Real Deal Ep # 50 Jade Helm Recap & Leuren Moret on the Breaking Ukraine Crisis",The Chance George Official Channel,People & Blogs,3726,25,1
ptVtnlbXiOI,Amy Schumer Recalls the Moment She Found Out About  Trainwreck  Shooting,Inside Edition,Film & Animation,14422,24,3
aejEfspnnU4,Fsociety hacks allsafe - Mr robot elliot hacks all safe,Motasem Hamdan - 2,Film & Animation,2229,24,0
LK0PSB-YbhA,BBC Caught Staging FAKE News  Chemical Attack  to Start Wars in Syria & Iraq,The Fing News,News & Politics,712,24,1
AfVp2WXRrvo,JFK Assassination Gene Boone who found Lee Harvey Oswald s rifle,JFK Assassination Forum,Entertainment,16901,24,18
R9o5A_SFTiE,Mr. Robot im gay,Azzlanoid,Gaming,695,23,1
pUByS17CUzY,What Have I done - Madness,Mike Sea,People & Blogs,352,23,1
7dFp0UI-ILI,Mandela effect. What more proof do you need? Unsinkable  watertight argument. Try and debunk.,eXubeRant Rants,News & Politics,2492,23,20
2aRAb-ax-uA,Dancing while of vacation in Florida,Riley Marrale,Entertainment,13759,23,1
nzbqseknPYQ,LGBT Community Endorses Trump Amid Terror Fears - Where s Hillary?,Victurus Libertas VL,People & Blogs,1176,22,2
UZu3uXifMCQ,Leo Zagami  confessioni di un illuminato  ho venduto l anima  .. al diavolo (Massoneria),IIIMILLENNIUM1,Education,19738,22,13
H5gSxaYqqJA,21-year-old shooting victim sues MGM Resorts,KTNV Channel 13 Las Vegas,News & Politics,2241,22,6
yi4vDQYjEgI,Heartbroken Families Forgive South Carolina Shooter,The Official 700 Club,Entertainment,5259,22,1
htQ2FE1rlks,CNN Caught Staging News with Zionists isreali  Danny  Syria With Actors,911TruthNOW,Education,1299,22,1
lH8hL0IwslA,Investigation into  The Yorkshire Ripper  HOAX !!!!,hristos mandylor,People & Blogs,622,22,1
99pIl4WpVps,CONDITIONED TO PARROT - Payday Monsanto,jwardWWOPD,People & Blogs,1436,22,0
ztkwWyY9c6Q,Charlie Sheen Reveals he is HIV Positive on the  Today Show,Above Science,Film & Animation,47469,22,36
iNrn6InonFE,I was Scammed! FAKE Makeup Gig in Vegas $4K | Storytime,MakeupMesha,Howto & Style,810,22,7
vb6TeGN-CyM,operation dumbo drop in english 1995,Mildred Glover,People & Blogs,15798,22,7
yVpwkVuODv8,Protect Not Collect: An Alternative to Gun Control (aka Government Gun Monopolies),Craig Mason s Reasonable Conversation Channel,News & Politics,158,21,3
VawimYoqOUI,Six killed in Baltimore bus crash,CBS News,News & Politics,4650,21,3
EEROXOc3iYI,proof you can see the deed of assignment,SriLankerC,Education,1350,21,0
CfQVWQpQzNA,Barcelona & Charlottesville One Big Thing In Common!,DoubleHoopNation,People & Blogs,504,21,2
b4rWSg0aGbA,We lost a sense of security  says brother of church shooting victim,CBS Evening News,News & Politics,3269,21,2
Re6v6V4ocCw,Petrecere Illuminati (satanica) 1972 la castelul Château de Ferrières Rothschild,SECRET UNIVERSAL,Science & Technology,6551,21,3
TSmCs1u79x8,Sarah Palin  s Lies and McCain Lies CNN AC 360,rudygal333,News & Politics,4582,21,2
0X72gbjr9Nw,My Journey To The Flat Earth,The Flat Earth Survival Guide,Education,289,21,1
bfXNdTTkMkE,"#Qanon 2/24 Update  Stanislav Lunev Payback for Today   Back Pack Nukes  Libel Laws End of MSM",Willful Ignorance Warrior,News & Politics,166,20,0
O1fsvYSy3M4,Philipp Münch :: If It Goes Away [Official Video],Dominic F. Marceau,Film & Animation,928,20,1
PrVLbWGEs88,Generac Home Backup Generator 2017 Overview,Generac® Residential Products,Howto & Style,8924,20,4
BfOml78cRF8,Tonya Harding: Short Biography  Net Worth & Career Highlights,Celebrity Net Worth,People & Blogs,7792,19,2
xYDqCzEzFYQ,Carlee Soto Curses at Family in March 2013,April Reigne,Nonprofits & Activism,1281,19,3
K2K6fnPMvP4,5 killed in bus crash in Merced County,KCRA News,News & Politics,14692,19,7
nIC7-UFuq_Y,(15 Mins) Mike Harris/Michael Shrimpton - 20 May 2014,Loz Phoenix,People & Blogs,4532,19,2
mBbHdGTfcrc,Perfect New Beat - Nobody s perfect (vinyl sound),dancero643,Pets & Animals,1650,19,0
uSdm1X3pMgo,Pregnant Woman Survived Paris Attack Meets Rescuer | MSNBC,MSNBC,News & Politics,4558,18,48
6QFZ2rGZ5oc,TRUTH BOMB - Manchester s bad actor,In His Grace,Travel & Events,434,18,1
LsEwhOqMjN8,"More #Manchesterhoax - #100%Hoax - This is now picking up speed This Is Not Real FalsFlag",A Member Of Light,News & Politics,1248,18,8
sRoB4qw52DM,sandy hook grief vs real grief,Rayney Autumn,Education,666,18,2
78z52hgBGZs,Flat Earth: OIL HOAX - Transocean Loser,Aaron Dover,People & Blogs,993,18,2
cvNr1l0eLkU,Seven Trees - Black Ice,Necr0v0id,Music,1195,18,1
9zIIIo20cUw,Missing Hardball Video Proves Corbin Dates Did Not ID James Holmes.,DarkKnightTruth,News & Politics,4426,18,0
J0ilIYNyrfY,Shooting Reported at Shopping Mall in Munich  Germany,Wochit News,News & Politics,21582,18,20
V8jtXefSzQY,Marxian crisis theory: Class Conflict  Wages and Crises,KarlBonner1982,Education,4704,18,4
feVKtLC3jFg,Gaiser - III - Album Teaser,GAISER,Music,2572,18,1
HTMVGwX2jUQ,RichPlanet TV: For  Scandal  Read  Psy Op,InfoStrike,Education,1285,18,0
5SyUAKsxphw,"Fort Lauderdale Airport Shooting - Hoax Theory #101",Eclipse XD,Education,222,17,3
8HbY6GujEbE,Dave Johnson Hoax | Dave Johnson Is Joe Buck | CB139,Chris Brake Show,News & Politics,1135,17,7
xjTsBiqfLOE,The Uncensored Report​ ​ - CNN Caught Reporting On The White Helmets Caught Faking A Rescue,The Uncensored Report - Francesco Abbruzzino,News & Politics,1015,16,1
w3aaoeBTxhE,Targeted Individuals IMPORTANT!! GET RID OF ALL THE UPC BAR CODES IN YOUR ENVIRONMENT 666!,False Flag Set Up,People & Blogs,490,16,4
6VAPDXaKRHI,3 dead in California elementary school shooting,ARIRANG NEWS,News & Politics,6902,16,4
p188d54G4Vo,331 = MASONIC HOAX !,hristos mandylor,People & Blogs,337,16,0
xIFmFZka1MM,SDA Hospitals doing abortion like Planned Parenthood,International Siege Ambassadors Ministry,Education,1210,16,3
CnxME4CeYgU,Electronic Music - Psychedelic dissonant EM with Moog  Mellotron  and Percussion,Brad Schuman,Music,3919,16,3
GPwT5RdskEQ,1051-3 Be Forgiving and Merciful  Multi-subtitles,Supreme Master Edenrules,People & Blogs,9110,16,8
9XQjAHoWPRA,Awesome Shpongle / Mix Psybient / World / Psytrance (432hz) Get Shpongled !,Martin D Metdubbelss,People & Blogs,949,16,2
eyo19N_8ulM,Florida shooting survivors meet with lawmakers  demand action on guns,CBS News,News & Politics,454,15,16
11yo3Q18K4E,1994 Staged Attack Figure Skater Nancy Kerrigan 777 Coded,Krusty 2.0,News & Politics,660,15,2
DztWzV6pRkQ,IS THE TEXAS CHURCH SHOOTING A HOAX? THE NIV IS A HOAX AND MOST CHRISTIANS ARE A HOAX👿,BROTHERDARYL,Education,624,15,4
T4vywr2eM7M,Sandy Hook INFO CNN Won t Tell You/ Wolfgang s Trials for TRUTH ! MANY UNANSWERED QUESTIONS,Ready For Reality ?,Science & Technology,494,15,1
CV8q40gk_xw,Johnny Weir & Nancy Kerrigan  Duet: Halloween on Ice 2015  Syracuse  NY,Binky s Johnny Weir Blog,Entertainment,2947,15,0
h60-3_CBfpM,Who is Amanda Alvear?,Rich Vanclaren,Film & Animation,755,15,13
D6wsTkahdHk,Top 10 Famous Sore Losers in the Olympics,Top 10 Clipz,Education,3740,15,9
LdQKJwjF9G4,TAXI CAB DRIVER BLOWS THE LID ON FAKE L V SHOOTING/ACTORS...PART 1...,kaseyjosh,Education,2759,15,8
LiD2RVPaXm4,Revelation Bible Study Part 7 (The Rapture  Chapter 4),Royston Bethel,Education,499,15,0
bggXPnB6M3Q,Part 1: Targeted Individuals  in Canada.,Valerie Guillaume,People & Blogs,1121,15,2
to7ToyEavSo,THE SIMPSONS - 100% HOAX 2017 FALSE FLAG & ENTIRE SYRIA REVOLUTION IS FAKE,Rekt  HAPA  Exposed,News & Politics,2048,14,3
jo-LUl2wFxE,Anderson Cooper Couldn t Resist Fake Crying Himself Over Fake Orlando Gay Shooting,Tony The Truth,News & Politics,1942,14,19
SJdKBmSev0M,1 2 Statutory Rape,itsmyTVOrg,People & Blogs,17186,14,2
krzN3lbVtT4,Jeremiah Knupp/Special - Charlottesville VA,Psy Borgison,Comedy,2399,14,1
nuRQKBQv4Iw,Ambulances rushing toward Bataclan  Paris Attacks  night of November 14,Amy Plum,Entertainment,2767,14,1
oBSdbh40TYk,Electronic Eye,Manohar Peddu,Education,6137,14,1
hLNwe3MsyUw,CERN!! September 2015 Hell on Earth! New Illuminati Conspiracy for the Coming NWO!,mike8jones,People & Blogs,4554,14,4
lm1uM8VM5yA,Tim Scott Chokes up on Senate Floor Remembering Charleston Victims,LR,News & Politics,1209,14,1
UHLpHL6k0uM,What Will Be Your Role in the Fema Camp? June 19 2015,ortegablue,Education,1171,14,2
iw9R8DExbdk,Crisis Actor Car Bombing,Dinduer of Nuffins,People & Blogs,867,13,3
Ap1LuETU3Aw,INSIDE DEATH TOWER London fire,Bkstge,News & Politics,9131,13,1
wmYvBL58fgg,Charlottesville: Best Analysis on Internet - 2  MUST SEE  Videos,Robbo Max,People & Blogs,232,13,3
DcaBWULkHTI,Research/Theories (JFK),Leroy Blevins Sr.,Entertainment,126,13,1
_pxIu8pIsGM,Gov t Mind Control & Multiple Shooters: Was Florida Airport Shooting A False Flag For Gun Control?,WeaponizedNEWS.Com,News & Politics,1016,13,2
-0_1RFU51i0,WTF IS GOING ON !!,Jose moreno,People & Blogs,266,13,1
WCx_eGSh5mc,Cobie Smulders and Kevin Kline in Noël Coward’s Present Laughter,Great Performances | PBS,Entertainment,1557,13,0
YuHohzv-rUM,Grenfell Tower Baby Hoax - Fake News Exposed By FAKE NEWS,mental_boost,People & Blogs,394,12,2
S2n4HonwnmY,NYC Tribeca Truck Terror Halloween Hoax,911 No Planer TV 6,People & Blogs,50,12,0
R39iPQYeWW0,Peter Rodger Jealous Clip,Factualist,News & Politics,4080,12,5
SwRZH52n2_E,Seraphim System - Drown,Woj ciech,Music,848,12,3
1tzjLmU_Dac,Caleb from Bratayley Hoax?,Derek Brown,News & Politics,821,12,17
_tuen-EwIPQ,‪Very Graphic- Syrian Forces Shooting At Protesters ‬‏,alrekabi100,News & Politics,8171,12,2
rqYEAro4xtk,I m not a shooter,vlogspugs kin,People & Blogs,157,11,5
5UGjXlaTuVE,Jodi Arias - Shows Expression of  Duping Delight  on the Stand - Janine Driver,amys busticket,News & Politics,13243,11,6
oBWs5RO7mYY,Sandy Hook Proof Kaitlin Roig real person and multiple gunmen evidence,TrainwreckUSA,News & Politics,3393,11,11
eTL_RLv2oUY,Manchester: 100 Days After the Attack -  Don t Look Back in Anger  (Hallé Youth Orchestra),ATS News & Politics,Nonprofits & Activism,440,11,0
xYtqnUIXXN4,JEFFREE STAR HOUSE TOUR 2018 SNAPCHAT SNEAK PEEK,James Burns,People & Blogs,1485,11,2
isw7U-_1ngc,1666 Great Fire of London secret revealed,BoKnowsEntertainment,People & Blogs,1113,11,1
7AbahpOwupE,WakeU.S. from Slumber - FAKE TRUTHER CHANNELS & SHILLS EXPOSEDPT1 - WakeU.S. from Slumber,Stanley Nunn,People & Blogs,1722,11,13
i90pFRIBThs,Does the View of Toronto CN Tower Prove Flat Earth?,Rick Friedrich,Science & Technology,1834,11,8
vigexEnK71s,Mickey Mouse and Minnie Mouse Jake The Pirate and Doc McStuffins,CARRAROE BOUNCING CASTLES,Entertainment,2042,11,1
yLsZlgK5rDo,soft fuzzy man - lemon demon,lynn jones!,Gaming,1009,10,3
mD_MlskUaAU,The CRISIS ACTOR,unprogramming,Education,74,10,1
inzhUo3kQ_0,Wheelchairs for DUMMIES March of the Crisis Actors! 480p,Timothy anon,People & Blogs,180,10,0
d5lISXccA4k,CA Elementary School shooting: Clown Actor REHEARSING LINES!,KJV-Charlie,Nonprofits & Activism,148,10,1
xAe--qpjQ5A,Crisis Actors Needed (West Palm Beach)??? THIS IS FOR REAL?? YES!,Revolution NEWS & Information.,News & Politics,642,10,1
owgM9UlxUDY,"Azusa Shooting - Hoax Theory #2",Solar XD,Education,292,10,1
T_UW5JkYuqY,EVIDENCIA:Autoatentado/insidejob Boston Mismo testigo en dos escenarios diferentes RNWO,mafiaPPSOE,Nonprofits & Activism,2306,10,0
zTdEt4fP2ng,The Mysterious White Flying Morgellons Fiber,terracer,Science & Technology,598,10,1
a_hrzGE7nfE,New York: Identifizierung der Terror-Opfer,euronews (deutsch),News & Politics,1720,10,0
IMf7TzlUR5g,Schleierfahndung - Der „Kampf gegen den Terror“ in unserer Geheimdienst-Medien-Demokratie,Vom Abo zur Weisheit,People & Blogs,343,10,3
BY9bf1FznJ4,HLS Library Book Talk | Noah Feldman s  The Three Lives of James Madison,HarvardLawSchool,Education,1200,10,0
RRROCl7caIs,Michael Mcintyre s Big Show 25th Nov,SHARRON SHAR,Film & Animation,1478,10,0
HIiTu-E_WGE,CARA DELEVINGNE INTERVIEW Backstage At The Burberry SS13 Fas 1,Haber Manyağı,Entertainment,1749,10,0
Ek_Be49-Bbo,Mesmerize Grenfell,mental_boost,People & Blogs,1184,9,1
58spdvSLE7M,Virginia false flag actors used FACT,SuperEarther,People & Blogs,521,9,1
0HArqC33JH0,Ignore? React? Should We Use Our God Given Emotions or Not?,False Flag Set Up,People & Blogs,311,9,4
drs6tGsMC0g,The real Barack Obama and his bloodlines,Bob Bobby,People & Blogs,1337,9,1
k9-l9whvgtM,DISASTER RESPONSE   World Wide Counter-terrorism Training Drills-Crisis Actors: Part 1,yarndy,News & Politics,453,9,1
5IvRjTH69ok,Crisis Actors and Reptilian people Conspiracy Theory,Starring Tono,People & Blogs,161,9,0
Z6weU6m159I,The truth in PLANE sight 2018 Documentary,Hippie Island,Education,128,9,0
_KkbueMl0CA,Sandy Hook; The Real Investigation Begins And They re Afraid,Zurnmusic,People & Blogs,554,9,1
ZvEAvXM0pn8,8 Bollywood celebrity rape accused,Gyan Junction,People & Blogs,6150,9,3
rRbVDwsLS1c,MGM Löwen Angriff in Las Vegas,Эрика Матвеева,Autos & Vehicles,6349,9,10
0mUHovOBFjA,EMERGENCY ALERT! Elite Evacuating Country  Economic Meltdown Iminent and Jade Helm In Place For Take,Lori s End Time Updates,People & Blogs,2322,9,2
lQSwrt5KJ-s,EastEnders actor Steve McFadden: How phone hacking destroyed my ex-girlfriend s career,5 News,News & Politics,3012,9,0
NkhtJm4LtM0,Some really horrible crisis actors!😂😂,Queen Kami,Education,170,8,0
lLvrAizaYkQ,UFOs Cloning Interdimensional ETs Aliens & Targeting TIs,False Flag Set Up,People & Blogs,239,8,5
ILHVwCpK6E0,Channel 4 News: Manchester Terror Attack (Opening) - 23rd May 2017,TV Live,Entertainment,3053,8,1
bpb1JSJVtNk,Rape Crisis interviews Julie Hesmondhalgh  star of Broadchurch 3,Rape Crisis South London,People & Blogs,1628,8,0
ng2MW_CIgpA,Multiple Eye Witnesses Report More Than One Shooter In Parkland Florida Shooting,Richard Tay,News & Politics,161,7,0
aa1V5k7JZzY,Seattle false flag 31 OCT or NOV 3rd or NOV 13th,Tony Brown,People & Blogs,120,7,0
4u87C6dAkJg,Victoria Derbyshire Interviews Grenfell Tower Block Fire Witness,BBC Sucks A Cock News,News & Politics,750,7,3
0tU9E06G8Z0,crisiscast,TheBen0667,People & Blogs,575,7,4
o9jWZ9LroXc,Sandy Hook Planned Covert Strike?,UnitedCorpOfAmerica,Education,490,7,0
p7NNFkxWZ6w,ISIS EXPOSED 100% AS CIA MOSSAD OPERATION - A TMR Video,Bet on Truth,People & Blogs,236,7,0
Co_32Ke4iZM,Get more than you thought possible from your credit card - legal loophole exposed.,Ryan McDonnell,Education,1498,7,4
I6W1IIYnzGI,I ll apologise to the monkey : Man who heckled Sam Dastyari says he is not racist,International News 3,Music,1870,7,3
3TU_k2hkOrg,USA News Is FAKED!! PROOF!! Green screens  CGI & Crisis Actors EXPOSED!!,Anthony Johnson,People & Blogs,379,6,0
S58m-dbahnI,Trump Blames FBI for Not Stopping Florida Shooter,Wochit News,News & Politics,163,6,0
whTczg2dIQk,Shooting suspect had ties to Florida,WPTV News | West Palm Beach Florida,News & Politics,1193,6,0
bYCL7CIAV6s,NO MORE EVIDENCE NEEDED. ALDEAN KNEW PRIOR TO VEGAS SHOOTING 100% PROOF. CNN IS FAKE NEWS ALSO FYI,JONNYY 5,People & Blogs,699,6,2
Rv03VwWRSVE,Hoax at Sandy Hook - Busted!,charliewasthebest,Education,313,6,0
abfoJn1Gv0s,Paris Shooting HOAX CRISIS ACTOR REVEALED! Smiling Partner Duping Delight! 360p,Timothy anon,People & Blogs,378,6,0
HYiowIcbAZw,Disturbing Evidence Anderson Cooper is SRA Abuse Victim (Part Two),American Freakshow,People & Blogs,2330,6,6
y79ARb281-E,Stephen Padduck is not Gene Rosen  is his brother lying?,Trumpsters And Conservatives,News & Politics,391,6,0
OYNX8tjSKVg,The Hoax World Tour Hits Sydney Australia Crisis Actors Fake Crying Hostage Hoax,Yahshua mySovereign,Education,403,6,3
xZbaprgg5pM,ALIEN DISCLOSURE UPDATE: STEVEN GREER SPEAKS AT THE CITIZEN HEARING (CLIP),AMENTI Investigations WILL OPEN YOUR EYE S,News & Politics,751,6,0
BW099vKzw20,Female Stars Who Won A Golden Globe On Their Very First Try | Access,Access,Entertainment,449,6,0
U71SDNtQsH0,This is what happens when actors forget there lines when filming Fallout!,Brody9311,People & Blogs,1881,6,2
m9f5wmNX5uc,Keira Knightley | Then and NOW,Celebrities people,People & Blogs,821,6,1
UDt5jMfNnX8,I Don t want to PLAY YOUR GAME Be Real for once Q Anon 2018 Coffee House,Coffee House,Entertainment,185,6,0
bH3lY-ytfM0,Mortiis-The Great LeapGodflesh Extended Version — Godflesh  Mortiis,supervovang,Entertainment,510,6,0
GnWlT-F17w4,Hoax X-Factor Awards - Worst Crisis Actors @ Hoax Psyop Manchester  Terror Attack,Maximilian 432hz,Education,83,5,1
9D2XO40XxRg,Finally...an interview with someone who isnt a crisis actor! And he says what normal people say!,The Voice of Reason,People & Blogs,62,5,2
_1mbSv1AXPg,It Doesn t Add Up,Kill The State Live Free,Education,100,5,0
7RzDn8y6Wuw,Crisis Actors VS Real Life,transhumanistxxyy,People & Blogs,169,5,6
0f7hbFKkMQQ,Massacre in Texas church leaves more than 20 dead,euronews (in English),News & Politics,1810,5,2
qKlAZRFoAus,Grenfell Tower fire (raw footage),Youngdantha,People & Blogs,406,5,2
FEYwo9wEQlU,Mcdonalds - the truth of zionism  satanism and paedophilia,SuperEarther,Film & Animation,1618,5,7
0yGE9O9e23I,MK ULTRA  DISNEY movie subliminal messages. tv. mind control,KASLOE THE PSYCHOE,Entertainment,272,5,0
URJmO3_d0qk,SYRIA SARIN GAS ATTACK CRISIS ACTORS EXPOSED SD  854x480,tomcat8153,Education,164,5,0
wwU4rJCDlo8,Sandy Hook Batman Property Master,Mike WhoRu,News & Politics,363,5,0
Fh3ArvbDRts,LAX Shooting Hoax ~ Nick Pugh / Mark Walsh / SAME GUY!,DIZZLE R US,Education,465,5,0
V-edELTC02Q,Unexplained Mysteries Of The JFK Assassination,Unexplained MysteriesX,Entertainment,453,5,2
h9QXq0DC0LM,Syria  Assad Gases Qaboun With Chem Weapons  - Funny FSA actors and propaganda ;)) 6 27 13,GazpromFan18,Comedy,1148,5,2
xY5qmLWNWoA,Международные новости RTVi с Валерием Кипеловым — 4 января 2017 года,RTVI,News & Politics,2285,5,1
fh06zqoPVGg,DURIANRIDER/DICKRIDER COOKED FOOD WANKERS,Juicebox Daily,News & Politics,83,5,0
-EHCGaRE-6I,Erin Elizabeth On The Murder Of Doctors Investigating Vaccines  Cannabis Oil and GcMAF!,Allen Richie,News & Politics,257,5,0
d-_m2yrvQKc,Russia: Tourism,John Sommers,People & Blogs,266,5,0
ZACEsRIHRLU,The Doppelganger Dilemma Identifying Crisis Actors is Difficult and Risky!,Enemy Of The NWO,People & Blogs,250,4,1
8-0KMSzDkCQ,Las Vegas Shooting Psyop 2017 ~  HOCUS POCUS,tomcat8153,Education,139,4,0
t_C-xfX30aA,LAX FALSE FLAG CRISIS ACTOR BUSTED!!! MARK WALSH IS NICK PUGH 9 11 01 11 01 13,911 No Planer TV 6,Education,35,4,0
z9cxk-n3blw,Alex Jones  Take on Sandy Hook,Mike WhoRu,News & Politics,1112,4,4
Jzzxugyyu7w,CAR BOMB CRISIS ACTORS STAGED FALSE FLAG ATTACKS,Steve s Wide Awake,Education,172,4,0
YrIt-L_LEbk,PT3 Edomite devil tells us to join the Army and get a life,MenofValorSouthCarolina,Education,48,4,0
gXbsTxlCOaI,Fight or Freeze PREVIEW Rape Crisis Scotland campaign animation,Robert J Somynne,News & Politics,717,4,0
Etlspqigqec,UGLY SKY MORGELLENS LINKED TO CHEMTRAILS PARASITES NANOBOTS LIVE FIBERS THEY ARE TRYING TO KILL US,FOWLMOUTHPATRIOT RAH RAH USA,News & Politics,55,4,0
UCIhFu9ddXY,Crisis actor her full-time job CNN,THE Last Watchmen,News & Politics,83,4,0
KLrbDWNYr8E,Burns Oregon--Still alive at the resource center 11:40 pm 1-26-16,shuff1111,Entertainment,537,4,2
BFC30i0-FT8,Is A Bike With A Motor Legal?,pinkdolls pinkdolls,People & Blogs,1171,4,1
BdV7dApUx78,IRISH CROWD IN SUPPORT OF CONOR MCGREGOR TAKES OVER TMOBILE ARENA,AxiomaticVids,Sports,897,4,1
pp_iZ8SuCys,2018 Mercedes-AMG S63 4Matic+ Coupe Design Overview & Driving Footage HD,ISQUARED CARS,Autos & Vehicles,488,4,1
NZnS6IXfzFk,Reinventa a los cazafantasmas,La Verdad,News & Politics,1803,4,0
-QuKuD6CkRk,Alternatives to the Affordable Care Act – Q&A,Harvard Kennedy School s Institute of Politics,Education,477,4,0
rllG7es-d0Y,DHS: Releasing Biological Agents into Boston Subway.,The River Mersey,News & Politics,135,4,0
xdDhyk5QBbg,HE LIVES  I KNEW IT NEVER HAPPENED!! CAUGHT ON CAMERA UP CLOSE!!!!! W T F,JONNYY 5,People & Blogs,495,3,1
YahkavbHcO0,4 Hours Before His Death  Billy Graham Made 1 Final Post That Has Left America Stunned,News Now TV,News & Politics,91,3,0
5v4FoBLLRIY,San Bernardino shooting  crisis actors once more exposed  explaining Duping Delight,VeilLifter,Education,160,3,0
DGPZhNp3S9c,Orlando Shooting Hoax Actor Suspiciously Removes His Latest Credit on IMDB,Hace Ercetin,Film & Animation,176,3,2
GyXDwt1yalc,BREAKING VIDEO: INSIDE The GRENFELL TOWER During FIRE Over 100 DEATHTOLL Estimated,Super Surprise Show,Entertainment,4296,3,11
3FjQFyToKmM,Grenfell Tower Fire Eyewitness Ozzie Gandaa says fire started at 11pm !!!!,Chioma Nwaubani,People & Blogs,192,3,0
SNhjoOhJQiM,David Hogg at the beach,Jeffy Stevens,People & Blogs,67,3,0
gFOaL44yEKk,FAKE JEWS IN ISRAEL ARE THE MOST WICKED PEOPLE |EXPOSED!!!,Israelite Anime,Entertainment,185,3,0
LECIB6zH7TU,Manchester Bomb False Flag Or Hoax Or Real,Common Law Nations Alliance,People & Blogs,192,3,1
IB0u-BbHzEU,Crisis Actor Air Blow Outs (featuring Air Suck Ins),kvass99,People & Blogs,59,3,0
gUeIWVD6bZU,PROOF BRUSSELS BOMBING IS A FALSE FLAG! MUST WATCH,True Stoff,People & Blogs,108,3,0
HykKhFeVCU8,Brussels Attacks Why Crisis Actors are Used in False Flags! Brussels Attacks False Flag,Saaed Mahran,Entertainment,101,3,1
STyBXfrzX5A,NBC NEWS FAKE INTERVIEW BATACLAN SURVIVOR PARIS,Truth One,People & Blogs,579,3,0
TIPcpYDYf-A,Chaos During Paris Attacks Described By Witnesses,Wochit News,News & Politics,1787,3,2
KmUwf1XnTWk,Nuke/EMP North Korea U.S SUPER BOWL 2018??!!! (No Predictions),BLUE MARAUDER,News & Politics,211,3,1
hIfRJel6SoM,South Africa s rape crisis: Pressure on police to solve sexual assault cases,FRANCE 24 English,News & Politics,1263,3,1
SciXqgWjRgo,TOGO Dj Aladji Daphne Promets Moi Official Lyric Video,Latifou Aladji,Music,317,3,1
3Fd55gHwc-s,3 Israeli Teenagers BUSTED As CRISIS ACTORS In Another Illuminati False Flag Event YouTube,ParadiseOrHellFire,Education,178,3,0
rxGKU-F-Wg8,National Agenda 2017: Brianna Wu,University of Delaware,Education,795,3,61
AdOObq8xToc,AME Pastor gives his reaction to shooting,Times and Democrat,People & Blogs,367,3,0
il5Gk323grU,Istanbul Club Attack: Funeral held for one of the Lebanese victims in Beirut,TRT World,News & Politics,499,3,0
zgfg6B1tIJg,Oregon UCC School Shooting  Lucero Alcaraz Crisis Actor BUSTED???,alienrefugee51,People & Blogs,494,3,6
gm_qKxuxWNI,REINA CLUB ATTACK - Ortaköy Istanbul Turquie,Luxi mK,People & Blogs,11630,3,2
DGklxWrk33I,Har Adar shooting scene,YWN,News & Politics,3533,3,1
K4r-wpetxko,Pennsylvania Lottery rigged,Steven Lane,People & Blogs,584,3,1
hsh5FUQez9A,GQ Awards: Das sind die Männer des Jahres 2014!,TIKonline.de,Entertainment,1336,3,1
fZI9JVwk6wA,Cyclops-1000: An electronic eye / tachometer project for rotational speed measurement,shabaz,Science & Technology,2930,3,0
5jvy-Nbb1Ew,Las vegas shooting (false flag)?,devante buford,People & Blogs,623,2,0
g7xrUJGFwI4,Wrong Russian won the gold medal in women s figure skating at 2018 Winter Olympics,Aban Famous News,Entertainment,23,2,0
RTmbF890jFI,Fake Car Bombing With Crisis Actors In Iraq - October 30  2016,URL FP,Education,226,2,1
9ImxjHrRCqI,Stacey s Story - The Rape Crisis Center,The Rape Crisis Center,People & Blogs,4205,2,0
uuQGSCaVQyM,Berlin Attack Crisis Actor Bus Spotted,heiner mueller,People & Blogs,67,2,0
gXfTroL1h68,WHY WERE HALF OF THE VICTIMS OF PULSE NIGHT CLUB FROM PURETO RICO ???,koshatim,Education,148,2,0
Le4cu3Fgg2E,NASCAR Daytona 500 2018: Key information for  The Great American Race,Artnewsive,News & Politics,134,2,1
knsw5learDk,Olympic Skater Nancy Kerrigan Visits Students in Atlantic City,NJ.com,News & Politics,241,2,0
1YsmGZIZG0U,Newtown (2016) - This Can t Be Scene (9/10) | Movieclips,Movieclips,Film & Animation,2343,2,4
APhZlABZyMM,I m Syq 6: (Florida Shooting  Aaron Feis  and bad lyrics),syqnys,Entertainment,58,2,1
PMreEJWWoYU,USA News Is FAKED!! PROOF!! Green screens  CGI & Crisis Actors EXPOSED!!,DarlaBennett,Film & Animation,42,2,0
1OuORji2G64,Population PKG David Hogg,David Hogg,People & Blogs,478,2,10
DWAiNa50nZI,Crisis actor murdered by truther. Predictive programming on TV.  Mr Robot  S2E2,Aussie Truth Seeker,People & Blogs,131,2,1
3MPqhMP0WEw,LIVE: Remembering victims of Grenfell Tower Fire Westminster,Drift Report,News & Politics,163,2,0
gKBBkPVjSNU,Next false flag???,matrixman68,Education,82,2,0
ItoN8cJei70,Parents react to school shooting hoax,WIVBTV,News & Politics,279,2,1
T920-TZXg_I,Live from Rancho Tehama California,GROW AUTO FINANCIAL,People & Blogs,334,2,1
ol6p8xu5ttA,Manchester Terror Hoax - CERN s Brian Cox (performs 1 day prior),Falling Into Light - Discussion Thread,People & Blogs,51,2,1
doevMhRydD4,Chattanooga  Tennessee Confederate Cemetery,Chattanooga has History,News & Politics,373,2,1
EErlS9AHv-8,MSNBC BREAKING NEW LIVES 1080P,News US,News & Politics,199,2,1
z1ThgzTn9nA,Biggest SCAM In Canadian History! Ottawa Shooting 100% STAGED DRILL,jdfreality,People & Blogs,177,2,0
rUtLA3CZVgA,(2017) CR ACTOR PLAYS FBI SWAT - SANDY HOOK HOAX FALSE FLAG - I CANNOT BELIEVE THIS! N,Frank Hinson,News & Politics,157,1,0
vNMctPmsSCA,This is not just about mental health  - Florida teen slams US gun laws,News24,News & Politics,748,1,3
pgpSrUl3QEs,‘Celebrity Big Brother’: Brandi Confronts Ross  And Pranks Cause Tension In ‘CBBUS’ House,Aban Famous News,Entertainment,19,1,0
noUBNOUjJes,Republicunt Joe Barton EXPOSED As A Crisis Actor!!!,ComYxCon4LiFe,News & Politics,241,1,0
qqFnVEJwUMY,Sandy Hook Elementary School Conspiracy False Flag To Repeal 2nd Amendment,Shelli Arnita,Film & Animation,237,1,1
b8fmErml558,Melania Trump Attempts To Deem Her Gatekeeper For Family,Aban Famous News,Entertainment,8,1,0
RMeRd2OpbhM,Police brutality in America  CANADA to   part one see also part two,Raise a Little AL,People & Blogs,99,1,0
9xNOFbE38qg,Billy Graham’s Facebook Page Posted A Chilling Message Just Hours Before His Death,News Now TV,News & Politics,40,1,0
5rOhvb4_ub4,PT2 THE LORD will require the blood of this generation,MenofValorSouthCarolina,Education,40,1,0
zF8plinZDsA,Parents Charged With Murder of Adopted Daughter Years After Appearing on the  Dr. Phil Show,Aban Deutschland Nachrichten,Entertainment,11,1,0
MOIztUo6HqE,McDaniel College students donate hygiene kits to rape crisis center,ABC 2 News - WMAR,News & Politics,619,1,0
itXAU6YXask,Charlottesville Is A Target For The Alt-right. Its Jewish Mayor Is Emerging As A National Voice.,News Pulse,News & Politics,50,1,1
FEnRnfHy2G8,SPOTLIGHT Q MK ULTRA Florida Massacre FREETHECHILDREN (Mirrored),Zero9Four,Entertainment,11,1,0
N2oZWQmTD3w,LAX HOAX Nick Pugh Interviewed How Many Times,National Mothographic,People & Blogs,24,1,0
7Msd-NqxEv8,CNN Dr Jason Johnson on South Carolina AME Church Massacre 6/18/15,DrJasonJohnson,People & Blogs,725,1,0
GG3sZx7VSV8,Florida Legislature Could Declare Pornography A Health Risk,CBSDFW,News & Politics,90,1,1
zCU9XznxGHc,Entriamo nel Tempio massonico,Tribù Press,Film & Animation,946,1,0
vDyDM5cgZHU,Harrison Hanks  audition for new James Bond movie,spantonline,Comedy,389,1,0
jRtVqXDCxqM,Germanwings Hoax Crisis Actor Video REJECTED by SCROOGLE = CENSORSHIP 360p,Timothy anon,People & Blogs,37,1,0
0dFEFsC-YN4,Sutherland Springs residents feel pain of Florida shooting,KENS 5,People & Blogs,18,1,0
h5dMSwXggdQ,The best camera backpack for YouTubers the Winer Rover,Juicebox Daily,News & Politics,46,1,1
GOqQDeRNjAY,Lochinver to the Summer Isle Road (Coast),John Humpherson,Music,276,1,0
KIlvprwsKks,FEMA RESIDENT CRISIS ACTOR,REGLAGIRL,People & Blogs,107,1,0
GK1dgr_LUFM,Tanks Shooting Towards Cameraman in Syria,FailingStation,Entertainment,471,1,0
_tnqUVKLO6A,Plaid to see you! Bella Hadid rocks Burberry red checks in NYC,Home News,People & Blogs,114,1,0
-fXO2BZxUgk,Sandy Hook Actor,delia gomez,Film & Animation,134,0,1
5ytG-1BpBTo,General James “Mad Dog” Mattis Breaks The Silence And Drops Major Announcement,News Now TV,News & Politics,10,0,0
t-2_zIoKr5c,"Orlando Shooting: Censored News #FalseFlag",Anton Slavik,Comedy,118,0,0
AK8v3UeGEbI,"Crisis Actor Recycled #2",Jimmy Coffeecakes,News & Politics,29,0,0
CiQ3fBoVYyc,Sandy Hook - Case Solved !,Charles Wright,News & Politics,7,0,0
rT5KDGWmeig,ORLANDO PULSE SHOOTING EXAMINED - hoax - vid by Jungle Surfer,RL,People & Blogs,889,0,1
ZuuxRLfYHMc,Paris Attack Crisis Actor False Flag,The Message,News & Politics,55,0,0
nECgEyTnaGY,Sanders Cleaning Up Mess After Florida Tweet,Wochit News,News & Politics,66,0,0
JUP4tSzzjGs,CNN s Anderson Cooper Admits Working for the CIA Operation Mockingbird Asset Exposed,Frank Zappa,People & Blogs,53,0,0
WSEttKhK7ng,Jon Snow Responds After Being Confronted By Angry Grenfell Tower Residents,bbiwy,News & Politics,830,0,1
1UumW6La2Js,Annabel Westminster A Lady - Secondlife,Thati Boucher,Film & Animation,111,0,0
g9p6jWKYRto,TYPICAL NIGGA: OWES BROTHER MONEY  BUT GOES SHOPPIN INSTEAD & THEN CHUMPED,TheHouseOfJoseph,News & Politics,13,0,0
83xmbhNJTpU,Pacific Design Center of Beverly Hills,News Now Yucaipa,Travel & Events,6,0,0
x_oZyH4jRXc,Verschwörungen? Von wegen Medien Lügen//Doku Deutsch neu 2016,Vincent Donaldson,People & Blogs,53,0,2
tNgPCtDQfcE,Crisis actor happy to sad,Robert Hill,News & Politics,64,0,0
EQgB5Cl_g8c,IRA Hyde Park bombing victim speaks of lasting trauma,ExpressandStarNews,News & Politics,134,0,0
8VlFZmCt7jU,The Left Hand Is Losing Its Power Tacky Ass Crisis Actors,therefore be Zealous,Education,8,0,0
11yEg20XXr4,Just Some E-MAILS ?? Watch to the End!,Repeal Politics,People & Blogs,57,0,0
GalhLaJ-YYo,CURIOSAS DECLARACIONES DE GEORGE BUSH SOBRE BOMBAS EN MARATON DE BOSTON 2 DE MAYO 2013,juan carlos casado,News & Politics,146,0,0
bnJrITyJrhY,THEY LAUGH At Us by A Call For An Uprising,Love4God,Education,63,0,0
MijMzAZn040,Russia sends most advanced jets to Syria after US F 22 deployment,question772000,People & Blogs,5,0,0
KsQ0LxpV2lE,Look very very closely (best jumpscare ever),tahsin99999999,Film & Animation,823,0,1
bdRKJLOz1XE,How to clean bumper & Electronic Eye & Electrode | ILIFE V7/s Robot Vacuum,ILIFE Robot,Science & Technology,667,0,0
Wo7blLKZ7CE,360 camera at popeyes,Justin Chapman,Entertainment,4,0,0
Z_AAP31wmD4,skull and bones behind the Las Vegas Shooting,bill1224601,News & Politics,784,,
OdjSm8aMQUc,Tranny Super Freak. Rick James.,Apostle Laura Lee - Church of Philadelphia,Education,2622,,
q6eZep2E_f8,Seven-Year-Old Actress Brooklynn Prince on The Florida Project,Jimmy Kimmel Live,Entertainment,299075,,
S5ZaAU0HEVM,Debbie Harry. BIG Jaw. Hips? Not so much.,Apostle Laura Lee - Church of Philadelphia,Education,3636,,
KvoBXXNY2SA,David Hogg - Misinformation floating around Facebook.- Reupload Fixed the sound,Nx2overide,People & Blogs,4605,,
v7gzAZzhRvs,RIP To Player Supreme with respect,bill1224601,News & Politics,723,,
ct0qOAMHAE8,Torben Admits FALSE TONGUES,Apostle Laura Lee - Church of Philadelphia,Education,4585,,
LlOWCyJTREA,What is PHOTONIC INTEGRATED CIRCUIT? What does PHOTONIC INTEGRATED CIRCUIT mean?,The Audiopedia,Education,4,,
JnUmCpXvCXI,What is GLASSPACK? What does GLASSPACK mean? GLASSPACK meaning  definition & explanation,The Audiopedia,Education,4,,
1E6xRvxQc90,What is INFINITY MIRROR? What does INFINITY MIRROR mean? INFINITY MIRROR meaning & explanation,The Audiopedia,Education,1,,
EPso4UhAPKc,What is FIRST-CLASS CRICKET? What does FIRST-CLASS CRICKET mean? FIRST-CLASS CRICKET meaning,The Audiopedia,Education,7,,
cVihn5fYesM,Columbine Evidence For Prosecution Of The Hoax,RichardBDawson,News & Politics,3047,,
98LwxC5SDgc,LIVE: Press statement following shooting near NSA headquarters in Fort Meade,Ruptly,News & Politics,1108,,
o8msuVpByPw,"#Houston #Illuminati truth Exposed! - rape confession video & eye gouging done by Freemasons?",MEET Magazine,Entertainment,43126,,
OrJUzEBJRIw,Satanic Ritual Abuse at Oral Roberts University,DJ7SUPER7,Nonprofits & Activism,67254,,
pDgoIrlL7vc,IS THERE a San Bernardino  Crime Scene  ?,NowTheTruthTV-10,People & Blogs,1068,,
hgrZRqxBG8c,Elon Musk Inadvertently EXPOSED The New World Order Agenda For Paris Agreement,Redsilverj,People & Blogs,21380,,
OEqIWngI6NA,Eric Dubay: The South Pole Does Not Exist,Planet Plane,Science & Technology,15979,,
zbXESt_Rkx0,raped at 15 degrassi zoe and paige,Melody Manson,Film & Animation,348074,,
3jc6iyAxiME,RED RED RED ALERT! MYSTIC ELITES ANTIFA NAZI NEW WORLD ORDER MARTIAL LAW,Honest News Network,Education,2752,,
EdP7d8Lw1Ik,Best Case Timelines & Hoaxes - 9/11 hoax / nice hoax / pulse hoax / Sandy hoax / france hoaxes,Scattelinha,People & Blogs,391,,
dvLW3IBHHvA,The Great Zapruder Film Hoax - 1/6,AlBoesch,Education,95859,,
IHhe2FhJSVM,The EU Whitehall Farce: Actors On Their Stage - The David Icke Videocast,David Icke,News & Politics,63937,,
ttbED3LhxHg,Final End Time Revelations Being Poured Out Be Ready 1 Of 7,Minister Paul,Nonprofits & Activism,2319,,
C3Mb8QcxEjY,Floyd Mayweather - Top 5 Savage Moments,14 999 999 views,Sports,1202916,,
VNnu_fiCkqM,DHS Agent Says: U.S. To Collapse Within 6 Weeks! (Video),Lyn Leahz,News & Politics,32431,,
i5cYI7XGSmg,Important Questions for Globe Believers continued... Sun Switch,AGAVE1969,Science & Technology,154,,
DTgC8yQWhc0,New! Industrial  EBM  Gothic  Synthpop  Darkwave (In The Bloodlit Dark! February-26-2017),Bloodlit Radio,Music,4514,,
9k_qFPDreMs,Garland ISD: 2018 GISD District Spelling Bee,Garland ISD,Education,2969,,
lDGecxTZivk,What is ADVANCED CONTENT? What does ADVANCED CONTENT mean? ADVANCED CONTENT meaning,The Audiopedia,Education,5,,
eHTddBxWZI4,What is CHRISTMAS BIRD COUNT? What does CHRISTMAS BIRD COUNT mean? CHRISTMAS BIRD COUNT meaning,The Audiopedia,Education,5,,
N9AEGF8Uyz8,Pastor Gino Jennings: Tony Smith No Show,chevytheplayer,Nonprofits & Activism,192264,,
WuADrHLKthY,Congrats Dwayne,Diana Boston,Education,842,,
dc_26626nL0,ILLUMINATI HIP HOP BLOOD SACRIFICES EXPOSED.flv,Nicolx Ent.,Entertainment,555468,1103,179
yAvLAsyTVC0,How To Use A Kinetic Bullet Puller,ArcherAce2,Sports,146081,110,9
jEEuxTlwntA,Why Lesbians Become Lesbians,LionWarrior28,Entertainment,227,4,5
